<?xml version="1.0" encoding="UTF-8"?>
<kml xmlns="http://www.opengis.net/kml/2.2">
  <Document>
    <name>Military LGBTQ+ Resources</name>
    <description>A list of LGBTQ+ resources near Active DoD Installations</description>
    <Style id="icon-1502-097138-labelson-nodesc">
      <IconStyle>
        <scale>1</scale>
        <Icon>
          <href>images/icon-9.png</href>
        </Icon>
      </IconStyle>
      <BalloonStyle>
        <text><![CDATA[<h3>$[name]</h3>]]></text>
      </BalloonStyle>
    </Style>
    <Style id="icon-1502-1A237E-nodesc-normal">
      <IconStyle>
        <scale>1</scale>
        <Icon>
          <href>images/icon-10.png</href>
        </Icon>
      </IconStyle>
      <LabelStyle>
        <scale>0</scale>
      </LabelStyle>
      <BalloonStyle>
        <text><![CDATA[<h3>$[name]</h3>]]></text>
      </BalloonStyle>
    </Style>
    <Style id="icon-1502-1A237E-nodesc-highlight">
      <IconStyle>
        <scale>1</scale>
        <Icon>
          <href>images/icon-10.png</href>
        </Icon>
      </IconStyle>
      <LabelStyle>
        <scale>1</scale>
      </LabelStyle>
      <BalloonStyle>
        <text><![CDATA[<h3>$[name]</h3>]]></text>
      </BalloonStyle>
    </Style>
    <StyleMap id="icon-1502-1A237E-nodesc">
      <Pair>
        <key>normal</key>
        <styleUrl>#icon-1502-1A237E-nodesc-normal</styleUrl>
      </Pair>
      <Pair>
        <key>highlight</key>
        <styleUrl>#icon-1502-1A237E-nodesc-highlight</styleUrl>
      </Pair>
    </StyleMap>
    <Style id="icon-1502-3949AB-labelson-nodesc">
      <IconStyle>
        <scale>1</scale>
        <Icon>
          <href>images/icon-1.png</href>
        </Icon>
      </IconStyle>
      <BalloonStyle>
        <text><![CDATA[<h3>$[name]</h3>]]></text>
      </BalloonStyle>
    </Style>
    <Style id="icon-1558-0097A7-labelson">
      <IconStyle>
        <scale>1</scale>
        <Icon>
          <href>images/icon-3.png</href>
        </Icon>
      </IconStyle>
    </Style>
    <Style id="icon-1558-0097A7-labelson-nodesc">
      <IconStyle>
        <scale>1</scale>
        <Icon>
          <href>images/icon-3.png</href>
        </Icon>
      </IconStyle>
      <BalloonStyle>
        <text><![CDATA[<h3>$[name]</h3>]]></text>
      </BalloonStyle>
    </Style>
    <Style id="icon-1734-FF5252-labelson-nodesc">
      <IconStyle>
        <scale>1</scale>
        <Icon>
          <href>images/icon-5.png</href>
        </Icon>
      </IconStyle>
      <BalloonStyle>
        <text><![CDATA[<h3>$[name]</h3>]]></text>
      </BalloonStyle>
    </Style>
    <Style id="icon-1737-097138-labelson">
      <IconStyle>
        <scale>1</scale>
        <Icon>
          <href>images/icon-7.png</href>
        </Icon>
      </IconStyle>
    </Style>
    <Style id="icon-1737-097138-labelson-nodesc">
      <IconStyle>
        <scale>1</scale>
        <Icon>
          <href>images/icon-7.png</href>
        </Icon>
      </IconStyle>
      <BalloonStyle>
        <text><![CDATA[<h3>$[name]</h3>]]></text>
      </BalloonStyle>
    </Style>
    <Style id="icon-1742-FBC02D-labelson-nodesc">
      <IconStyle>
        <scale>1</scale>
        <Icon>
          <href>images/icon-6.png</href>
        </Icon>
      </IconStyle>
      <BalloonStyle>
        <text><![CDATA[<h3>$[name]</h3>]]></text>
      </BalloonStyle>
    </Style>
    <Style id="icon-1820-097138-labelson">
      <IconStyle>
        <scale>1</scale>
        <Icon>
          <href>images/icon-8.png</href>
        </Icon>
      </IconStyle>
    </Style>
    <Style id="icon-1899-9C27B0-labelson">
      <IconStyle>
        <scale>1</scale>
        <Icon>
          <href>images/icon-4.png</href>
        </Icon>
        <hotSpot x="32" xunits="pixels" y="64" yunits="insetPixels"/>
      </IconStyle>
    </Style>
    <Style id="icon-1899-9C27B0-labelson-nodesc">
      <IconStyle>
        <scale>1</scale>
        <Icon>
          <href>images/icon-4.png</href>
        </Icon>
        <hotSpot x="32" xunits="pixels" y="64" yunits="insetPixels"/>
      </IconStyle>
      <BalloonStyle>
        <text><![CDATA[<h3>$[name]</h3>]]></text>
      </BalloonStyle>
    </Style>
    <Style id="icon-1899-E65100-labelson">
      <IconStyle>
        <scale>1</scale>
        <Icon>
          <href>images/icon-2.png</href>
        </Icon>
        <hotSpot x="32" xunits="pixels" y="64" yunits="insetPixels"/>
      </IconStyle>
    </Style>
    <Style id="icon-1899-E65100-labelson-nodesc">
      <IconStyle>
        <scale>1</scale>
        <Icon>
          <href>images/icon-2.png</href>
        </Icon>
        <hotSpot x="32" xunits="pixels" y="64" yunits="insetPixels"/>
      </IconStyle>
      <BalloonStyle>
        <text><![CDATA[<h3>$[name]</h3>]]></text>
      </BalloonStyle>
    </Style>
    <Folder>
      <name>DAF Installations</name>
      <Placemark>
        <name>Altus Air Force Base</name>
        <styleUrl>#icon-1502-3949AB-labelson-nodesc</styleUrl>
        <Point>
          <coordinates>
            -99.2880569,34.6552304,0
          </coordinates>
        </Point>
      </Placemark>
      <Placemark>
        <name>Arnold Air Force Base</name>
        <styleUrl>#icon-1502-3949AB-labelson-nodesc</styleUrl>
        <Point>
          <coordinates>
            -86.0494122,35.3788236,0
          </coordinates>
        </Point>
      </Placemark>
      <Placemark>
        <name>Barksdale Air Force Base</name>
        <styleUrl>#icon-1502-3949AB-labelson-nodesc</styleUrl>
        <Point>
          <coordinates>
            -93.6571416,32.5018595,0
          </coordinates>
        </Point>
      </Placemark>
      <Placemark>
        <name>Beale Air Force Base</name>
        <styleUrl>#icon-1502-3949AB-labelson-nodesc</styleUrl>
        <Point>
          <coordinates>
            -121.3598812,39.111504,0
          </coordinates>
        </Point>
      </Placemark>
      <Placemark>
        <name>Buckley Space Force Base</name>
        <styleUrl>#icon-1502-3949AB-labelson-nodesc</styleUrl>
        <Point>
          <coordinates>
            -104.7579278,39.7025365,0
          </coordinates>
        </Point>
      </Placemark>
      <Placemark>
        <name>Cannon Air Force Base</name>
        <styleUrl>#icon-1502-3949AB-labelson-nodesc</styleUrl>
        <Point>
          <coordinates>
            -103.3183038,34.3897838,0
          </coordinates>
        </Point>
      </Placemark>
      <Placemark>
        <name>Columbus Air Force Base</name>
        <styleUrl>#icon-1502-3949AB-labelson-nodesc</styleUrl>
        <Point>
          <coordinates>
            -88.4500789,33.6414733,0
          </coordinates>
        </Point>
      </Placemark>
      <Placemark>
        <name>Creech Air Force Base</name>
        <styleUrl>#icon-1502-3949AB-labelson-nodesc</styleUrl>
        <Point>
          <coordinates>
            -115.6582085,36.578108,0
          </coordinates>
        </Point>
      </Placemark>
      <Placemark>
        <name>Davis Monthan Air Force Base</name>
        <styleUrl>#icon-1502-3949AB-labelson-nodesc</styleUrl>
        <Point>
          <coordinates>
            -110.8681253,32.1614426,0
          </coordinates>
        </Point>
      </Placemark>
      <Placemark>
        <name>Dover Air Force Base</name>
        <styleUrl>#icon-1502-3949AB-labelson-nodesc</styleUrl>
        <Point>
          <coordinates>
            -75.4715525,39.1248434,0
          </coordinates>
        </Point>
      </Placemark>
      <Placemark>
        <name>Dyess Air Force Base</name>
        <styleUrl>#icon-1502-3949AB-labelson-nodesc</styleUrl>
        <Point>
          <coordinates>
            -99.8418696,32.422379,0
          </coordinates>
        </Point>
      </Placemark>
      <Placemark>
        <name>Edwards Air Force Base</name>
        <styleUrl>#icon-1502-3949AB-labelson-nodesc</styleUrl>
        <Point>
          <coordinates>
            -117.8912085,34.9240314,0
          </coordinates>
        </Point>
      </Placemark>
      <Placemark>
        <name>Eglin Air Force Base</name>
        <styleUrl>#icon-1502-3949AB-labelson-nodesc</styleUrl>
        <Point>
          <coordinates>
            -86.5533382,30.4635583,0
          </coordinates>
        </Point>
      </Placemark>
      <Placemark>
        <name>Eielson Air Force Base</name>
        <styleUrl>#icon-1502-3949AB-labelson-nodesc</styleUrl>
        <Point>
          <coordinates>
            -147.099219,64.6638356,0
          </coordinates>
        </Point>
      </Placemark>
      <Placemark>
        <name>Ellsworth Air Force Base</name>
        <styleUrl>#icon-1502-3949AB-labelson-nodesc</styleUrl>
        <Point>
          <coordinates>
            -103.0748767,44.1463938,0
          </coordinates>
        </Point>
      </Placemark>
      <Placemark>
        <name>Fairchild Air Force Base</name>
        <styleUrl>#icon-1502-3949AB-labelson-nodesc</styleUrl>
        <Point>
          <coordinates>
            -117.6438555,47.6182629,0
          </coordinates>
        </Point>
      </Placemark>
      <Placemark>
        <name>F.E. Warren Air Force Base</name>
        <styleUrl>#icon-1502-3949AB-labelson-nodesc</styleUrl>
        <Point>
          <coordinates>
            -104.8629746,41.1446846,0
          </coordinates>
        </Point>
      </Placemark>
      <Placemark>
        <name>Goodfellow Air Force Base</name>
        <styleUrl>#icon-1502-3949AB-labelson-nodesc</styleUrl>
        <Point>
          <coordinates>
            -100.4003209,31.4346088,0
          </coordinates>
        </Point>
      </Placemark>
      <Placemark>
        <name>Grand Forks Air Force Base</name>
        <styleUrl>#icon-1502-3949AB-labelson-nodesc</styleUrl>
        <Point>
          <coordinates>
            -97.3824492,47.9525204,0
          </coordinates>
        </Point>
      </Placemark>
      <Placemark>
        <name>Hanscom Air Force Base</name>
        <styleUrl>#icon-1502-3949AB-labelson-nodesc</styleUrl>
        <Point>
          <coordinates>
            -71.2766852,42.457231,0
          </coordinates>
        </Point>
      </Placemark>
      <Placemark>
        <name>Hill Air Force Base</name>
        <styleUrl>#icon-1502-3949AB-labelson-nodesc</styleUrl>
        <Point>
          <coordinates>
            -111.9939817,41.1321102,0
          </coordinates>
        </Point>
      </Placemark>
      <Placemark>
        <name>Holloman Air Force Base</name>
        <styleUrl>#icon-1502-3949AB-labelson-nodesc</styleUrl>
        <Point>
          <coordinates>
            -106.099291,32.8440404,0
          </coordinates>
        </Point>
      </Placemark>
      <Placemark>
        <name>Hurlburt Field</name>
        <styleUrl>#icon-1502-3949AB-labelson-nodesc</styleUrl>
        <Point>
          <coordinates>
            -86.6949711,30.4236556,0
          </coordinates>
        </Point>
      </Placemark>
      <Placemark>
        <name>Joint Base Andrews</name>
        <styleUrl>#icon-1502-3949AB-labelson-nodesc</styleUrl>
        <Point>
          <coordinates>
            -76.8836261,38.7965203,0
          </coordinates>
        </Point>
      </Placemark>
      <Placemark>
        <name>Joint Base Charleston</name>
        <styleUrl>#icon-1502-3949AB-labelson-nodesc</styleUrl>
        <Point>
          <coordinates>
            -80.0691552,32.8909785,0
          </coordinates>
        </Point>
      </Placemark>
      <Placemark>
        <name>Joint Base Elmendorf-Richardson</name>
        <styleUrl>#icon-1502-3949AB-labelson-nodesc</styleUrl>
        <Point>
          <coordinates>
            -149.6980309,61.2625866,0
          </coordinates>
        </Point>
      </Placemark>
      <Placemark>
        <name>Joint Base Pearl Harbor-Hickam</name>
        <styleUrl>#icon-1502-3949AB-labelson-nodesc</styleUrl>
        <Point>
          <coordinates>
            -157.94377,21.3473226,0
          </coordinates>
        </Point>
      </Placemark>
      <Placemark>
        <name>JBSA Randolph</name>
        <styleUrl>#icon-1502-3949AB-labelson-nodesc</styleUrl>
        <Point>
          <coordinates>
            -98.2802362,29.5324181,0
          </coordinates>
        </Point>
      </Placemark>
      <Placemark>
        <name>Joint Base Lewis-McChord</name>
        <styleUrl>#icon-1502-3949AB-labelson-nodesc</styleUrl>
        <Point>
          <coordinates>
            -122.529389,47.1095037,0
          </coordinates>
        </Point>
      </Placemark>
      <Placemark>
        <name>Keesler Air Force Base</name>
        <styleUrl>#icon-1502-3949AB-labelson-nodesc</styleUrl>
        <Point>
          <coordinates>
            -88.9262262,30.409731,0
          </coordinates>
        </Point>
      </Placemark>
      <Placemark>
        <name>Kirtland Air Force Base</name>
        <styleUrl>#icon-1502-3949AB-labelson-nodesc</styleUrl>
        <Point>
          <coordinates>
            -106.5112712,35.0128396,0
          </coordinates>
        </Point>
      </Placemark>
      <Placemark>
        <name>Langley Air Force Base</name>
        <styleUrl>#icon-1502-3949AB-labelson-nodesc</styleUrl>
        <Point>
          <coordinates>
            -76.3592241,37.0835074,0
          </coordinates>
        </Point>
      </Placemark>
      <Placemark>
        <name>Little Rock Air Force Base</name>
        <styleUrl>#icon-1502-3949AB-labelson-nodesc</styleUrl>
        <Point>
          <coordinates>
            -92.1446849,34.8964136,0
          </coordinates>
        </Point>
      </Placemark>
      <Placemark>
        <name>Los Angeles Air Force Base</name>
        <styleUrl>#icon-1502-3949AB-labelson-nodesc</styleUrl>
        <Point>
          <coordinates>
            -118.381147,33.91903,0
          </coordinates>
        </Point>
      </Placemark>
      <Placemark>
        <name>Luke Air Force Base</name>
        <styleUrl>#icon-1502-3949AB-labelson-nodesc</styleUrl>
        <Point>
          <coordinates>
            -112.3585753,33.544783,0
          </coordinates>
        </Point>
      </Placemark>
      <Placemark>
        <name>MacDill Air Force Base</name>
        <styleUrl>#icon-1502-3949AB-labelson-nodesc</styleUrl>
        <Point>
          <coordinates>
            -82.4870598,27.857544,0
          </coordinates>
        </Point>
      </Placemark>
      <Placemark>
        <name>Malmstrom Air Force Base</name>
        <styleUrl>#icon-1502-3949AB-labelson-nodesc</styleUrl>
        <Point>
          <coordinates>
            -111.1790622,47.5042584,0
          </coordinates>
        </Point>
      </Placemark>
      <Placemark>
        <name>Maxwell Air Force Base</name>
        <styleUrl>#icon-1502-3949AB-labelson-nodesc</styleUrl>
        <Point>
          <coordinates>
            -86.3502178,32.3769161,0
          </coordinates>
        </Point>
      </Placemark>
      <Placemark>
        <name>McConnell Air Force Base</name>
        <styleUrl>#icon-1502-3949AB-labelson-nodesc</styleUrl>
        <Point>
          <coordinates>
            -97.2514246,37.631893,0
          </coordinates>
        </Point>
      </Placemark>
      <Placemark>
        <name>McGuire Air Force Base</name>
        <styleUrl>#icon-1502-3949AB-labelson-nodesc</styleUrl>
        <Point>
          <coordinates>
            -74.5844061,40.0351776,0
          </coordinates>
        </Point>
      </Placemark>
      <Placemark>
        <name>Minot Air Force Base</name>
        <styleUrl>#icon-1502-3949AB-labelson-nodesc</styleUrl>
        <Point>
          <coordinates>
            -101.3386723,48.4157509,0
          </coordinates>
        </Point>
      </Placemark>
      <Placemark>
        <name>Moody Air Force Base</name>
        <styleUrl>#icon-1502-3949AB-labelson-nodesc</styleUrl>
        <Point>
          <coordinates>
            -83.2145488,30.9782698,0
          </coordinates>
        </Point>
      </Placemark>
      <Placemark>
        <name>Mountain Home Air Force Base</name>
        <styleUrl>#icon-1502-3949AB-labelson-nodesc</styleUrl>
        <Point>
          <coordinates>
            -115.8619784,43.0444129,0
          </coordinates>
        </Point>
      </Placemark>
      <Placemark>
        <name>Nellis Air Force Base</name>
        <styleUrl>#icon-1502-3949AB-labelson-nodesc</styleUrl>
        <Point>
          <coordinates>
            -115.0542759,36.2406295,0
          </coordinates>
        </Point>
      </Placemark>
      <Placemark>
        <name>Offutt Air Force Base</name>
        <styleUrl>#icon-1502-3949AB-labelson-nodesc</styleUrl>
        <Point>
          <coordinates>
            -95.9145568,41.1242718,0
          </coordinates>
        </Point>
      </Placemark>
      <Placemark>
        <name>Patrick Space Force Base</name>
        <styleUrl>#icon-1502-3949AB-labelson-nodesc</styleUrl>
        <Point>
          <coordinates>
            -80.6075172,28.2394645,0
          </coordinates>
        </Point>
      </Placemark>
      <Placemark>
        <name>Peterson Space Force Base</name>
        <styleUrl>#icon-1502-3949AB-labelson-nodesc</styleUrl>
        <Point>
          <coordinates>
            -104.6995991,38.8256561,0
          </coordinates>
        </Point>
      </Placemark>
      <Placemark>
        <name>Pope Field/Fort Liberty
</name>
        <styleUrl>#icon-1502-3949AB-labelson-nodesc</styleUrl>
        <Point>
          <coordinates>
            -79.0145008,35.1708796,0
          </coordinates>
        </Point>
      </Placemark>
      <Placemark>
        <name>Robins Air Force Base</name>
        <styleUrl>#icon-1502-3949AB-labelson-nodesc</styleUrl>
        <Point>
          <coordinates>
            -83.591719,32.6400014,0
          </coordinates>
        </Point>
      </Placemark>
      <Placemark>
        <name>Scott Air Force Base</name>
        <styleUrl>#icon-1502-3949AB-labelson-nodesc</styleUrl>
        <Point>
          <coordinates>
            -89.8551818,38.5426987,0
          </coordinates>
        </Point>
      </Placemark>
      <Placemark>
        <name>Schriever Space Force Base</name>
        <styleUrl>#icon-1502-3949AB-labelson-nodesc</styleUrl>
        <Point>
          <coordinates>
            -104.5131034,38.7977073,0
          </coordinates>
        </Point>
      </Placemark>
      <Placemark>
        <name>Seymour Johnson Air Force Base</name>
        <styleUrl>#icon-1502-3949AB-labelson-nodesc</styleUrl>
        <Point>
          <coordinates>
            -77.9615323,35.340096,0
          </coordinates>
        </Point>
      </Placemark>
      <Placemark>
        <name>Shaw Air Force Base</name>
        <styleUrl>#icon-1502-3949AB-labelson-nodesc</styleUrl>
        <Point>
          <coordinates>
            -80.4692433,33.9738685,0
          </coordinates>
        </Point>
      </Placemark>
      <Placemark>
        <name>Sheppard Air Force Base</name>
        <styleUrl>#icon-1502-3949AB-labelson-nodesc</styleUrl>
        <Point>
          <coordinates>
            -98.5068511,33.9720185,0
          </coordinates>
        </Point>
      </Placemark>
      <Placemark>
        <name>Tinker Air Force Base</name>
        <styleUrl>#icon-1502-3949AB-labelson-nodesc</styleUrl>
        <Point>
          <coordinates>
            -97.4048492,35.4195067,0
          </coordinates>
        </Point>
      </Placemark>
      <Placemark>
        <name>Travis Air Force Base</name>
        <styleUrl>#icon-1502-3949AB-labelson-nodesc</styleUrl>
        <Point>
          <coordinates>
            -121.9398577,38.2721187,0
          </coordinates>
        </Point>
      </Placemark>
      <Placemark>
        <name>Tyndall Air Force Base</name>
        <styleUrl>#icon-1502-3949AB-labelson-nodesc</styleUrl>
        <Point>
          <coordinates>
            -85.6075064,30.0800072,0
          </coordinates>
        </Point>
      </Placemark>
      <Placemark>
        <name>United States Air Force Academy</name>
        <styleUrl>#icon-1502-3949AB-labelson-nodesc</styleUrl>
        <Point>
          <coordinates>
            -104.8613176,38.9983094,0
          </coordinates>
        </Point>
      </Placemark>
      <Placemark>
        <name>Vance Air Force Base</name>
        <styleUrl>#icon-1502-3949AB-labelson-nodesc</styleUrl>
        <Point>
          <coordinates>
            -97.9130609,36.3393001,0
          </coordinates>
        </Point>
      </Placemark>
      <Placemark>
        <name>Vandenberg Space Force Base</name>
        <styleUrl>#icon-1502-3949AB-labelson-nodesc</styleUrl>
        <Point>
          <coordinates>
            -120.520532,34.7508627,0
          </coordinates>
        </Point>
      </Placemark>
      <Placemark>
        <name>Whiteman Air Force Base</name>
        <styleUrl>#icon-1502-3949AB-labelson-nodesc</styleUrl>
        <Point>
          <coordinates>
            -93.5605515,38.7289955,0
          </coordinates>
        </Point>
      </Placemark>
      <Placemark>
        <name>Wright-Patterson Air Force Base</name>
        <styleUrl>#icon-1502-3949AB-labelson-nodesc</styleUrl>
        <Point>
          <coordinates>
            -84.0537448,39.8137298,0
          </coordinates>
        </Point>
      </Placemark>
    </Folder>
    <Folder>
      <name>STI Testing</name>
      <Placemark>
        <name>Sunburst Projects</name>
        <styleUrl>#icon-1899-E65100-labelson-nodesc</styleUrl>
        <Point>
          <coordinates>
            -121.4163631,38.5891882,0
          </coordinates>
        </Point>
      </Placemark>
      <Placemark>
        <name>Center For Sexual Medicine</name>
        <styleUrl>#icon-1899-E65100-labelson-nodesc</styleUrl>
        <Point>
          <coordinates>
            -90.3746147,38.5111663,0
          </coordinates>
        </Point>
      </Placemark>
      <Placemark>
        <name>ST. LOUIS EFFORT FOR AIDS</name>
        <styleUrl>#icon-1899-E65100-labelson-nodesc</styleUrl>
        <Point>
          <coordinates>
            -90.2156368,38.6347198,0
          </coordinates>
        </Point>
      </Placemark>
      <Placemark>
        <name>Anchorage Health Department</name>
        <styleUrl>#icon-1899-E65100-labelson-nodesc</styleUrl>
        <Point>
          <coordinates>
            -149.9031982,61.2141725,0
          </coordinates>
        </Point>
      </Placemark>
      <Placemark>
        <name>Central District Health (CDH)</name>
        <styleUrl>#icon-1899-E65100-labelson-nodesc</styleUrl>
        <Point>
          <coordinates>
            -116.3103808,43.6115832,0
          </coordinates>
        </Point>
      </Placemark>
      <Placemark>
        <name>Project Ark</name>
        <styleUrl>#icon-1899-E65100-labelson-nodesc</styleUrl>
        <Point>
          <coordinates>
            -90.2490772,38.6378806,0
          </coordinates>
        </Point>
      </Placemark>
      <Placemark>
        <name>Arlington County Dept. of Human Services</name>
        <description>https://www.arlingtonva.us/Government/Programs/Health/Public-Health/Health-Clinics-and-Services/HIVSTI-Clinics-Services</description>
        <styleUrl>#icon-1899-E65100-labelson</styleUrl>
        <Point>
          <coordinates>
            -77.0831458,38.8733234,0
          </coordinates>
        </Point>
      </Placemark>
      <Placemark>
        <name>Std Clinic</name>
        <styleUrl>#icon-1899-E65100-labelson-nodesc</styleUrl>
        <Point>
          <coordinates>
            -90.506912,38.775274,0
          </coordinates>
        </Point>
      </Placemark>
      <Placemark>
        <name>Center For Sexual Health</name>
        <styleUrl>#icon-1899-E65100-labelson-nodesc</styleUrl>
        <Point>
          <coordinates>
            -90.4420272,38.6632295,0
          </coordinates>
        </Point>
      </Placemark>
      <Placemark>
        <name>South Dakota Department of Health Office of Disease Prevention Services</name>
        <styleUrl>#icon-1899-E65100-labelson-nodesc</styleUrl>
        <Point>
          <coordinates>
            -103.2180508,44.1112933,0
          </coordinates>
        </Point>
      </Placemark>
      <Placemark>
        <name>Idaho Department of Health and Welfare</name>
        <styleUrl>#icon-1899-E65100-labelson-nodesc</styleUrl>
        <Point>
          <coordinates>
            -115.6936666,43.1378396,0
          </coordinates>
        </Point>
      </Placemark>
      <Placemark>
        <name>Fairbanks Public Health Center</name>
        <styleUrl>#icon-1899-E65100-labelson-nodesc</styleUrl>
        <Point>
          <coordinates>
            -147.7268586,64.837636,0
          </coordinates>
        </Point>
      </Placemark>
      <Placemark>
        <name>Arkansas Department of Health</name>
        <styleUrl>#icon-1899-E65100-labelson-nodesc</styleUrl>
        <Point>
          <coordinates>
            -92.3264353,34.7509623,0
          </coordinates>
        </Point>
      </Placemark>
      <Placemark>
        <name>Village Public Health</name>
        <styleUrl>#icon-1899-E65100-labelson-nodesc</styleUrl>
        <Point>
          <coordinates>
            -92.3399137,34.7589733,0
          </coordinates>
        </Point>
      </Placemark>
      <Placemark>
        <name>FIVE HORIZONS HEALTH SERVICES</name>
        <styleUrl>#icon-1899-E65100-labelson-nodesc</styleUrl>
        <Point>
          <coordinates>
            -86.2623948,32.3374818,0
          </coordinates>
        </Point>
      </Placemark>
      <Placemark>
        <name>Montgomery County Health Department</name>
        <styleUrl>#icon-1899-E65100-labelson-nodesc</styleUrl>
        <Point>
          <coordinates>
            -86.3397194,32.3493391,0
          </coordinates>
        </Point>
      </Placemark>
      <Placemark>
        <name>Tacoma-Pierce County Health Department</name>
        <styleUrl>#icon-1899-E65100-labelson-nodesc</styleUrl>
        <Point>
          <coordinates>
            -122.4346777,47.2251556,0
          </coordinates>
        </Point>
      </Placemark>
      <Placemark>
        <name>UAF Legacy Health</name>
        <styleUrl>#icon-1899-E65100-labelson-nodesc</styleUrl>
        <Point>
          <coordinates>
            -111.8628671,40.7661673,0
          </coordinates>
        </Point>
      </Placemark>
      <Placemark>
        <name>Spokane Regional Health District</name>
        <styleUrl>#icon-1899-E65100-labelson-nodesc</styleUrl>
        <Point>
          <coordinates>
            -117.4283671,47.6630995,0
          </coordinates>
        </Point>
      </Placemark>
      <Placemark>
        <name>Alluvion Health</name>
        <styleUrl>#icon-1899-E65100-labelson-nodesc</styleUrl>
        <Point>
          <coordinates>
            -111.296879,47.5066343,0
          </coordinates>
        </Point>
      </Placemark>
      <Placemark>
        <name>Dakota Hope Clinic</name>
        <styleUrl>#icon-1899-E65100-labelson-nodesc</styleUrl>
        <Point>
          <coordinates>
            -101.292575,48.232905,0
          </coordinates>
        </Point>
      </Placemark>
      <Placemark>
        <name>Spectra Health</name>
        <styleUrl>#icon-1899-E65100-labelson-nodesc</styleUrl>
        <Point>
          <coordinates>
            -97.0281733,47.9221976,0
          </coordinates>
        </Point>
      </Placemark>
      <Placemark>
        <name>First District Health Unit</name>
        <styleUrl>#icon-1899-E65100-labelson-nodesc</styleUrl>
        <Point>
          <coordinates>
            -101.3041559,48.2250828,0
          </coordinates>
        </Point>
      </Placemark>
      <Placemark>
        <name><![CDATA[Public Health & Human Services Department]]></name>
        <styleUrl>#icon-1899-E65100-labelson-nodesc</styleUrl>
        <Point>
          <coordinates>
            -111.2752606,47.4937856,0
          </coordinates>
        </Point>
      </Placemark>
      <Placemark>
        <name>Idaho Health Screening Boise</name>
        <styleUrl>#icon-1899-E65100-labelson-nodesc</styleUrl>
        <Point>
          <coordinates>
            -116.2991261,43.6770699,0
          </coordinates>
        </Point>
      </Placemark>
      <Placemark>
        <name>Weber-Morgan Health Department</name>
        <styleUrl>#icon-1899-E65100-labelson-nodesc</styleUrl>
        <Point>
          <coordinates>
            -111.968126,41.2246008,0
          </coordinates>
        </Point>
      </Placemark>
      <Placemark>
        <name>Family Planning</name>
        <description>https://knowyo.org/clinics/laramie-county-family-planning-cheyenne/</description>
        <styleUrl>#icon-1899-E65100-labelson</styleUrl>
        <Point>
          <coordinates>
            -104.8078933,41.1198697,0
          </coordinates>
        </Point>
      </Placemark>
      <Placemark>
        <name>Douglas County Health Department</name>
        <styleUrl>#icon-1899-E65100-labelson-nodesc</styleUrl>
        <Point>
          <coordinates>
            -104.880857,39.536963,0
          </coordinates>
        </Point>
      </Placemark>
      <Placemark>
        <name>Douglas County Health Department</name>
        <styleUrl>#icon-1899-E65100-labelson-nodesc</styleUrl>
        <Point>
          <coordinates>
            -104.8632027,39.3638864,0
          </coordinates>
        </Point>
      </Placemark>
      <Placemark>
        <name>Denver Health Outpatient Medical Center</name>
        <styleUrl>#icon-1899-E65100-labelson-nodesc</styleUrl>
        <Point>
          <coordinates>
            -104.9900451,39.7268947,0
          </coordinates>
        </Point>
      </Placemark>
      <Placemark>
        <name>Hey 719</name>
        <description>https://coloradohealthnetwork.org/hiv-hvc-sti-testing/</description>
        <styleUrl>#icon-1899-E65100-labelson</styleUrl>
        <Point>
          <coordinates>
            -104.8593011,38.8455475,0
          </coordinates>
        </Point>
      </Placemark>
      <Placemark>
        <name><![CDATA[Columbia/Boone County Public Health & Human Services]]></name>
        <styleUrl>#icon-1899-E65100-labelson-nodesc</styleUrl>
        <Point>
          <coordinates>
            -92.3539038,38.9598922,0
          </coordinates>
        </Point>
      </Placemark>
      <Placemark>
        <name>Equitas Health Dayton Medical Center</name>
        <styleUrl>#icon-1899-E65100-labelson-nodesc</styleUrl>
        <Point>
          <coordinates>
            -84.1912695,39.7404236,0
          </coordinates>
        </Point>
      </Placemark>
      <Placemark>
        <name><![CDATA[Public Health - Dayton & Montgomery County]]></name>
        <styleUrl>#icon-1899-E65100-labelson-nodesc</styleUrl>
        <Point>
          <coordinates>
            -84.1918639,39.7574518,0
          </coordinates>
        </Point>
      </Placemark>
      <Placemark>
        <name>Department of Preventive Medicine and Public Health</name>
        <styleUrl>#icon-1899-E65100-labelson-nodesc</styleUrl>
        <Point>
          <coordinates>
            -97.3159727,37.7017715,0
          </coordinates>
        </Point>
      </Placemark>
      <Placemark>
        <name>Huntington Testing Center</name>
        <styleUrl>#icon-1899-E65100-labelson-nodesc</styleUrl>
        <Point>
          <coordinates>
            -71.0903077,42.3401925,0
          </coordinates>
        </Point>
      </Placemark>
      <Placemark>
        <name>Infectious Diseases at Boston Medical Center</name>
        <styleUrl>#icon-1899-E65100-labelson-nodesc</styleUrl>
        <Point>
          <coordinates>
            -71.0721174,42.3347129,0
          </coordinates>
        </Point>
      </Placemark>
      <Placemark>
        <name>Hamilton Township Municipal Building</name>
        <description>https://www.hamiltonnj.com/271/STI-Clinic</description>
        <styleUrl>#icon-1899-E65100-labelson</styleUrl>
        <Point>
          <coordinates>
            -74.7236793,40.2307676,0
          </coordinates>
        </Point>
      </Placemark>
      <Placemark>
        <name>James Williams State Services Center</name>
        <styleUrl>#icon-1899-E65100-labelson-nodesc</styleUrl>
        <Point>
          <coordinates>
            -75.5143094,39.1527445,0
          </coordinates>
        </Point>
      </Placemark>
      <Placemark>
        <name>LGBT LIFE Center</name>
        <styleUrl>#icon-1899-E65100-labelson-nodesc</styleUrl>
        <Point>
          <coordinates>
            -76.3647845,37.024776,0
          </coordinates>
        </Point>
      </Placemark>
      <Placemark>
        <name>LGBT LIFE Center</name>
        <styleUrl>#icon-1899-E65100-labelson-nodesc</styleUrl>
        <Point>
          <coordinates>
            -76.2206187,36.8806255,0
          </coordinates>
        </Point>
      </Placemark>
      <Placemark>
        <name>Santa Barbara County Public Health: Santa Maria Health Care Center</name>
        <description>https://gettested.cdc.gov/organizations/santa-barbara-county-public-health-department-4</description>
        <styleUrl>#icon-1899-E65100-labelson</styleUrl>
        <Point>
          <coordinates>
            -120.4302615,34.9225891,0
          </coordinates>
        </Point>
      </Placemark>
      <Placemark>
        <name>Torrance Public Health Center</name>
        <description>http://publichealth.lacounty.gov/chs/sexualhealthclinics/</description>
        <styleUrl>#icon-1899-E65100-labelson</styleUrl>
        <Point>
          <coordinates>
            -118.2872602,33.8466375,0
          </coordinates>
        </Point>
      </Placemark>
      <Placemark>
        <name>Antelope Valley Health Center</name>
        <styleUrl>#icon-1899-E65100-labelson-nodesc</styleUrl>
        <Point>
          <coordinates>
            -118.1250952,34.6700625,0
          </coordinates>
        </Point>
      </Placemark>
      <Placemark>
        <name>Henderson Wellness Clinic - Henderson</name>
        <description>https://hendersonwellnessclinic.org/</description>
        <styleUrl>#icon-1899-E65100-labelson</styleUrl>
        <Point>
          <coordinates>
            -115.049611,36.0640877,0
          </coordinates>
        </Point>
      </Placemark>
      <Placemark>
        <name><![CDATA[Southwest Center Hiv & Aids: Waldman Lawrence F MD]]></name>
        <styleUrl>#icon-1899-E65100-labelson-nodesc</styleUrl>
        <Point>
          <coordinates>
            -112.0735299,33.4604886,0
          </coordinates>
        </Point>
      </Placemark>
      <Placemark>
        <name>Pima County Health Department</name>
        <description>https://www.pima.gov/2210/HIV-Sexually-Transmitted-Diseases-STDs</description>
        <styleUrl>#icon-1899-E65100-labelson</styleUrl>
        <Point>
          <coordinates>
            -110.8443488,32.2201452,0
          </coordinates>
        </Point>
      </Placemark>
      <Placemark>
        <name>Safe Lab STD Testing Centre</name>
        <styleUrl>#icon-1899-E65100-labelson-nodesc</styleUrl>
        <Point>
          <coordinates>
            -106.6364066,35.0533218,0
          </coordinates>
        </Point>
      </Placemark>
      <Placemark>
        <name>Public Health Department</name>
        <styleUrl>#icon-1899-E65100-labelson-nodesc</styleUrl>
        <Point>
          <coordinates>
            -106.5639196,35.0730182,0
          </coordinates>
        </Point>
      </Placemark>
      <Placemark>
        <name>Otero County Public Health Office</name>
        <description>https://nmhivguide.org/search_detail.php?id=66</description>
        <styleUrl>#icon-1899-E65100-labelson</styleUrl>
        <Point>
          <coordinates>
            -105.9469905,32.8981037,0
          </coordinates>
        </Point>
      </Placemark>
      <Placemark>
        <name>Clovis Public Health Office</name>
        <styleUrl>#icon-1899-E65100-labelson-nodesc</styleUrl>
        <Point>
          <coordinates>
            -103.2052272,34.4047987,0
          </coordinates>
        </Point>
      </Placemark>
      <Placemark>
        <name>The Philadelphia Center</name>
        <styleUrl>#icon-1899-E65100-labelson-nodesc</styleUrl>
        <Point>
          <coordinates>
            -93.7334938,32.491941,0
          </coordinates>
        </Point>
      </Placemark>
      <Placemark>
        <name><![CDATA[Wichita Falls Health District STD/STI Clinic & Services]]></name>
        <styleUrl>#icon-1899-E65100-labelson-nodesc</styleUrl>
        <Point>
          <coordinates>
            -98.5040571,33.913603,0
          </coordinates>
        </Point>
      </Placemark>
      <Placemark>
        <name>MERCY Health Care Center</name>
        <styleUrl>#icon-1899-E65100-labelson-nodesc</styleUrl>
        <Point>
          <coordinates>
            -99.7539045,32.4707077,0
          </coordinates>
        </Point>
      </Placemark>
      <Placemark>
        <name>Metropolitan Health District</name>
        <styleUrl>#icon-1899-E65100-labelson-nodesc</styleUrl>
        <Point>
          <coordinates>
            -98.4911282,29.3548361,0
          </coordinates>
        </Point>
      </Placemark>
      <Placemark>
        <name>San Angelo Health Department</name>
        <styleUrl>#icon-1899-E65100-labelson-nodesc</styleUrl>
        <Point>
          <coordinates>
            -100.4009323,31.4718399,0
          </coordinates>
        </Point>
      </Placemark>
      <Placemark>
        <name>Health Department</name>
        <styleUrl>#icon-1899-E65100-labelson-nodesc</styleUrl>
        <Point>
          <coordinates>
            -100.4311049,31.4552597,0
          </coordinates>
        </Point>
      </Placemark>
      <Placemark>
        <name>Caddo Parish Health Unit</name>
        <styleUrl>#icon-1899-E65100-labelson-nodesc</styleUrl>
        <Point>
          <coordinates>
            -93.7412147,32.5021049,0
          </coordinates>
        </Point>
      </Placemark>
      <Placemark>
        <name>Coastal Family Health Center Biloxi</name>
        <styleUrl>#icon-1899-E65100-labelson-nodesc</styleUrl>
        <Point>
          <coordinates>
            -88.8862913,30.4029247,0
          </coordinates>
        </Point>
      </Placemark>
      <Placemark>
        <name>Coffee County Health Center</name>
        <description>https://www.coffeecountytn.gov/177/Health-Department</description>
        <styleUrl>#icon-1899-E65100-labelson</styleUrl>
        <Point>
          <coordinates>
            -86.2246764,35.3650695,0
          </coordinates>
        </Point>
      </Placemark>
      <Placemark>
        <name>Cumberland County Public Health Department</name>
        <description>https://www.cumberlandcountync.gov/departments/public-health-group/public-health/clinical-services/sexually-transmitted-infections</description>
        <styleUrl>#icon-1899-E65100-labelson</styleUrl>
        <Point>
          <coordinates>
            -78.8821502,35.0738173,0
          </coordinates>
        </Point>
      </Placemark>
      <Placemark>
        <name>Wayne County Health Department</name>
        <description>https://www.waynegov.com/277/Sexually-Transmitted-Diseases-Clinic</description>
        <styleUrl>#icon-1899-E65100-labelson</styleUrl>
        <Point>
          <coordinates>
            -77.9833671,35.3826313,0
          </coordinates>
        </Point>
      </Placemark>
      <Placemark>
        <name>Florida Department of Health Bay County</name>
        <styleUrl>#icon-1899-E65100-labelson-nodesc</styleUrl>
        <Point>
          <coordinates>
            -85.6668775,30.1668143,0
          </coordinates>
        </Point>
      </Placemark>
      <Placemark>
        <name>Florida Department of Health in Okaloosa County</name>
        <styleUrl>#icon-1899-E65100-labelson-nodesc</styleUrl>
        <Point>
          <coordinates>
            -86.6014166,30.4152625,0
          </coordinates>
        </Point>
      </Placemark>
      <Placemark>
        <name>Florida Department of Health Tampa Branch Laboratory</name>
        <styleUrl>#icon-1899-E65100-labelson-nodesc</styleUrl>
        <Point>
          <coordinates>
            -82.4202933,28.0574924,0
          </coordinates>
        </Point>
      </Placemark>
      <Placemark>
        <name>The Florida Department of Health in Brevard County</name>
        <styleUrl>#icon-1899-E65100-labelson-nodesc</styleUrl>
        <Point>
          <coordinates>
            -80.6105106,28.0633095,0
          </coordinates>
        </Point>
      </Placemark>
    </Folder>
    <Folder>
      <name>Informed Consent HRT Clinics</name>
      <Placemark>
        <name><![CDATA[Tapestry - Sexual & Reproductive Health Clinic]]></name>
        <styleUrl>#icon-1558-0097A7-labelson-nodesc</styleUrl>
        <Point>
          <coordinates>
            -72.598093,42.107603,0
          </coordinates>
        </Point>
      </Placemark>
      <Placemark>
        <name><![CDATA[Tapestry - Sexual & Reproductive Health Clinic]]></name>
        <styleUrl>#icon-1558-0097A7-labelson-nodesc</styleUrl>
        <Point>
          <coordinates>
            -73.253126,42.444784,0
          </coordinates>
        </Point>
      </Placemark>
      <Placemark>
        <name><![CDATA[Tapestry - Sexual & Reproductive Health Clinic]]></name>
        <styleUrl>#icon-1558-0097A7-labelson-nodesc</styleUrl>
        <Point>
          <coordinates>
            -72.6074807,42.2004601,0
          </coordinates>
        </Point>
      </Placemark>
      <Placemark>
        <name>Tapestry Health - Sexual Reproductive Health</name>
        <styleUrl>#icon-1558-0097A7-labelson-nodesc</styleUrl>
        <Point>
          <coordinates>
            -73.1042725,42.6932589,0
          </coordinates>
        </Point>
      </Placemark>
      <Placemark>
        <name><![CDATA[Tapestry - Sexual & Reproductive Health Clinic]]></name>
        <styleUrl>#icon-1558-0097A7-labelson-nodesc</styleUrl>
        <Point>
          <coordinates>
            -72.6010284,42.5881156,0
          </coordinates>
        </Point>
      </Placemark>
      <Placemark>
        <name>HealthQ Sexual and Reproductive Health - Lawrence</name>
        <styleUrl>#icon-1558-0097A7-labelson-nodesc</styleUrl>
        <Point>
          <coordinates>
            -71.1504777,42.7028963,0
          </coordinates>
        </Point>
      </Placemark>
      <Placemark>
        <name>HealthQ Sexual and Reproductive Health - Beverly</name>
        <styleUrl>#icon-1558-0097A7-labelson-nodesc</styleUrl>
        <Point>
          <coordinates>
            -70.8857794,42.5583877,0
          </coordinates>
        </Point>
      </Placemark>
      <Placemark>
        <name>HealthQ Sexual and Reproductive Health - Haverhill</name>
        <styleUrl>#icon-1558-0097A7-labelson-nodesc</styleUrl>
        <Point>
          <coordinates>
            -71.0678016,42.7759653,0
          </coordinates>
        </Point>
      </Placemark>
      <Placemark>
        <name>Fenway Pharmacy: South End</name>
        <styleUrl>#icon-1558-0097A7-labelson-nodesc</styleUrl>
        <Point>
          <coordinates>
            -71.0721775,42.3487449,0
          </coordinates>
        </Point>
      </Placemark>
      <Placemark>
        <name>Baystate High Street Health Center</name>
        <styleUrl>#icon-1558-0097A7-labelson-nodesc</styleUrl>
        <Point>
          <coordinates>
            -72.5793895,42.1052965,0
          </coordinates>
        </Point>
      </Placemark>
      <Placemark>
        <name>Cooley Dickinson Medical Group Northampton Family Medicine</name>
        <styleUrl>#icon-1558-0097A7-labelson-nodesc</styleUrl>
        <Point>
          <coordinates>
            -72.6244028,42.3031588,0
          </coordinates>
        </Point>
      </Placemark>
      <Placemark>
        <name>Thundermist Health Center of Woonsocket</name>
        <styleUrl>#icon-1558-0097A7-labelson-nodesc</styleUrl>
        <Point>
          <coordinates>
            -71.5061174,42.0070933,0
          </coordinates>
        </Point>
      </Placemark>
      <Placemark>
        <name>Mazzoni Center Food Bank Food Pantry</name>
        <styleUrl>#icon-1558-0097A7-labelson-nodesc</styleUrl>
        <Point>
          <coordinates>
            -75.1650906,39.942634,0
          </coordinates>
        </Point>
      </Placemark>
      <Placemark>
        <name>Metro Community Health Center</name>
        <styleUrl>#icon-1558-0097A7-labelson-nodesc</styleUrl>
        <Point>
          <coordinates>
            -79.887264,40.4243979,0
          </coordinates>
        </Point>
      </Placemark>
      <Placemark>
        <name>Chase Brexton Health Care - Glen Burnie Center</name>
        <styleUrl>#icon-1558-0097A7-labelson-nodesc</styleUrl>
        <Point>
          <coordinates>
            -76.6199545,39.1386122,0
          </coordinates>
        </Point>
      </Placemark>
      <Placemark>
        <name>Chase Brexton Health Care - Columbia Center</name>
        <styleUrl>#icon-1558-0097A7-labelson-nodesc</styleUrl>
        <Point>
          <coordinates>
            -76.8408321,39.2246862,0
          </coordinates>
        </Point>
      </Placemark>
      <Placemark>
        <name>Chase Brexton Health Care - Easton Center</name>
        <styleUrl>#icon-1558-0097A7-labelson-nodesc</styleUrl>
        <Point>
          <coordinates>
            -76.0696989,38.7633209,0
          </coordinates>
        </Point>
      </Placemark>
      <Placemark>
        <name>Chase Brexton Clinic: Sethi Vishal I MD</name>
        <styleUrl>#icon-1558-0097A7-labelson-nodesc</styleUrl>
        <Point>
          <coordinates>
            -76.6174885,39.3012198,0
          </coordinates>
        </Point>
      </Placemark>
      <Placemark>
        <name>Chase Brexton Health Care - Security Square Center</name>
        <styleUrl>#icon-1558-0097A7-labelson-nodesc</styleUrl>
        <Point>
          <coordinates>
            -76.7517992,39.308841,0
          </coordinates>
        </Point>
      </Placemark>
      <Placemark>
        <name>HIPS</name>
        <styleUrl>#icon-1558-0097A7-labelson-nodesc</styleUrl>
        <Point>
          <coordinates>
            -76.993346,38.900435,0
          </coordinates>
        </Point>
      </Placemark>
      <Placemark>
        <name>Whitman-Walker Health at 1525</name>
        <styleUrl>#icon-1558-0097A7-labelson-nodesc</styleUrl>
        <Point>
          <coordinates>
            -77.0316464,38.9104052,0
          </coordinates>
        </Point>
      </Placemark>
      <Placemark>
        <name>Whitman-Walker - Max Robinson Center</name>
        <styleUrl>#icon-1558-0097A7-labelson-nodesc</styleUrl>
        <Point>
          <coordinates>
            -76.990136,38.8447332,0
          </coordinates>
        </Point>
      </Placemark>
      <Placemark>
        <name>Dr. Sarah L. Henn, MD</name>
        <styleUrl>#icon-1558-0097A7-labelson-nodesc</styleUrl>
        <Point>
          <coordinates>
            -77.0315736,38.9104721,0
          </coordinates>
        </Point>
      </Placemark>
      <Placemark>
        <name>Signey Olson, MSN, NP, CNM</name>
        <styleUrl>#icon-1558-0097A7-labelson-nodesc</styleUrl>
        <Point>
          <coordinates>
            -77.051947,38.9047701,0
          </coordinates>
        </Point>
      </Placemark>
      <Placemark>
        <name>Health Brigade</name>
        <styleUrl>#icon-1558-0097A7-labelson-nodesc</styleUrl>
        <Point>
          <coordinates>
            -77.4793059,37.5676569,0
          </coordinates>
        </Point>
      </Placemark>
      <Placemark>
        <name>UVA Health Family Medicine and Specialty Care Crozet</name>
        <styleUrl>#icon-1558-0097A7-labelson-nodesc</styleUrl>
        <Point>
          <coordinates>
            -78.6816661,38.0519182,0
          </coordinates>
        </Point>
      </Placemark>
      <Placemark>
        <name>Pisgah Urology Associates</name>
        <styleUrl>#icon-1558-0097A7-labelson-nodesc</styleUrl>
        <Point>
          <coordinates>
            -82.7154507,35.2567642,0
          </coordinates>
        </Point>
      </Placemark>
      <Placemark>
        <name>Amity Medical Group</name>
        <styleUrl>#icon-1558-0097A7-labelson-nodesc</styleUrl>
        <Point>
          <coordinates>
            -80.7339577,35.2347074,0
          </coordinates>
        </Point>
      </Placemark>
      <Placemark>
        <name>Bowlby Deborah A MD</name>
        <styleUrl>#icon-1558-0097A7-labelson-nodesc</styleUrl>
        <Point>
          <coordinates>
            -79.947896,32.784226,0
          </coordinates>
        </Point>
      </Placemark>
      <Placemark>
        <name>Lazenby Gweneth B MD</name>
        <styleUrl>#icon-1558-0097A7-labelson-nodesc</styleUrl>
        <Point>
          <coordinates>
            -79.947896,32.784226,0
          </coordinates>
        </Point>
      </Placemark>
      <Placemark>
        <name>Equality Clinic</name>
        <styleUrl>#icon-1558-0097A7-labelson-nodesc</styleUrl>
        <Point>
          <coordinates>
            -81.9933862,33.4728066,0
          </coordinates>
        </Point>
      </Placemark>
      <Placemark>
        <name>QueerMed</name>
        <styleUrl>#icon-1558-0097A7-labelson-nodesc</styleUrl>
        <Point>
          <coordinates>
            -84.2945711,33.7720816,0
          </coordinates>
        </Point>
      </Placemark>
      <Placemark>
        <name>Joseph Smiddy, MD</name>
        <styleUrl>#icon-1558-0097A7-labelson-nodesc</styleUrl>
        <Point>
          <coordinates>
            -84.3384186,33.8035841,0
          </coordinates>
        </Point>
      </Placemark>
      <Placemark>
        <name>Open Arms Healthcare Center</name>
        <styleUrl>#icon-1558-0097A7-labelson-nodesc</styleUrl>
        <Point>
          <coordinates>
            -90.1640696,32.3062891,0
          </coordinates>
        </Point>
      </Placemark>
      <Placemark>
        <name>VA Southeast Louisiana health care</name>
        <description><![CDATA[Dr. Helena Costales<br>Dr. Dana Walker]]></description>
        <styleUrl>#icon-1558-0097A7-labelson</styleUrl>
        <Point>
          <coordinates>
            -90.0845674,29.9622235,0
          </coordinates>
        </Point>
      </Placemark>
      <Placemark>
        <name>Michele M. Larzelere, PhD</name>
        <styleUrl>#icon-1558-0097A7-labelson-nodesc</styleUrl>
        <Point>
          <coordinates>
            -90.145912,29.9617878,0
          </coordinates>
        </Point>
      </Placemark>
      <Placemark>
        <name>Weinberg Jane MD</name>
        <styleUrl>#icon-1558-0097A7-labelson-nodesc</styleUrl>
        <Point>
          <coordinates>
            -86.7668624,36.1169352,0
          </coordinates>
        </Point>
      </Placemark>
      <Placemark>
        <name>CHOICES - Memphis Center for Reproductive Health</name>
        <styleUrl>#icon-1558-0097A7-labelson-nodesc</styleUrl>
        <Point>
          <coordinates>
            -90.0204112,35.1440458,0
          </coordinates>
        </Point>
      </Placemark>
      <Placemark>
        <name>Connectus Health</name>
        <styleUrl>#icon-1558-0097A7-labelson-nodesc</styleUrl>
        <Point>
          <coordinates>
            -86.768756,36.1313424,0
          </coordinates>
        </Point>
      </Placemark>
      <Placemark>
        <name>MetroHealth LGBTQI+ Pride Network</name>
        <styleUrl>#icon-1558-0097A7-labelson-nodesc</styleUrl>
        <Point>
          <coordinates>
            -81.7315716,41.48347,0
          </coordinates>
        </Point>
      </Placemark>
      <Placemark>
        <name>Equitas Health Dayton Medical Center</name>
        <styleUrl>#icon-1558-0097A7-labelson-nodesc</styleUrl>
        <Point>
          <coordinates>
            -84.1912695,39.7404236,0
          </coordinates>
        </Point>
      </Placemark>
      <Placemark>
        <name>Equitas Health Gender Affirming Care and Prevention</name>
        <styleUrl>#icon-1558-0097A7-labelson-nodesc</styleUrl>
        <Point>
          <coordinates>
            -82.9813978,39.9674766,0
          </coordinates>
        </Point>
      </Placemark>
      <Placemark>
        <name>Equitas Health Short North Medical Center</name>
        <styleUrl>#icon-1558-0097A7-labelson-nodesc</styleUrl>
        <Point>
          <coordinates>
            -83.0051471,39.9835391,0
          </coordinates>
        </Point>
      </Placemark>
      <Placemark>
        <name>Family Medicine at Corner Health Center (Under 25 Only)</name>
        <styleUrl>#icon-1558-0097A7-labelson-nodesc</styleUrl>
        <Point>
          <coordinates>
            -83.613247,42.241813,0
          </coordinates>
        </Point>
      </Placemark>
      <Placemark>
        <name>Woodworth Steven H MD</name>
        <styleUrl>#icon-1558-0097A7-labelson-nodesc</styleUrl>
        <Point>
          <coordinates>
            -88.4434902,47.2386551,0
          </coordinates>
        </Point>
      </Placemark>
      <Placemark>
        <name>Corktown Health Center</name>
        <styleUrl>#icon-1558-0097A7-labelson-nodesc</styleUrl>
        <Point>
          <coordinates>
            -83.0665521,42.3250303,0
          </coordinates>
        </Point>
      </Placemark>
      <Placemark>
        <name><![CDATA[Mosaic Health & Healing Arts, Inc.]]></name>
        <styleUrl>#icon-1558-0097A7-labelson-nodesc</styleUrl>
        <Point>
          <coordinates>
            -85.8401184,41.6037864,0
          </coordinates>
        </Point>
      </Placemark>
      <Placemark>
        <name>Howard Brown Health Counseling Center</name>
        <styleUrl>#icon-1558-0097A7-labelson-nodesc</styleUrl>
        <Point>
          <coordinates>
            -87.6547224,41.9541354,0
          </coordinates>
        </Point>
      </Placemark>
      <Placemark>
        <name>Howard Brown Health Halsted</name>
        <styleUrl>#icon-1558-0097A7-labelson-nodesc</styleUrl>
        <Point>
          <coordinates>
            -87.6491902,41.9455805,0
          </coordinates>
        </Point>
      </Placemark>
      <Placemark>
        <name><![CDATA[Chicago Women's Health Center]]></name>
        <styleUrl>#icon-1558-0097A7-labelson-nodesc</styleUrl>
        <Point>
          <coordinates>
            -87.6558224,41.9634113,0
          </coordinates>
        </Point>
      </Placemark>
      <Placemark>
        <name>Family Tree Clinic</name>
        <styleUrl>#icon-1558-0097A7-labelson-nodesc</styleUrl>
        <Point>
          <coordinates>
            -93.2776358,44.9631483,0
          </coordinates>
        </Point>
      </Placemark>
      <Placemark>
        <name>Emma Goldman Clinic</name>
        <styleUrl>#icon-1558-0097A7-labelson-nodesc</styleUrl>
        <Point>
          <coordinates>
            -91.5333927,41.6644363,0
          </coordinates>
        </Point>
      </Placemark>
      <Placemark>
        <name>Southampton Community Healthcare</name>
        <styleUrl>#icon-1558-0097A7-labelson-nodesc</styleUrl>
        <Point>
          <coordinates>
            -90.2869113,38.6138776,0
          </coordinates>
        </Point>
      </Placemark>
      <Placemark>
        <name>Family Health Care</name>
        <description>May gatekeep and ask invasive questions. </description>
        <styleUrl>#icon-1558-0097A7-labelson</styleUrl>
        <Point>
          <coordinates>
            -94.613166,39.0685888,0
          </coordinates>
        </Point>
      </Placemark>
      <Placemark>
        <name>OneWorld Community Health Centers Livestock Exchange Building Campus</name>
        <styleUrl>#icon-1558-0097A7-labelson-nodesc</styleUrl>
        <Point>
          <coordinates>
            -95.9561115,41.2099092,0
          </coordinates>
        </Point>
      </Placemark>
      <Placemark>
        <name>Legacy Community Health - Montrose Clinic</name>
        <styleUrl>#icon-1558-0097A7-labelson-nodesc</styleUrl>
        <Point>
          <coordinates>
            -95.3941256,29.7450549,0
          </coordinates>
        </Point>
      </Placemark>
      <Placemark>
        <name>Simply Salud</name>
        <styleUrl>#icon-1558-0097A7-labelson-nodesc</styleUrl>
        <Point>
          <coordinates>
            -106.5997204,35.0780906,0
          </coordinates>
        </Point>
      </Placemark>
      <Placemark>
        <name>Healthy Futures</name>
        <styleUrl>#icon-1558-0097A7-labelson-nodesc</styleUrl>
        <Point>
          <coordinates>
            -104.9730859,39.7423675,0
          </coordinates>
        </Point>
      </Placemark>
      <Placemark>
        <name>Denver Health</name>
        <styleUrl>#icon-1558-0097A7-labelson-nodesc</styleUrl>
        <Point>
          <coordinates>
            -104.9910754,39.7282084,0
          </coordinates>
        </Point>
      </Placemark>
      <Placemark>
        <name>Anna Wegleitner, MD</name>
        <styleUrl>#icon-1558-0097A7-labelson-nodesc</styleUrl>
        <Point>
          <coordinates>
            -104.9764435,39.6704418,0
          </coordinates>
        </Point>
      </Placemark>
      <Placemark>
        <name>Stout Street Health Center</name>
        <styleUrl>#icon-1558-0097A7-labelson-nodesc</styleUrl>
        <Point>
          <coordinates>
            -104.9861008,39.750878,0
          </coordinates>
        </Point>
      </Placemark>
      <Placemark>
        <name>Rebirth OB/GYN</name>
        <styleUrl>#icon-1558-0097A7-labelson-nodesc</styleUrl>
        <Point>
          <coordinates>
            -111.8290244,40.6738843,0
          </coordinates>
        </Point>
      </Placemark>
      <Placemark>
        <name>U of U Sugar House Health Center Pharmacy</name>
        <description>Joanne Rolls</description>
        <styleUrl>#icon-1558-0097A7-labelson</styleUrl>
        <Point>
          <coordinates>
            -111.8549089,40.7206665,0
          </coordinates>
        </Point>
      </Placemark>
      <Placemark>
        <name>Southwest Center</name>
        <styleUrl>#icon-1558-0097A7-labelson-nodesc</styleUrl>
        <Point>
          <coordinates>
            -112.0734374,33.4607582,0
          </coordinates>
        </Point>
      </Placemark>
      <Placemark>
        <name>Darla M Klokeid, M.D.</name>
        <styleUrl>#icon-1558-0097A7-labelson-nodesc</styleUrl>
        <Point>
          <coordinates>
            -122.3365653,47.6127468,0
          </coordinates>
        </Point>
      </Placemark>
      <Placemark>
        <name>Cedar River Clinics</name>
        <styleUrl>#icon-1558-0097A7-labelson-nodesc</styleUrl>
        <Point>
          <coordinates>
            -122.2098343,47.4415781,0
          </coordinates>
        </Point>
      </Placemark>
      <Placemark>
        <name>Cedar River Clinics</name>
        <styleUrl>#icon-1558-0097A7-labelson-nodesc</styleUrl>
        <Point>
          <coordinates>
            -122.4505173,47.248812,0
          </coordinates>
        </Point>
      </Placemark>
      <Placemark>
        <name>Capitol Hill Medical</name>
        <styleUrl>#icon-1558-0097A7-labelson-nodesc</styleUrl>
        <Point>
          <coordinates>
            -122.3251268,47.6088136,0
          </coordinates>
        </Point>
      </Placemark>
      <Placemark>
        <name>Kevin Hatfield, MD</name>
        <styleUrl>#icon-1558-0097A7-labelson-nodesc</styleUrl>
        <Point>
          <coordinates>
            -122.3367849,47.612697,0
          </coordinates>
        </Point>
      </Placemark>
      <Placemark>
        <name><![CDATA[Circle Healthcare Clinic: Scopes, Corwin, Fong, All's Well, Krampetz]]></name>
        <styleUrl>#icon-1558-0097A7-labelson-nodesc</styleUrl>
        <Point>
          <coordinates>
            -122.6991621,45.5295698,0
          </coordinates>
        </Point>
      </Placemark>
      <Placemark>
        <name>National University of Natural Medicine</name>
        <styleUrl>#icon-1558-0097A7-labelson-nodesc</styleUrl>
        <Point>
          <coordinates>
            -122.6764952,45.5018378,0
          </coordinates>
        </Point>
      </Placemark>
      <Placemark>
        <name>Outside In</name>
        <styleUrl>#icon-1558-0097A7-labelson-nodesc</styleUrl>
        <Point>
          <coordinates>
            -122.686533,45.5176709,0
          </coordinates>
        </Point>
      </Placemark>
      <Placemark>
        <name>OHSU Primary Care Clinic, Gabriel Park</name>
        <styleUrl>#icon-1558-0097A7-labelson-nodesc</styleUrl>
        <Point>
          <coordinates>
            -122.7220735,45.4768366,0
          </coordinates>
        </Point>
      </Placemark>
      <Placemark>
        <name>Stoermer Christian H MD</name>
        <styleUrl>#icon-1558-0097A7-labelson-nodesc</styleUrl>
        <Point>
          <coordinates>
            -115.122984,36.1154334,0
          </coordinates>
        </Point>
      </Placemark>
      <Placemark>
        <name>Bay Area Community Health - Liberty Clinic</name>
        <styleUrl>#icon-1558-0097A7-labelson-nodesc</styleUrl>
        <Point>
          <coordinates>
            -121.9769214,37.5489561,0
          </coordinates>
        </Point>
      </Placemark>
      <Placemark>
        <name>Gender Health Center</name>
        <styleUrl>#icon-1558-0097A7-labelson-nodesc</styleUrl>
        <Point>
          <coordinates>
            -121.4601243,38.5575738,0
          </coordinates>
        </Point>
      </Placemark>
      <Placemark>
        <name>Dimensions Queer Youth Clinic</name>
        <styleUrl>#icon-1558-0097A7-labelson-nodesc</styleUrl>
        <Point>
          <coordinates>
            -122.4318162,37.7629647,0
          </coordinates>
        </Point>
      </Placemark>
      <Placemark>
        <name>Ciaccio Memorial Clinic</name>
        <description>Dr. Brian Woolford</description>
        <styleUrl>#icon-1558-0097A7-labelson</styleUrl>
        <Point>
          <coordinates>
            -117.1303817,32.7429334,0
          </coordinates>
        </Point>
      </Placemark>
      <Placemark>
        <name>Family Health Centers of San Diego</name>
        <styleUrl>#icon-1558-0097A7-labelson-nodesc</styleUrl>
        <Point>
          <coordinates>
            -117.1134953,32.7153006,0
          </coordinates>
        </Point>
      </Placemark>
      <Placemark>
        <name>North Park Family Health Center</name>
        <styleUrl>#icon-1558-0097A7-labelson-nodesc</styleUrl>
        <Point>
          <coordinates>
            -117.1302942,32.7430267,0
          </coordinates>
        </Point>
      </Placemark>
      <Placemark>
        <name>Downtown Family Health Center at Connections</name>
        <styleUrl>#icon-1558-0097A7-labelson-nodesc</styleUrl>
        <Point>
          <coordinates>
            -117.159579,32.718544,0
          </coordinates>
        </Point>
      </Placemark>
      <Placemark>
        <name>Tom Waddell Urban Health Center</name>
        <styleUrl>#icon-1558-0097A7-labelson-nodesc</styleUrl>
        <Point>
          <coordinates>
            -122.4142351,37.7819838,0
          </coordinates>
        </Point>
      </Placemark>
      <Placemark>
        <name>Lyon-Martin Community Health Services</name>
        <styleUrl>#icon-1558-0097A7-labelson-nodesc</styleUrl>
        <Point>
          <coordinates>
            -122.4197856,37.7693726,0
          </coordinates>
        </Point>
      </Placemark>
      <Placemark>
        <name>Los Angeles LGBT Center</name>
        <styleUrl>#icon-1558-0097A7-labelson-nodesc</styleUrl>
        <Point>
          <coordinates>
            -118.3375813,34.0918666,0
          </coordinates>
        </Point>
      </Placemark>
      <Placemark>
        <name>St Nicholas Medical Group</name>
        <styleUrl>#icon-1558-0097A7-labelson-nodesc</styleUrl>
        <Point>
          <coordinates>
            -118.3101093,34.0902615,0
          </coordinates>
        </Point>
      </Placemark>
      <Placemark>
        <name>St. John’s Community Health Warner Traynham Clinic</name>
        <styleUrl>#icon-1558-0097A7-labelson-nodesc</styleUrl>
        <Point>
          <coordinates>
            -118.2715524,34.029281,0
          </coordinates>
        </Point>
      </Placemark>
      <Placemark>
        <name>St. John’s Community Health S. Mark Taper Foundation Health Center</name>
        <styleUrl>#icon-1558-0097A7-labelson-nodesc</styleUrl>
        <Point>
          <coordinates>
            -118.287337,33.9895668,0
          </coordinates>
        </Point>
      </Placemark>
      <Placemark>
        <name>Metamorphosis Medical Center</name>
        <styleUrl>#icon-1558-0097A7-labelson-nodesc</styleUrl>
        <Point>
          <coordinates>
            -117.9939975,33.8455991,0
          </coordinates>
        </Point>
      </Placemark>
      <Placemark>
        <name><![CDATA[Asian & Pacific Islander Wellness Center]]></name>
        <styleUrl>#icon-1558-0097A7-labelson-nodesc</styleUrl>
        <Point>
          <coordinates>
            -122.419095,37.7838223,0
          </coordinates>
        </Point>
      </Placemark>
      <Placemark>
        <name>Dr. Madeline Deutsch, MD, MPH</name>
        <styleUrl>#icon-1558-0097A7-labelson-nodesc</styleUrl>
        <Point>
          <coordinates>
            -122.4392664,37.7854624,0
          </coordinates>
        </Point>
      </Placemark>
      <Placemark>
        <name><![CDATA[The Lavender Center & Clinic (West Oahu)]]></name>
        <styleUrl>#icon-1558-0097A7-labelson-nodesc</styleUrl>
        <Point>
          <coordinates>
            -158.1871065,21.4447164,0
          </coordinates>
        </Point>
      </Placemark>
      <Placemark>
        <name>SHEEREN LIAO MASIFI</name>
        <styleUrl>#icon-1558-0097A7-labelson-nodesc</styleUrl>
        <Point>
          <coordinates>
            -157.8538581,21.3084698,0
          </coordinates>
        </Point>
      </Placemark>
      <Placemark>
        <name>SHEEREN LIAO MASIFI</name>
        <styleUrl>#icon-1558-0097A7-labelson-nodesc</styleUrl>
        <Point>
          <coordinates>
            -157.7080655,21.2853002,0
          </coordinates>
        </Point>
      </Placemark>
      <Placemark>
        <name>Lincoln Community Health Center, Inc.</name>
        <styleUrl>#icon-1558-0097A7-labelson-nodesc</styleUrl>
        <Point>
          <coordinates>
            -78.8978874,35.9804244,0
          </coordinates>
        </Point>
      </Placemark>
      <Placemark>
        <name>Harbor Health Clinic</name>
        <styleUrl>#icon-1558-0097A7-labelson-nodesc</styleUrl>
        <Point>
          <coordinates>
            -96.7868667,46.8767382,0
          </coordinates>
        </Point>
      </Placemark>
      <Placemark>
        <name>Neighborhood Healthcare Eastside Health Center</name>
        <styleUrl>#icon-1558-0097A7-labelson-nodesc</styleUrl>
        <Point>
          <coordinates>
            -117.35454,33.9753342,0
          </coordinates>
        </Point>
      </Placemark>
      <Placemark>
        <name>Howard Brown Health Clark</name>
        <styleUrl>#icon-1558-0097A7-labelson-nodesc</styleUrl>
        <Point>
          <coordinates>
            -87.6714074,42.0000343,0
          </coordinates>
        </Point>
      </Placemark>
      <Placemark>
        <name>Ruth Ellis Center</name>
        <description>Young adults and pediatrics.</description>
        <styleUrl>#icon-1558-0097A7-labelson</styleUrl>
        <Point>
          <coordinates>
            -83.0944863,42.4078366,0
          </coordinates>
        </Point>
      </Placemark>
      <Placemark>
        <name>Santa Paula West Medical Group and Pediatrics</name>
        <styleUrl>#icon-1558-0097A7-labelson-nodesc</styleUrl>
        <Point>
          <coordinates>
            -119.0759865,34.3442706,0
          </coordinates>
        </Point>
      </Placemark>
      <Placemark>
        <name>Northern Nevada HOPES - 5th St.</name>
        <styleUrl>#icon-1558-0097A7-labelson-nodesc</styleUrl>
        <Point>
          <coordinates>
            -119.8220196,39.5296062,0
          </coordinates>
        </Point>
      </Placemark>
      <Placemark>
        <name>Cindy W. Siu, MD</name>
        <styleUrl>#icon-1558-0097A7-labelson-nodesc</styleUrl>
        <Point>
          <coordinates>
            -75.4314228,38.9097964,0
          </coordinates>
        </Point>
      </Placemark>
      <Placemark>
        <name>Vanderbilt Primary Care Bellevue</name>
        <styleUrl>#icon-1558-0097A7-labelson-nodesc</styleUrl>
        <Point>
          <coordinates>
            -86.9184734,36.0732644,0
          </coordinates>
        </Point>
      </Placemark>
      <Placemark>
        <name>Evergreen Health</name>
        <description>Everygreen health in buffalo is iffy; they prefer a letter from an outside therapist, or that you at least start therapy with them. </description>
        <styleUrl>#icon-1558-0097A7-labelson</styleUrl>
        <Point>
          <coordinates>
            -78.8786604,42.8908197,0
          </coordinates>
        </Point>
      </Placemark>
      <Placemark>
        <name>CrescentCare</name>
        <styleUrl>#icon-1558-0097A7-labelson-nodesc</styleUrl>
        <Point>
          <coordinates>
            -90.0566874,29.9742664,0
          </coordinates>
        </Point>
      </Placemark>
      <Placemark>
        <name>Blue Mountain Clinic</name>
        <styleUrl>#icon-1558-0097A7-labelson-nodesc</styleUrl>
        <Point>
          <coordinates>
            -114.0130945,46.8773208,0
          </coordinates>
        </Point>
      </Placemark>
      <Placemark>
        <name>Central Valley OB/GYN Medical Group</name>
        <styleUrl>#icon-1558-0097A7-labelson-nodesc</styleUrl>
        <Point>
          <coordinates>
            -119.7845698,36.7441581,0
          </coordinates>
        </Point>
      </Placemark>
      <Placemark>
        <name>Terlecki Marta MD</name>
        <styleUrl>#icon-1558-0097A7-labelson-nodesc</styleUrl>
        <Point>
          <coordinates>
            -106.5813804,35.057986,0
          </coordinates>
        </Point>
      </Placemark>
      <Placemark>
        <name>Hillcrest Family Health Center</name>
        <styleUrl>#icon-1558-0097A7-labelson-nodesc</styleUrl>
        <Point>
          <coordinates>
            -117.1619983,32.7517207,0
          </coordinates>
        </Point>
      </Placemark>
      <Placemark>
        <name>Partnership Health Center</name>
        <styleUrl>#icon-1558-0097A7-labelson-nodesc</styleUrl>
        <Point>
          <coordinates>
            -113.996437,46.877076,0
          </coordinates>
        </Point>
      </Placemark>
      <Placemark>
        <name>Central Outreach Wellness Center</name>
        <styleUrl>#icon-1558-0097A7-labelson-nodesc</styleUrl>
        <Point>
          <coordinates>
            -80.001071,40.44867,0
          </coordinates>
        </Point>
      </Placemark>
      <Placemark>
        <name><![CDATA[Hennepin Healthcare Clinic & Specialty Center]]></name>
        <styleUrl>#icon-1558-0097A7-labelson-nodesc</styleUrl>
        <Point>
          <coordinates>
            -93.2634225,44.9711103,0
          </coordinates>
        </Point>
      </Placemark>
      <Placemark>
        <name>MLK Heritage Health Center</name>
        <styleUrl>#icon-1558-0097A7-labelson-nodesc</styleUrl>
        <Point>
          <coordinates>
            -87.9143797,43.06534,0
          </coordinates>
        </Point>
      </Placemark>
      <Placemark>
        <name>HealthOn Broadway</name>
        <styleUrl>#icon-1558-0097A7-labelson-nodesc</styleUrl>
        <Point>
          <coordinates>
            -110.9714337,32.2208202,0
          </coordinates>
        </Point>
      </Placemark>
      <Placemark>
        <name>UW Health Northport Dr Clinic Family Medicine Clinic</name>
        <description>L. Yogendran, MD</description>
        <styleUrl>#icon-1558-0097A7-labelson</styleUrl>
        <Point>
          <coordinates>
            -89.3570162,43.1291106,0
          </coordinates>
        </Point>
      </Placemark>
      <Placemark>
        <name>Logan Heights Family Health Center</name>
        <styleUrl>#icon-1558-0097A7-labelson-nodesc</styleUrl>
        <Point>
          <coordinates>
            -117.1469575,32.7014183,0
          </coordinates>
        </Point>
      </Placemark>
      <Placemark>
        <name>Braeswood Endocrinology</name>
        <styleUrl>#icon-1558-0097A7-labelson-nodesc</styleUrl>
        <Point>
          <coordinates>
            -95.4610881,29.7127161,0
          </coordinates>
        </Point>
      </Placemark>
      <Placemark>
        <name>Chena Health</name>
        <styleUrl>#icon-1558-0097A7-labelson-nodesc</styleUrl>
        <Point>
          <coordinates>
            -147.7432362,64.8300278,0
          </coordinates>
        </Point>
      </Placemark>
      <Placemark>
        <name>Coastal Bend Wellness Foundation</name>
        <styleUrl>#icon-1558-0097A7-labelson-nodesc</styleUrl>
        <Point>
          <coordinates>
            -97.4238646,27.7223233,0
          </coordinates>
        </Point>
      </Placemark>
      <Placemark>
        <name>MGH Bartlett Building</name>
        <styleUrl>#icon-1558-0097A7-labelson-nodesc</styleUrl>
        <Point>
          <coordinates>
            -71.0673038,42.3625608,0
          </coordinates>
        </Point>
      </Placemark>
      <Placemark>
        <name>Trillium Health</name>
        <styleUrl>#icon-1558-0097A7-labelson-nodesc</styleUrl>
        <Point>
          <coordinates>
            -77.5994203,43.1492397,0
          </coordinates>
        </Point>
      </Placemark>
      <Placemark>
        <name>Pride Family Medicine</name>
        <styleUrl>#icon-1558-0097A7-labelson-nodesc</styleUrl>
        <Point>
          <coordinates>
            -97.8526762,30.5169692,0
          </coordinates>
        </Point>
      </Placemark>
      <Placemark>
        <name>BLISS CARES</name>
        <styleUrl>#icon-1558-0097A7-labelson-nodesc</styleUrl>
        <Point>
          <coordinates>
            -81.3458085,28.5245522,0
          </coordinates>
        </Point>
      </Placemark>
      <Placemark>
        <name>Community Care by Trust Women</name>
        <styleUrl>#icon-1558-0097A7-labelson-nodesc</styleUrl>
        <Point>
          <coordinates>
            -97.5388005,35.4204697,0
          </coordinates>
        </Point>
      </Placemark>
      <Placemark>
        <name>PeaceHealth Fisher’s Landing Primary Care Clinic</name>
        <styleUrl>#icon-1558-0097A7-labelson-nodesc</styleUrl>
        <Point>
          <coordinates>
            -122.49798,45.604797,0
          </coordinates>
        </Point>
      </Placemark>
      <Placemark>
        <name>Inclusion Clinic, Sargeant Health Center</name>
        <styleUrl>#icon-1558-0097A7-labelson-nodesc</styleUrl>
        <Point>
          <coordinates>
            -88.0186519,43.0404136,0
          </coordinates>
        </Point>
      </Placemark>
      <Placemark>
        <name>CrescentCare MidCity</name>
        <styleUrl>#icon-1558-0097A7-labelson-nodesc</styleUrl>
        <Point>
          <coordinates>
            -90.0849677,29.9645444,0
          </coordinates>
        </Point>
      </Placemark>
      <Placemark>
        <name>Broadway Youth Center</name>
        <styleUrl>#icon-1558-0097A7-labelson-nodesc</styleUrl>
        <Point>
          <coordinates>
            -87.6555121,41.9542337,0
          </coordinates>
        </Point>
      </Placemark>
      <Placemark>
        <name>New Directions Health And Wellness</name>
        <styleUrl>#icon-1558-0097A7-labelson-nodesc</styleUrl>
        <Point>
          <coordinates>
            -94.1895159,36.3124455,0
          </coordinates>
        </Point>
      </Placemark>
      <Placemark>
        <name>Thundermist Health Center of West Warwick</name>
        <styleUrl>#icon-1558-0097A7-labelson-nodesc</styleUrl>
        <Point>
          <coordinates>
            -71.5151643,41.7146782,0
          </coordinates>
        </Point>
      </Placemark>
      <Placemark>
        <name>Thundermist Health Center of South County</name>
        <styleUrl>#icon-1558-0097A7-labelson-nodesc</styleUrl>
        <Point>
          <coordinates>
            -71.4966532,41.4415355,0
          </coordinates>
        </Point>
      </Placemark>
      <Placemark>
        <name>Callen-Lorde Bronx</name>
        <styleUrl>#icon-1558-0097A7-labelson-nodesc</styleUrl>
        <Point>
          <coordinates>
            -73.9105327,40.8221251,0
          </coordinates>
        </Point>
      </Placemark>
      <Placemark>
        <name>Novant Health Midtown Family Medicine</name>
        <styleUrl>#icon-1558-0097A7-labelson-nodesc</styleUrl>
        <Point>
          <coordinates>
            -80.8199207,35.2120777,0
          </coordinates>
        </Point>
      </Placemark>
      <Placemark>
        <name>Community Health Centers - Casa</name>
        <styleUrl>#icon-1558-0097A7-labelson-nodesc</styleUrl>
        <Point>
          <coordinates>
            -120.6653241,35.2929365,0
          </coordinates>
        </Point>
      </Placemark>
      <Placemark>
        <name>Linda J. Gromko, M.D.</name>
        <styleUrl>#icon-1558-0097A7-labelson-nodesc</styleUrl>
        <Point>
          <coordinates>
            -122.3597422,47.6248542,0
          </coordinates>
        </Point>
      </Placemark>
      <Placemark>
        <name>Sidney Borum Jr Health Center</name>
        <description>Ages 12-29</description>
        <styleUrl>#icon-1558-0097A7-labelson</styleUrl>
        <Point>
          <coordinates>
            -71.0721366,42.348831,0
          </coordinates>
        </Point>
      </Placemark>
      <Placemark>
        <name>CU Boulder Medical Services</name>
        <styleUrl>#icon-1558-0097A7-labelson-nodesc</styleUrl>
        <Point>
          <coordinates>
            -105.2687633,40.0053873,0
          </coordinates>
        </Point>
      </Placemark>
      <Placemark>
        <name>University of Colorado School of Medicine</name>
        <description>Dr. Iwamoto. Integrated transgender care program staff. </description>
        <styleUrl>#icon-1558-0097A7-labelson</styleUrl>
        <Point>
          <coordinates>
            -104.8359909,39.7449417,0
          </coordinates>
        </Point>
      </Placemark>
      <Placemark>
        <name>Dr. Berhane Seyoum</name>
        <styleUrl>#icon-1558-0097A7-labelson-nodesc</styleUrl>
        <Point>
          <coordinates>
            -83.055094,42.3535426,0
          </coordinates>
        </Point>
      </Placemark>
      <Placemark>
        <name>Health Care for the Homeless</name>
        <styleUrl>#icon-1558-0097A7-labelson-nodesc</styleUrl>
        <Point>
          <coordinates>
            -76.6096406,39.2938254,0
          </coordinates>
        </Point>
      </Placemark>
      <Placemark>
        <name>Dr. Joseph M. Freund, MD</name>
        <styleUrl>#icon-1558-0097A7-labelson-nodesc</styleUrl>
        <Point>
          <coordinates>
            -93.6855701,41.6109061,0
          </coordinates>
        </Point>
      </Placemark>
      <Placemark>
        <name><![CDATA[A Tidewater Women's & LGBT Primary Care]]></name>
        <styleUrl>#icon-1558-0097A7-labelson-nodesc</styleUrl>
        <Point>
          <coordinates>
            -76.2327258,36.8530483,0
          </coordinates>
        </Point>
      </Placemark>
      <Placemark>
        <name>2BWell</name>
        <styleUrl>#icon-1558-0097A7-labelson-nodesc</styleUrl>
        <Point>
          <coordinates>
            -122.7370643,45.3994686,0
          </coordinates>
        </Point>
      </Placemark>
      <Placemark>
        <name>KU Wichita Internal Medicine</name>
        <description><![CDATA[https://kuwichitaim.com/midtown-clinic/providers/<br><br>Kayla Del Rio]]></description>
        <styleUrl>#icon-1558-0097A7-labelson</styleUrl>
        <Point>
          <coordinates>
            -97.315572,37.701543,0
          </coordinates>
        </Point>
      </Placemark>
      <Placemark>
        <name>Freeway Medical Tower</name>
        <description><![CDATA["Floor 5 - Women's health Call the gynecology clinic and ask for the gender clinic. They do so much more than just hormones trans care wise. It's the go to place in central Arkansas."]]></description>
        <styleUrl>#icon-1558-0097A7-labelson</styleUrl>
        <Point>
          <coordinates>
            -92.3390273,34.7440151,0
          </coordinates>
        </Point>
      </Placemark>
      <Placemark>
        <name>Allegheny Reproductive Health Center</name>
        <styleUrl>#icon-1558-0097A7-labelson-nodesc</styleUrl>
        <Point>
          <coordinates>
            -79.9259607,40.4623068,0
          </coordinates>
        </Point>
      </Placemark>
      <Placemark>
        <name>One Medical: Union Station</name>
        <styleUrl>#icon-1558-0097A7-labelson-nodesc</styleUrl>
        <Point>
          <coordinates>
            -77.0114501,38.8978664,0
          </coordinates>
        </Point>
      </Placemark>
      <Placemark>
        <name>FIT Health Care Clinic</name>
        <styleUrl>#icon-1558-0097A7-labelson-nodesc</styleUrl>
        <Point>
          <coordinates>
            -112.0784541,33.4919299,0
          </coordinates>
        </Point>
      </Placemark>
      <Placemark>
        <name>Bryn Mawr Family Practice</name>
        <styleUrl>#icon-1558-0097A7-labelson-nodesc</styleUrl>
        <Point>
          <coordinates>
            -75.3200081,40.0183602,0
          </coordinates>
        </Point>
      </Placemark>
      <Placemark>
        <name>Susquehanna Family Practice</name>
        <styleUrl>#icon-1558-0097A7-labelson-nodesc</styleUrl>
        <Point>
          <coordinates>
            -75.029153,42.456301,0
          </coordinates>
        </Point>
      </Placemark>
      <Placemark>
        <name>KC CARE Health Center - Midtown South</name>
        <styleUrl>#icon-1558-0097A7-labelson-nodesc</styleUrl>
        <Point>
          <coordinates>
            -94.5899393,39.0633186,0
          </coordinates>
        </Point>
      </Placemark>
      <Placemark>
        <name>KC CARE Health Center - Northeast</name>
        <styleUrl>#icon-1558-0097A7-labelson-nodesc</styleUrl>
        <Point>
          <coordinates>
            -94.5278762,39.1053252,0
          </coordinates>
        </Point>
      </Placemark>
      <Placemark>
        <name>UH Ulrich Professional Group</name>
        <styleUrl>#icon-1558-0097A7-labelson-nodesc</styleUrl>
        <Point>
          <coordinates>
            -81.3522617,41.1339628,0
          </coordinates>
        </Point>
      </Placemark>
      <Placemark>
        <name>CentraCare Plaza</name>
        <styleUrl>#icon-1558-0097A7-labelson-nodesc</styleUrl>
        <Point>
          <coordinates>
            -94.206772,45.5831118,0
          </coordinates>
        </Point>
      </Placemark>
      <Placemark>
        <name>UK University Health Service</name>
        <description>Students Only</description>
        <styleUrl>#icon-1558-0097A7-labelson</styleUrl>
        <Point>
          <coordinates>
            -84.5088443,38.0323621,0
          </coordinates>
        </Point>
      </Placemark>
      <Placemark>
        <name>UnityPoint Clinic LGBTQ - Prairie Parkway</name>
        <styleUrl>#icon-1558-0097A7-labelson-nodesc</styleUrl>
        <Point>
          <coordinates>
            -92.4324527,42.4919763,0
          </coordinates>
        </Point>
      </Placemark>
      <Placemark>
        <name><![CDATA[Essentia Health-St. Mary's Medical Center (Duluth, Building B)]]></name>
        <description>Dr. Jamie Conniff</description>
        <styleUrl>#icon-1558-0097A7-labelson</styleUrl>
        <Point>
          <coordinates>
            -92.0941351,46.7923676,0
          </coordinates>
        </Point>
      </Placemark>
      <Placemark>
        <name>Community Healthcare Network – South Bronx</name>
        <styleUrl>#icon-1558-0097A7-labelson-nodesc</styleUrl>
        <Point>
          <coordinates>
            -73.8953087,40.8232015,0
          </coordinates>
        </Point>
      </Placemark>
      <Placemark>
        <name>Clinica Family Health</name>
        <styleUrl>#icon-1558-0097A7-labelson-nodesc</styleUrl>
        <Point>
          <coordinates>
            -105.0075316,39.8276815,0
          </coordinates>
        </Point>
      </Placemark>
      <Placemark>
        <name>SPEKTRUM Health</name>
        <styleUrl>#icon-1558-0097A7-labelson-nodesc</styleUrl>
        <Point>
          <coordinates>
            -81.3716208,28.4851648,0
          </coordinates>
        </Point>
      </Placemark>
      <Placemark>
        <name>Prism Health | Belmont</name>
        <styleUrl>#icon-1558-0097A7-labelson-nodesc</styleUrl>
        <Point>
          <coordinates>
            -122.6427643,45.516235,0
          </coordinates>
        </Point>
      </Placemark>
      <Placemark>
        <name>Health West ISU</name>
        <description>Dr. Neil Ragan</description>
        <styleUrl>#icon-1558-0097A7-labelson</styleUrl>
        <Point>
          <coordinates>
            -112.4320261,42.869982,0
          </coordinates>
        </Point>
      </Placemark>
      <Placemark>
        <name>Ohio State Outpatient Care East</name>
        <styleUrl>#icon-1558-0097A7-labelson-nodesc</styleUrl>
        <Point>
          <coordinates>
            -82.9630938,39.9786991,0
          </coordinates>
        </Point>
      </Placemark>
      <Placemark>
        <name>Mrs. Julie El Taher</name>
        <styleUrl>#icon-1558-0097A7-labelson-nodesc</styleUrl>
        <Point>
          <coordinates>
            -77.4018418,39.4542964,0
          </coordinates>
        </Point>
      </Placemark>
      <Placemark>
        <name>AIDS Outreach Center</name>
        <styleUrl>#icon-1558-0097A7-labelson-nodesc</styleUrl>
        <Point>
          <coordinates>
            -97.2868884,32.7697069,0
          </coordinates>
        </Point>
      </Placemark>
      <Placemark>
        <name>UC Health Wyoming</name>
        <description>Sarah Pickle</description>
        <styleUrl>#icon-1558-0097A7-labelson</styleUrl>
        <Point>
          <coordinates>
            -84.4840072,39.2128787,0
          </coordinates>
        </Point>
      </Placemark>
      <Placemark>
        <name>Deborah Sue-Perantoni Tuffield</name>
        <styleUrl>#icon-1558-0097A7-labelson-nodesc</styleUrl>
        <Point>
          <coordinates>
            -104.8173528,38.9011885,0
          </coordinates>
        </Point>
      </Placemark>
      <Placemark>
        <name>Zackary D Berger MD, PhD</name>
        <styleUrl>#icon-1558-0097A7-labelson-nodesc</styleUrl>
        <Point>
          <coordinates>
            -76.5933233,39.2973809,0
          </coordinates>
        </Point>
      </Placemark>
      <Placemark>
        <name>Haydee Docasar MD</name>
        <styleUrl>#icon-1558-0097A7-labelson-nodesc</styleUrl>
        <Point>
          <coordinates>
            -115.240323,36.084655,0
          </coordinates>
        </Point>
      </Placemark>
      <Placemark>
        <name>Texas Tech Physicians Medical Pavilion</name>
        <description>Dr. Cecilia Murillo and Dr. Fiona Prabhu</description>
        <styleUrl>#icon-1558-0097A7-labelson</styleUrl>
        <Point>
          <coordinates>
            -101.8913742,33.5903817,0
          </coordinates>
        </Point>
      </Placemark>
      <Placemark>
        <name>Grand Expectations</name>
        <styleUrl>#icon-1558-0097A7-labelson-nodesc</styleUrl>
        <Point>
          <coordinates>
            -101.8561003,33.5707721,0
          </coordinates>
        </Point>
      </Placemark>
      <Placemark>
        <name>Mayo Clinic</name>
        <styleUrl>#icon-1558-0097A7-labelson-nodesc</styleUrl>
        <Point>
          <coordinates>
            -92.4815903,44.0208655,0
          </coordinates>
        </Point>
      </Placemark>
      <Placemark>
        <name>Casa de Salud</name>
        <styleUrl>#icon-1558-0097A7-labelson-nodesc</styleUrl>
        <Point>
          <coordinates>
            -106.6769411,35.0530546,0
          </coordinates>
        </Point>
      </Placemark>
      <Placemark>
        <name>Dr. Kenneth Rodriguez</name>
        <styleUrl>#icon-1558-0097A7-labelson-nodesc</styleUrl>
        <Point>
          <coordinates>
            -81.3660271,28.6327487,0
          </coordinates>
        </Point>
      </Placemark>
      <Placemark>
        <name><![CDATA[Shannon K. Oates, MD, FACE - IU Health Arnett Physicians Endocrinology & Metabolism]]></name>
        <styleUrl>#icon-1558-0097A7-labelson-nodesc</styleUrl>
        <Point>
          <coordinates>
            -86.8671205,40.4194324,0
          </coordinates>
        </Point>
      </Placemark>
      <Placemark>
        <name>Freeman Medical Clinic and Life Coaching</name>
        <styleUrl>#icon-1558-0097A7-labelson-nodesc</styleUrl>
        <Point>
          <coordinates>
            -97.7637066,30.2734603,0
          </coordinates>
        </Point>
      </Placemark>
      <Placemark>
        <name>Westbrook Clinic</name>
        <styleUrl>#icon-1558-0097A7-labelson-nodesc</styleUrl>
        <Point>
          <coordinates>
            -97.6718215,26.1687088,0
          </coordinates>
        </Point>
      </Placemark>
      <Placemark>
        <name>Humboldt Open Door Clinic</name>
        <styleUrl>#icon-1558-0097A7-labelson-nodesc</styleUrl>
        <Point>
          <coordinates>
            -124.0862958,40.8798419,0
          </coordinates>
        </Point>
      </Placemark>
      <Placemark>
        <name>Northern Valley Indian Health, Inc.</name>
        <styleUrl>#icon-1558-0097A7-labelson-nodesc</styleUrl>
        <Point>
          <coordinates>
            -121.8763161,39.7475284,0
          </coordinates>
        </Point>
      </Placemark>
      <Placemark>
        <name><![CDATA[The Lavender Center & Clinic (West Oahu)]]></name>
        <styleUrl>#icon-1558-0097A7-labelson-nodesc</styleUrl>
        <Point>
          <coordinates>
            -158.1871065,21.4447164,0
          </coordinates>
        </Point>
      </Placemark>
      <Placemark>
        <name>Dr. Nixi Cat</name>
        <styleUrl>#icon-1558-0097A7-labelson-nodesc</styleUrl>
        <Point>
          <coordinates>
            -76.7984768,42.0912263,0
          </coordinates>
        </Point>
      </Placemark>
      <Placemark>
        <name>Karen Whittemore</name>
        <styleUrl>#icon-1558-0097A7-labelson-nodesc</styleUrl>
        <Point>
          <coordinates>
            -113.5328603,37.1021045,0
          </coordinates>
        </Point>
      </Placemark>
      <Placemark>
        <name><![CDATA[Dr. Randolph's Ageless & Wellness Center]]></name>
        <styleUrl>#icon-1558-0097A7-labelson-nodesc</styleUrl>
        <Point>
          <coordinates>
            -81.4109461,30.2887217,0
          </coordinates>
        </Point>
      </Placemark>
      <Placemark>
        <name>Mehdi Poorkay, MD</name>
        <styleUrl>#icon-1558-0097A7-labelson-nodesc</styleUrl>
        <Point>
          <coordinates>
            -85.750569,38.246604,0
          </coordinates>
        </Point>
      </Placemark>
      <Placemark>
        <name>Family Health Center</name>
        <styleUrl>#icon-1558-0097A7-labelson-nodesc</styleUrl>
        <Point>
          <coordinates>
            -122.7407263,45.9086367,0
          </coordinates>
        </Point>
      </Placemark>
      <Placemark>
        <name>Melinda Jones</name>
        <description>Ben Archer Health Center</description>
        <styleUrl>#icon-1558-0097A7-labelson</styleUrl>
        <Point>
          <coordinates>
            -106.814742,32.312012,0
          </coordinates>
        </Point>
      </Placemark>
      <Placemark>
        <name>Doctors Hospital at Renaissance</name>
        <description>Dr. Michelle Cordoba</description>
        <styleUrl>#icon-1558-0097A7-labelson</styleUrl>
        <Point>
          <coordinates>
            -98.2069632,26.2545628,0
          </coordinates>
        </Point>
      </Placemark>
      <Placemark>
        <name>Desert Hot Springs Health and Wellness Center</name>
        <styleUrl>#icon-1558-0097A7-labelson-nodesc</styleUrl>
        <Point>
          <coordinates>
            -116.5137498,33.9640232,0
          </coordinates>
        </Point>
      </Placemark>
      <Placemark>
        <name>Borrego Medical Clinic</name>
        <styleUrl>#icon-1558-0097A7-labelson-nodesc</styleUrl>
        <Point>
          <coordinates>
            -116.3288644,33.1939036,0
          </coordinates>
        </Point>
      </Placemark>
      <Placemark>
        <name>Stonewall Medical Center</name>
        <styleUrl>#icon-1558-0097A7-labelson-nodesc</styleUrl>
        <Point>
          <coordinates>
            -116.4647484,33.8154916,0
          </coordinates>
        </Point>
      </Placemark>
      <Placemark>
        <name>Centro Medico Coachella</name>
        <styleUrl>#icon-1558-0097A7-labelson-nodesc</styleUrl>
        <Point>
          <coordinates>
            -116.2004208,33.6430903,0
          </coordinates>
        </Point>
      </Placemark>
      <Placemark>
        <name>Centro Medico El Cajon</name>
        <styleUrl>#icon-1558-0097A7-labelson-nodesc</styleUrl>
        <Point>
          <coordinates>
            -116.9646402,32.7944591,0
          </coordinates>
        </Point>
      </Placemark>
      <Placemark>
        <name>Centro Medico Escondido</name>
        <styleUrl>#icon-1558-0097A7-labelson-nodesc</styleUrl>
        <Point>
          <coordinates>
            -117.0691038,33.1315837,0
          </coordinates>
        </Point>
      </Placemark>
      <Placemark>
        <name>Julian Medical Center: Merrick H Keith MD</name>
        <styleUrl>#icon-1558-0097A7-labelson-nodesc</styleUrl>
        <Point>
          <coordinates>
            -116.6027176,33.0780486,0
          </coordinates>
        </Point>
      </Placemark>
      <Placemark>
        <name>Neighborhood Healthcare Arlanza Family Health Center</name>
        <styleUrl>#icon-1558-0097A7-labelson-nodesc</styleUrl>
        <Point>
          <coordinates>
            -117.4674079,33.9459136,0
          </coordinates>
        </Point>
      </Placemark>
      <Placemark>
        <name><![CDATA[Centro Medico El Cajon - Women's Health and Wellness Center]]></name>
        <styleUrl>#icon-1558-0097A7-labelson-nodesc</styleUrl>
        <Point>
          <coordinates>
            -116.9626982,32.794722,0
          </coordinates>
        </Point>
      </Placemark>
      <Placemark>
        <name>Anza Community Health Center</name>
        <styleUrl>#icon-1558-0097A7-labelson-nodesc</styleUrl>
        <Point>
          <coordinates>
            -116.6388718,33.5569905,0
          </coordinates>
        </Point>
      </Placemark>
      <Placemark>
        <name>San Jacinto Health Center</name>
        <styleUrl>#icon-1558-0097A7-labelson-nodesc</styleUrl>
        <Point>
          <coordinates>
            -116.9701064,33.79541,0
          </coordinates>
        </Point>
      </Placemark>
      <Placemark>
        <name>Neighborhood Healthcare Arlanza Family Health Center</name>
        <styleUrl>#icon-1558-0097A7-labelson-nodesc</styleUrl>
        <Point>
          <coordinates>
            -117.4674079,33.9459136,0
          </coordinates>
        </Point>
      </Placemark>
      <Placemark>
        <name>Inland Family Community Health Center</name>
        <styleUrl>#icon-1558-0097A7-labelson-nodesc</styleUrl>
        <Point>
          <coordinates>
            -117.2917327,34.1116435,0
          </coordinates>
        </Point>
      </Placemark>
      <Placemark>
        <name>James Nagel, MD</name>
        <styleUrl>#icon-1558-0097A7-labelson-nodesc</styleUrl>
        <Point>
          <coordinates>
            -121.8721168,39.7716809,0
          </coordinates>
        </Point>
      </Placemark>
      <Placemark>
        <name>UCHS Vine Hill Clinic</name>
        <styleUrl>#icon-1558-0097A7-labelson-nodesc</styleUrl>
        <Point>
          <coordinates>
            -86.7690483,36.1311387,0
          </coordinates>
        </Point>
      </Placemark>
      <Placemark>
        <name>Olsen Clinic</name>
        <styleUrl>#icon-1558-0097A7-labelson-nodesc</styleUrl>
        <Point>
          <coordinates>
            -94.1843711,36.1365988,0
          </coordinates>
        </Point>
      </Placemark>
      <Placemark>
        <name>Laura Amanda Perry</name>
        <styleUrl>#icon-1558-0097A7-labelson-nodesc</styleUrl>
        <Point>
          <coordinates>
            -87.6747949,41.8683907,0
          </coordinates>
        </Point>
      </Placemark>
      <Placemark>
        <name>Rager Adolescent Health</name>
        <styleUrl>#icon-1558-0097A7-labelson-nodesc</styleUrl>
        <Point>
          <coordinates>
            -86.7584102,36.1745925,0
          </coordinates>
        </Point>
      </Placemark>
      <Placemark>
        <name>Santa Rosa Community Health -- Lombardi Campus</name>
        <styleUrl>#icon-1558-0097A7-labelson-nodesc</styleUrl>
        <Point>
          <coordinates>
            -122.749303,38.4278571,0
          </coordinates>
        </Point>
      </Placemark>
      <Placemark>
        <name><![CDATA[Fulcrum Health & Wellness]]></name>
        <styleUrl>#icon-1558-0097A7-labelson-nodesc</styleUrl>
        <Point>
          <coordinates>
            -97.5462988,35.3774777,0
          </coordinates>
        </Point>
      </Placemark>
      <Placemark>
        <name>Amy K. Weimer, MD</name>
        <styleUrl>#icon-1558-0097A7-labelson-nodesc</styleUrl>
        <Point>
          <coordinates>
            -118.4854432,34.0275006,0
          </coordinates>
        </Point>
      </Placemark>
      <Placemark>
        <name>Kathryn S. Tierney, MSN, APRN, FNP-BC, FAANP</name>
        <styleUrl>#icon-1558-0097A7-labelson-nodesc</styleUrl>
        <Point>
          <coordinates>
            -72.6211227,41.5415335,0
          </coordinates>
        </Point>
      </Placemark>
      <Placemark>
        <name>PACH - Phoenix Allies for Community Health</name>
        <description>For people without insurance. </description>
        <styleUrl>#icon-1558-0097A7-labelson</styleUrl>
        <Point>
          <coordinates>
            -112.1215935,33.492778,0
          </coordinates>
        </Point>
      </Placemark>
      <Placemark>
        <name>Kristin L. Moreau, MD</name>
        <styleUrl>#icon-1558-0097A7-labelson-nodesc</styleUrl>
        <Point>
          <coordinates>
            -105.0820062,39.772444,0
          </coordinates>
        </Point>
      </Placemark>
      <Placemark>
        <name>MetroHealth Rocky River Medical Offices</name>
        <styleUrl>#icon-1558-0097A7-labelson-nodesc</styleUrl>
        <Point>
          <coordinates>
            -81.8481668,41.4629404,0
          </coordinates>
        </Point>
      </Placemark>
      <Placemark>
        <name>Watson Terry DO</name>
        <styleUrl>#icon-1558-0097A7-labelson-nodesc</styleUrl>
        <Point>
          <coordinates>
            -96.862491,32.8193059,0
          </coordinates>
        </Point>
      </Placemark>
      <Placemark>
        <name>Klamath Open Door Family Practice</name>
        <styleUrl>#icon-1558-0097A7-labelson-nodesc</styleUrl>
        <Point>
          <coordinates>
            -121.7657569,42.2152842,0
          </coordinates>
        </Point>
      </Placemark>
      <Placemark>
        <name><![CDATA[Care South Medical & Dental]]></name>
        <styleUrl>#icon-1558-0097A7-labelson-nodesc</styleUrl>
        <Point>
          <coordinates>
            -91.1563644,30.4498653,0
          </coordinates>
        </Point>
      </Placemark>
      <Placemark>
        <name>WE Health Clinic</name>
        <styleUrl>#icon-1558-0097A7-labelson-nodesc</styleUrl>
        <Point>
          <coordinates>
            -92.0978686,46.7882121,0
          </coordinates>
        </Point>
      </Placemark>
      <Placemark>
        <name>Wise Patient Internal Medicine</name>
        <styleUrl>#icon-1558-0097A7-labelson-nodesc</styleUrl>
        <Point>
          <coordinates>
            -122.307859,47.6246975,0
          </coordinates>
        </Point>
      </Placemark>
      <Placemark>
        <name><![CDATA[Cincinnati Children's Hospital Medical Center]]></name>
        <description>24 and under</description>
        <styleUrl>#icon-1558-0097A7-labelson</styleUrl>
        <Point>
          <coordinates>
            -84.501763,39.1403437,0
          </coordinates>
        </Point>
      </Placemark>
      <Placemark>
        <name><![CDATA[Dr. Marlowe's Weight Loss Institute]]></name>
        <styleUrl>#icon-1558-0097A7-labelson-nodesc</styleUrl>
        <Point>
          <coordinates>
            -80.8051706,35.191002,0
          </coordinates>
        </Point>
      </Placemark>
      <Placemark>
        <name>Dr. Noah R. Pierson, MD</name>
        <styleUrl>#icon-1558-0097A7-labelson-nodesc</styleUrl>
        <Point>
          <coordinates>
            -77.8500608,34.2371792,0
          </coordinates>
        </Point>
      </Placemark>
      <Placemark>
        <name>Dr. Margaret W. Pierson, MD</name>
        <styleUrl>#icon-1558-0097A7-labelson-nodesc</styleUrl>
        <Point>
          <coordinates>
            -77.8120198,34.2791314,0
          </coordinates>
        </Point>
      </Placemark>
      <Placemark>
        <name>Karen Isaacs, MD, MPH</name>
        <styleUrl>#icon-1558-0097A7-labelson-nodesc</styleUrl>
        <Point>
          <coordinates>
            -81.669246,36.2155887,0
          </coordinates>
        </Point>
      </Placemark>
      <Placemark>
        <name>Novant Health New Hanover Regional Medical Center</name>
        <styleUrl>#icon-1558-0097A7-labelson-nodesc</styleUrl>
        <Point>
          <coordinates>
            -77.9213691,34.2057412,0
          </coordinates>
        </Point>
      </Placemark>
      <Placemark>
        <name>Dr. Jude B. Harrison, MD</name>
        <styleUrl>#icon-1558-0097A7-labelson-nodesc</styleUrl>
        <Point>
          <coordinates>
            -107.8777679,37.2406969,0
          </coordinates>
        </Point>
      </Placemark>
      <Placemark>
        <name>Corinne Reed</name>
        <styleUrl>#icon-1558-0097A7-labelson-nodesc</styleUrl>
        <Point>
          <coordinates>
            -107.0783976,37.2521575,0
          </coordinates>
        </Point>
      </Placemark>
      <Placemark>
        <name>APLA Health - 3741 S. La Brea</name>
        <styleUrl>#icon-1558-0097A7-labelson-nodesc</styleUrl>
        <Point>
          <coordinates>
            -118.3564812,34.0186337,0
          </coordinates>
        </Point>
      </Placemark>
      <Placemark>
        <name>APLA Health Center, Long Beach</name>
        <styleUrl>#icon-1558-0097A7-labelson-nodesc</styleUrl>
        <Point>
          <coordinates>
            -118.188409,33.779705,0
          </coordinates>
        </Point>
      </Placemark>
      <Placemark>
        <name>Howard Brown Health 55th St.</name>
        <styleUrl>#icon-1558-0097A7-labelson-nodesc</styleUrl>
        <Point>
          <coordinates>
            -87.5877739,41.7950615,0
          </coordinates>
        </Point>
      </Placemark>
      <Placemark>
        <name>Howard Brown Health at La Casa Norte</name>
        <styleUrl>#icon-1558-0097A7-labelson-nodesc</styleUrl>
        <Point>
          <coordinates>
            -87.71578,41.9098152,0
          </coordinates>
        </Point>
      </Placemark>
      <Placemark>
        <name>David L. Kriegel II, MD</name>
        <styleUrl>#icon-1558-0097A7-labelson-nodesc</styleUrl>
        <Point>
          <coordinates>
            -81.9905825,33.4712347,0
          </coordinates>
        </Point>
      </Placemark>
      <Placemark>
        <name><![CDATA[VECTOR Health & Wellness, LLC]]></name>
        <styleUrl>#icon-1558-0097A7-labelson-nodesc</styleUrl>
        <Point>
          <coordinates>
            -94.2047626,36.080316,0
          </coordinates>
        </Point>
      </Placemark>
      <Placemark>
        <name>Elliot Pediatrics and Primary Care at Riverside</name>
        <styleUrl>#icon-1558-0097A7-labelson-nodesc</styleUrl>
        <Point>
          <coordinates>
            -71.4385336,43.0564813,0
          </coordinates>
        </Point>
      </Placemark>
      <Placemark>
        <name>Einstein Healthcare Network</name>
        <description>https://www.einstein.edu/pride-program</description>
        <styleUrl>#icon-1558-0097A7-labelson</styleUrl>
        <Point>
          <coordinates>
            -75.1470517,40.0266788,0
          </coordinates>
        </Point>
      </Placemark>
      <Placemark>
        <name>Be Well Medical Center</name>
        <styleUrl>#icon-1558-0097A7-labelson-nodesc</styleUrl>
        <Point>
          <coordinates>
            -83.1768434,42.4891789,0
          </coordinates>
        </Point>
      </Placemark>
      <Placemark>
        <name>Central Outreach Washington</name>
        <styleUrl>#icon-1558-0097A7-labelson-nodesc</styleUrl>
        <Point>
          <coordinates>
            -80.261096,40.179189,0
          </coordinates>
        </Point>
      </Placemark>
      <Placemark>
        <name>Kaiser Permanente Oakland Medical Center</name>
        <styleUrl>#icon-1558-0097A7-labelson-nodesc</styleUrl>
        <Point>
          <coordinates>
            -122.2582169,37.8236091,0
          </coordinates>
        </Point>
      </Placemark>
      <Placemark>
        <name>Kaiser Permanente San Francisco Medical Center</name>
        <styleUrl>#icon-1558-0097A7-labelson-nodesc</styleUrl>
        <Point>
          <coordinates>
            -122.4432378,37.7826471,0
          </coordinates>
        </Point>
      </Placemark>
      <Placemark>
        <name>Bellin Health Ashwaubenon</name>
        <styleUrl>#icon-1558-0097A7-labelson-nodesc</styleUrl>
        <Point>
          <coordinates>
            -88.1029737,44.4927604,0
          </coordinates>
        </Point>
      </Placemark>
      <Placemark>
        <name>Lake County Health Department - Midlakes Health Center</name>
        <styleUrl>#icon-1558-0097A7-labelson-nodesc</styleUrl>
        <Point>
          <coordinates>
            -88.0889812,42.3709891,0
          </coordinates>
        </Point>
      </Placemark>
      <Placemark>
        <name><![CDATA[Lake County Health Department - Women, Infants & Children (WIC)]]></name>
        <styleUrl>#icon-1558-0097A7-labelson-nodesc</styleUrl>
        <Point>
          <coordinates>
            -87.8625315,42.3517369,0
          </coordinates>
        </Point>
      </Placemark>
      <Placemark>
        <name>Dr. Jonathan S Appelbaum MD</name>
        <description>https://www.tmh.org/location/the-fsu-college-of-medicine-internal-medicine-residency-program-at-tmh</description>
        <styleUrl>#icon-1558-0097A7-labelson</styleUrl>
        <Point>
          <coordinates>
            -84.2616255,30.4564874,0
          </coordinates>
        </Point>
      </Placemark>
      <Placemark>
        <name>OneHealth Montana</name>
        <styleUrl>#icon-1558-0097A7-labelson-nodesc</styleUrl>
        <Point>
          <coordinates>
            -105.8509869,46.4061888,0
          </coordinates>
        </Point>
      </Placemark>
      <Placemark>
        <name>Starland Family Practice</name>
        <styleUrl>#icon-1558-0097A7-labelson-nodesc</styleUrl>
        <Point>
          <coordinates>
            -81.1244722,31.9947147,0
          </coordinates>
        </Point>
      </Placemark>
      <Placemark>
        <name>East Cliff Family Health Center</name>
        <styleUrl>#icon-1558-0097A7-labelson-nodesc</styleUrl>
        <Point>
          <coordinates>
            -121.984751,36.9761577,0
          </coordinates>
        </Point>
      </Placemark>
      <Placemark>
        <name>Laura Baker</name>
        <description>pullmanfamilymed.com</description>
        <styleUrl>#icon-1558-0097A7-labelson</styleUrl>
        <Point>
          <coordinates>
            -117.1673609,46.7381858,0
          </coordinates>
        </Point>
      </Placemark>
      <Placemark>
        <name>North Country HealthCare - Flagstaff (4th Street)</name>
        <styleUrl>#icon-1558-0097A7-labelson-nodesc</styleUrl>
        <Point>
          <coordinates>
            -111.6126929,35.2168899,0
          </coordinates>
        </Point>
      </Placemark>
      <Placemark>
        <name>Transgender Health Care - Virginia Mason Seattle</name>
        <styleUrl>#icon-1558-0097A7-labelson-nodesc</styleUrl>
        <Point>
          <coordinates>
            -122.327968,47.6094886,0
          </coordinates>
        </Point>
      </Placemark>
      <Placemark>
        <name>Washington University Center for Advanced Medicine</name>
        <description>https://endocrinology.wustl.edu/patient-care/washington-university-transgender-center/</description>
        <styleUrl>#icon-1558-0097A7-labelson</styleUrl>
        <Point>
          <coordinates>
            -90.263384,38.638362,0
          </coordinates>
        </Point>
      </Placemark>
      <Placemark>
        <name>One Medical: Cobble Hill</name>
        <styleUrl>#icon-1558-0097A7-labelson-nodesc</styleUrl>
        <Point>
          <coordinates>
            -73.9906454,40.6861586,0
          </coordinates>
        </Point>
      </Placemark>
      <Placemark>
        <name>One Medical: Tribeca</name>
        <styleUrl>#icon-1558-0097A7-labelson-nodesc</styleUrl>
        <Point>
          <coordinates>
            -74.0093314,40.7166328,0
          </coordinates>
        </Point>
      </Placemark>
      <Placemark>
        <name>One Medical: Meatpacking - W 14th St</name>
        <styleUrl>#icon-1558-0097A7-labelson-nodesc</styleUrl>
        <Point>
          <coordinates>
            -74.0060286,40.7409434,0
          </coordinates>
        </Point>
      </Placemark>
      <Placemark>
        <name>Optimal Balance Center</name>
        <styleUrl>#icon-1558-0097A7-labelson-nodesc</styleUrl>
        <Point>
          <coordinates>
            -97.6102187,30.4415561,0
          </coordinates>
        </Point>
      </Placemark>
      <Placemark>
        <name>APO</name>
        <styleUrl>#icon-1558-0097A7-labelson-nodesc</styleUrl>
        <Point>
          <coordinates>
            -93.2617022,37.1842041,0
          </coordinates>
        </Point>
      </Placemark>
      <Placemark>
        <name>Hands On Medicine</name>
        <styleUrl>#icon-1558-0097A7-labelson-nodesc</styleUrl>
        <Point>
          <coordinates>
            -122.668912,45.561899,0
          </coordinates>
        </Point>
      </Placemark>
      <Placemark>
        <name>Lutheran Health Physicians - Family Medicine - New Haven</name>
        <description>Dr. Erin Jefferson</description>
        <styleUrl>#icon-1558-0097A7-labelson</styleUrl>
        <Point>
          <coordinates>
            -85.0030052,41.0647109,0
          </coordinates>
        </Point>
      </Placemark>
      <Placemark>
        <name>Crew Health, Inc.</name>
        <styleUrl>#icon-1558-0097A7-labelson-nodesc</styleUrl>
        <Point>
          <coordinates>
            -81.4329202,28.4440385,0
          </coordinates>
        </Point>
      </Placemark>
      <Placemark>
        <name>A-P Medical Group</name>
        <description><![CDATA[https://www.apmedicalgroupnv.com/services-offered/lgbt-care/  <br><br>No minors. ]]></description>
        <styleUrl>#icon-1558-0097A7-labelson</styleUrl>
        <Point>
          <coordinates>
            -115.1230265,36.1153703,0
          </coordinates>
        </Point>
      </Placemark>
      <Placemark>
        <name>Mt. Shuksan Family Medicine and Dermatology</name>
        <styleUrl>#icon-1558-0097A7-labelson-nodesc</styleUrl>
        <Point>
          <coordinates>
            -122.4748212,48.7598735,0
          </coordinates>
        </Point>
      </Placemark>
      <Placemark>
        <name>Canopy Medical Clinic</name>
        <styleUrl>#icon-1558-0097A7-labelson-nodesc</styleUrl>
        <Point>
          <coordinates>
            -96.8307071,46.858855,0
          </coordinates>
        </Point>
      </Placemark>
      <Placemark>
        <name>Kind Clinic — San Antonio</name>
        <styleUrl>#icon-1558-0097A7-labelson-nodesc</styleUrl>
        <Point>
          <coordinates>
            -98.4902111,29.5306028,0
          </coordinates>
        </Point>
      </Placemark>
      <Placemark>
        <name>Kind Clinic Austin — Koenig</name>
        <styleUrl>#icon-1558-0097A7-labelson-nodesc</styleUrl>
        <Point>
          <coordinates>
            -97.720127,30.3221702,0
          </coordinates>
        </Point>
      </Placemark>
      <Placemark>
        <name>Buffalo Women Services</name>
        <styleUrl>#icon-1558-0097A7-labelson-nodesc</styleUrl>
        <Point>
          <coordinates>
            -78.8421528,42.9366578,0
          </coordinates>
        </Point>
      </Placemark>
      <Placemark>
        <name>GO CARE Community Health Clinic</name>
        <description>(318) 325-1092 </description>
        <styleUrl>#icon-1558-0097A7-labelson</styleUrl>
        <Point>
          <coordinates>
            -92.1465307,32.5112256,0
          </coordinates>
        </Point>
      </Placemark>
      <Placemark>
        <name>Tamara Saimons</name>
        <styleUrl>#icon-1558-0097A7-labelson-nodesc</styleUrl>
        <Point>
          <coordinates>
            -106.5912334,35.1346977,0
          </coordinates>
        </Point>
      </Placemark>
      <Placemark>
        <name>UNM Truman Health Services</name>
        <styleUrl>#icon-1558-0097A7-labelson-nodesc</styleUrl>
        <Point>
          <coordinates>
            -106.631603,35.0896586,0
          </coordinates>
        </Point>
      </Placemark>
      <Placemark>
        <name>Beloit Memorial Hospital</name>
        <description>Dr. Weirich. </description>
        <styleUrl>#icon-1558-0097A7-labelson</styleUrl>
        <Point>
          <coordinates>
            -89.0080105,42.5488532,0
          </coordinates>
        </Point>
      </Placemark>
      <Placemark>
        <name>Lancaster Family Health Center at Lancaster</name>
        <styleUrl>#icon-1558-0097A7-labelson-nodesc</styleUrl>
        <Point>
          <coordinates>
            -122.9848306,44.9299849,0
          </coordinates>
        </Point>
      </Placemark>
      <Placemark>
        <name>Community Health Alliance – Wells Ave. Health Center</name>
        <styleUrl>#icon-1558-0097A7-labelson-nodesc</styleUrl>
        <Point>
          <coordinates>
            -119.8035533,39.5157401,0
          </coordinates>
        </Point>
      </Placemark>
      <Placemark>
        <name>Alamo Area Resource Center</name>
        <description>https://studentrunclinics.org/our-clinics/pride-community-clinic/</description>
        <styleUrl>#icon-1558-0097A7-labelson</styleUrl>
        <Point>
          <coordinates>
            -98.5041636,29.4283288,0
          </coordinates>
        </Point>
      </Placemark>
      <Placemark>
        <name>Christopher W. Swales, MD</name>
        <styleUrl>#icon-1558-0097A7-labelson-nodesc</styleUrl>
        <Point>
          <coordinates>
            -121.780047,38.5607656,0
          </coordinates>
        </Point>
      </Placemark>
      <Placemark>
        <name>Baptist Health Medical Group Primary Care</name>
        <styleUrl>#icon-1558-0097A7-labelson-nodesc</styleUrl>
        <Point>
          <coordinates>
            -85.7139501,38.2275581,0
          </coordinates>
        </Point>
      </Placemark>
      <Placemark>
        <name>Gerald J. Friedman Transgender Program</name>
        <styleUrl>#icon-1558-0097A7-labelson-nodesc</styleUrl>
        <Point>
          <coordinates>
            -73.9694002,40.7623427,0
          </coordinates>
        </Point>
      </Placemark>
      <Placemark>
        <name>Jackson Medical Group</name>
        <styleUrl>#icon-1558-0097A7-labelson-nodesc</styleUrl>
        <Point>
          <coordinates>
            -119.8770843,34.4287753,0
          </coordinates>
        </Point>
      </Placemark>
      <Placemark>
        <name>UNLV Health Family Medicine Clinic</name>
        <description><![CDATA[Dr. Weismiller<br>https://www.unlvhealth.org/contact/david-weismiller]]></description>
        <styleUrl>#icon-1558-0097A7-labelson</styleUrl>
        <Point>
          <coordinates>
            -115.2467029,36.2097915,0
          </coordinates>
        </Point>
      </Placemark>
      <Placemark>
        <name>LGBTQ+ Health Program</name>
        <description>https://stanfordhealthcare.org/medical-clinics/lgbtq-health.html</description>
        <styleUrl>#icon-1558-0097A7-labelson</styleUrl>
        <Point>
          <coordinates>
            -122.114663,37.399016,0
          </coordinates>
        </Point>
      </Placemark>
      <Placemark>
        <name>Dr. Michael E. Hymbaugh, MD</name>
        <styleUrl>#icon-1558-0097A7-labelson-nodesc</styleUrl>
        <Point>
          <coordinates>
            -91.1427237,30.4470295,0
          </coordinates>
        </Point>
      </Placemark>
      <Placemark>
        <name>ACG Health</name>
        <styleUrl>#icon-1558-0097A7-labelson-nodesc</styleUrl>
        <Point>
          <coordinates>
            -75.2704321,39.9099976,0
          </coordinates>
        </Point>
      </Placemark>
      <Placemark>
        <name>Circle Care Center - Norwalk</name>
        <styleUrl>#icon-1558-0097A7-labelson-nodesc</styleUrl>
        <Point>
          <coordinates>
            -73.4159077,41.113622,0
          </coordinates>
        </Point>
      </Placemark>
      <Placemark>
        <name>Sindecuse Health Center</name>
        <styleUrl>#icon-1558-0097A7-labelson-nodesc</styleUrl>
        <Point>
          <coordinates>
            -85.6164266,42.2860283,0
          </coordinates>
        </Point>
      </Placemark>
      <Placemark>
        <name>Dennis R. Neill Equality Center</name>
        <description>http://www.okeq.org/okeq-health-clinic.html</description>
        <styleUrl>#icon-1558-0097A7-labelson</styleUrl>
        <Point>
          <coordinates>
            -95.9826267,36.1554183,0
          </coordinates>
        </Point>
      </Placemark>
      <Placemark>
        <name>Complete Integrative Care</name>
        <styleUrl>#icon-1558-0097A7-labelson-nodesc</styleUrl>
        <Point>
          <coordinates>
            -122.8245595,42.313708,0
          </coordinates>
        </Point>
      </Placemark>
      <Placemark>
        <name>Dr. Olivia Danforth</name>
        <description>https://www.samhealth.org/patient-visitors/find-a-doctor/d/danforth-olivia-1790211845</description>
        <styleUrl>#icon-1558-0097A7-labelson</styleUrl>
        <Point>
          <coordinates>
            -123.0844493,44.6258998,0
          </coordinates>
        </Point>
      </Placemark>
      <Placemark>
        <name>Heartland Community Health Center</name>
        <styleUrl>#icon-1558-0097A7-labelson-nodesc</styleUrl>
        <Point>
          <coordinates>
            -95.2504806,38.973999,0
          </coordinates>
        </Point>
      </Placemark>
      <Placemark>
        <name>Elite GYN Care of the Palm Beaches: Maureen Whelihan, MD, FACOG</name>
        <styleUrl>#icon-1558-0097A7-labelson-nodesc</styleUrl>
        <Point>
          <coordinates>
            -80.152214,26.6185264,0
          </coordinates>
        </Point>
      </Placemark>
      <Placemark>
        <name>Spectrum: The Other Clinic</name>
        <styleUrl>#icon-1558-0097A7-labelson-nodesc</styleUrl>
        <Point>
          <coordinates>
            -89.300109,31.3249684,0
          </coordinates>
        </Point>
      </Placemark>
      <Placemark>
        <name>Lovering Health Center</name>
        <styleUrl>#icon-1558-0097A7-labelson-nodesc</styleUrl>
        <Point>
          <coordinates>
            -70.8376594,43.0364026,0
          </coordinates>
        </Point>
      </Placemark>
      <Placemark>
        <name>DawnMD</name>
        <styleUrl>#icon-1558-0097A7-labelson-nodesc</styleUrl>
        <Point>
          <coordinates>
            -117.1759194,46.7297325,0
          </coordinates>
        </Point>
      </Placemark>
      <Placemark>
        <name>Primacy - Family First Health Centre</name>
        <description>Dr Irena Druce</description>
        <styleUrl>#icon-1558-0097A7-labelson</styleUrl>
        <Point>
          <coordinates>
            -75.4953966,45.4567846,0
          </coordinates>
        </Point>
      </Placemark>
      <Placemark>
        <name>LEAF Weight Management Clinic</name>
        <styleUrl>#icon-1558-0097A7-labelson-nodesc</styleUrl>
        <Point>
          <coordinates>
            -75.6100787,45.4336117,0
          </coordinates>
        </Point>
      </Placemark>
      <Placemark>
        <name>Centretown Community Health Centre</name>
        <styleUrl>#icon-1558-0097A7-labelson-nodesc</styleUrl>
        <Point>
          <coordinates>
            -75.6978334,45.4154793,0
          </coordinates>
        </Point>
      </Placemark>
      <Placemark>
        <name>Hulinsky Ilja MD</name>
        <styleUrl>#icon-1558-0097A7-labelson-nodesc</styleUrl>
        <Point>
          <coordinates>
            -72.954608,41.2792284,0
          </coordinates>
        </Point>
      </Placemark>
      <Placemark>
        <name>Carilion Clinic Rheumatology</name>
        <styleUrl>#icon-1558-0097A7-labelson-nodesc</styleUrl>
        <Point>
          <coordinates>
            -79.9427915,37.2557541,0
          </coordinates>
        </Point>
      </Placemark>
      <Placemark>
        <name>Diversity Family Health</name>
        <styleUrl>#icon-1558-0097A7-labelson-nodesc</styleUrl>
        <Point>
          <coordinates>
            -97.5260763,35.4803862,0
          </coordinates>
        </Point>
      </Placemark>
      <Placemark>
        <name>Northwestern Medicine Primary Care Geneva</name>
        <styleUrl>#icon-1558-0097A7-labelson-nodesc</styleUrl>
        <Point>
          <coordinates>
            -88.34292,41.87641,0
          </coordinates>
        </Point>
      </Placemark>
      <Placemark>
        <name>Central Outreach Erie</name>
        <styleUrl>#icon-1558-0097A7-labelson-nodesc</styleUrl>
        <Point>
          <coordinates>
            -80.070942,42.107463,0
          </coordinates>
        </Point>
      </Placemark>
      <Placemark>
        <name>T Douglas Gurley MD</name>
        <styleUrl>#icon-1558-0097A7-labelson-nodesc</styleUrl>
        <Point>
          <coordinates>
            -84.3658892,33.7562571,0
          </coordinates>
        </Point>
      </Placemark>
      <Placemark>
        <name>Ponce Primary Care</name>
        <styleUrl>#icon-1558-0097A7-labelson-nodesc</styleUrl>
        <Point>
          <coordinates>
            -84.3004636,33.7762542,0
          </coordinates>
        </Point>
      </Placemark>
      <Placemark>
        <name>Open Door Health</name>
        <styleUrl>#icon-1558-0097A7-labelson-nodesc</styleUrl>
        <Point>
          <coordinates>
            -71.4218077,41.8148059,0
          </coordinates>
        </Point>
      </Placemark>
      <Placemark>
        <name>MSU Department Of Family Medicine</name>
        <styleUrl>#icon-1558-0097A7-labelson-nodesc</styleUrl>
        <Point>
          <coordinates>
            -84.4681228,42.7177142,0
          </coordinates>
        </Point>
      </Placemark>
      <Placemark>
        <name>University Health Truman Medical Center</name>
        <description>https://www.trumed.org/services/lgbtq-care/</description>
        <styleUrl>#icon-1558-0097A7-labelson</styleUrl>
        <Point>
          <coordinates>
            -94.5752125,39.0841581,0
          </coordinates>
        </Point>
      </Placemark>
      <Placemark>
        <name>Compounding Specialists</name>
        <styleUrl>#icon-1558-0097A7-labelson-nodesc</styleUrl>
        <Point>
          <coordinates>
            -106.271794,42.83299,0
          </coordinates>
        </Point>
      </Placemark>
      <Placemark>
        <name>CAN Community Health - Norfolk, VA</name>
        <styleUrl>#icon-1558-0097A7-labelson-nodesc</styleUrl>
        <Point>
          <coordinates>
            -76.2874968,36.8595669,0
          </coordinates>
        </Point>
      </Placemark>
      <Placemark>
        <name>Kind Clinic Austin — South</name>
        <styleUrl>#icon-1558-0097A7-labelson-nodesc</styleUrl>
        <Point>
          <coordinates>
            -97.7450306,30.2292633,0
          </coordinates>
        </Point>
      </Placemark>
      <Placemark>
        <name>Northwestern Memorial Hospital</name>
        <description>https://www.nm.org/conditions-and-care-areas/gender-pathways-program</description>
        <styleUrl>#icon-1558-0097A7-labelson</styleUrl>
        <Point>
          <coordinates>
            -87.6214858,41.8947049,0
          </coordinates>
        </Point>
      </Placemark>
      <Placemark>
        <name>Dr. Barry R. Johns, MD</name>
        <styleUrl>#icon-1558-0097A7-labelson-nodesc</styleUrl>
        <Point>
          <coordinates>
            -83.7033289,32.9201235,0
          </coordinates>
        </Point>
      </Placemark>
      <Placemark>
        <name>Revan Health</name>
        <styleUrl>#icon-1558-0097A7-labelson-nodesc</styleUrl>
        <Point>
          <coordinates>
            -97.6118417,35.5451955,0
          </coordinates>
        </Point>
      </Placemark>
      <Placemark>
        <name>Equitas Health Cincinnati Medical Center</name>
        <styleUrl>#icon-1558-0097A7-labelson-nodesc</styleUrl>
        <Point>
          <coordinates>
            -84.4888457,39.1300167,0
          </coordinates>
        </Point>
      </Placemark>
      <Placemark>
        <name><![CDATA[Thacker Thompson & Bernard]]></name>
        <styleUrl>#icon-1558-0097A7-labelson-nodesc</styleUrl>
        <Point>
          <coordinates>
            -84.3670505,33.7668013,0
          </coordinates>
        </Point>
      </Placemark>
      <Placemark>
        <name>Edward M Kennedy Community Health Center</name>
        <styleUrl>#icon-1558-0097A7-labelson-nodesc</styleUrl>
        <Point>
          <coordinates>
            -71.7661904,42.3024999,0
          </coordinates>
        </Point>
      </Placemark>
      <Placemark>
        <name>Village Medical - Heights South</name>
        <description>Dr. Kovacs</description>
        <styleUrl>#icon-1558-0097A7-labelson</styleUrl>
        <Point>
          <coordinates>
            -95.4076536,29.7827424,0
          </coordinates>
        </Point>
      </Placemark>
      <Placemark>
        <name>UCS Healthcare</name>
        <styleUrl>#icon-1558-0097A7-labelson-nodesc</styleUrl>
        <Point>
          <coordinates>
            -93.7213901,41.5890633,0
          </coordinates>
        </Point>
      </Placemark>
      <Placemark>
        <name>Bassett Health Center Oneonta - 125 Main Street</name>
        <styleUrl>#icon-1558-0097A7-labelson-nodesc</styleUrl>
        <Point>
          <coordinates>
            -75.06364,42.4528794,0
          </coordinates>
        </Point>
      </Placemark>
      <Placemark>
        <name>Dr. James Koerener</name>
        <styleUrl>#icon-1558-0097A7-labelson-nodesc</styleUrl>
        <Point>
          <coordinates>
            -94.6491259,31.6119575,0
          </coordinates>
        </Point>
      </Placemark>
      <Placemark>
        <name>Christine Powell, M.D.</name>
        <styleUrl>#icon-1558-0097A7-labelson-nodesc</styleUrl>
        <Point>
          <coordinates>
            -95.2591176,32.3122033,0
          </coordinates>
        </Point>
      </Placemark>
      <Placemark>
        <name>AvitaCare Atlanta</name>
        <styleUrl>#icon-1558-0097A7-labelson-nodesc</styleUrl>
        <Point>
          <coordinates>
            -84.3936117,33.8127588,0
          </coordinates>
        </Point>
      </Placemark>
      <Placemark>
        <name>Maj Medical Clinic</name>
        <styleUrl>#icon-1558-0097A7-labelson-nodesc</styleUrl>
        <Point>
          <coordinates>
            -119.3476582,36.3406002,0
          </coordinates>
        </Point>
      </Placemark>
      <Placemark>
        <name>Piedmont Health</name>
        <styleUrl>#icon-1558-0097A7-labelson-nodesc</styleUrl>
        <Point>
          <coordinates>
            -79.0961818,35.6314753,0
          </coordinates>
        </Point>
      </Placemark>
      <Placemark>
        <name>Piedmont Health Services Carrboro Community Health Center</name>
        <description>Dr. Beat Steiner</description>
        <styleUrl>#icon-1558-0097A7-labelson</styleUrl>
        <Point>
          <coordinates>
            -79.0698076,35.9134501,0
          </coordinates>
        </Point>
      </Placemark>
      <Placemark>
        <name>Michael Giffen</name>
        <styleUrl>#icon-1558-0097A7-labelson-nodesc</styleUrl>
        <Point>
          <coordinates>
            -85.9587834,39.9044683,0
          </coordinates>
        </Point>
      </Placemark>
      <Placemark>
        <name>Avance Care Chapel Hill</name>
        <styleUrl>#icon-1558-0097A7-labelson-nodesc</styleUrl>
        <Point>
          <coordinates>
            -79.0326481,35.9312223,0
          </coordinates>
        </Point>
      </Placemark>
      <Placemark>
        <name>UAMS Gender Clinic</name>
        <description>https://patientslearn.uams.edu/2024/01/gender-clinic-welcome-and-contact-info/</description>
        <styleUrl>#icon-1558-0097A7-labelson</styleUrl>
        <Point>
          <coordinates>
            -92.3450392,34.747767,0
          </coordinates>
        </Point>
      </Placemark>
      <Placemark>
        <name>UTMB Health - University of Texas Medical Branch at Galveston</name>
        <description>https://www.utmbhealth.com/services/transgender-care#HRT</description>
        <styleUrl>#icon-1558-0097A7-labelson</styleUrl>
        <Point>
          <coordinates>
            -94.7775436,29.3116372,0
          </coordinates>
        </Point>
      </Placemark>
      <Placemark>
        <name>Michelle Kaplan, MD</name>
        <styleUrl>#icon-1558-0097A7-labelson-nodesc</styleUrl>
        <Point>
          <coordinates>
            -123.0049322,44.0522431,0
          </coordinates>
        </Point>
      </Placemark>
      <Placemark>
        <name>One Medical: Lisa Spitalewitz, PA-C</name>
        <styleUrl>#icon-1558-0097A7-labelson-nodesc</styleUrl>
        <Point>
          <coordinates>
            -122.4345811,37.7594896,0
          </coordinates>
        </Point>
      </Placemark>
      <Placemark>
        <name>Stiles Allison MD</name>
        <styleUrl>#icon-1558-0097A7-labelson-nodesc</styleUrl>
        <Point>
          <coordinates>
            -90.017396,35.1353858,0
          </coordinates>
        </Point>
      </Placemark>
      <Placemark>
        <name>Susan N. Lacy, MD, FACOG</name>
        <styleUrl>#icon-1558-0097A7-labelson-nodesc</styleUrl>
        <Point>
          <coordinates>
            -90.0150112,35.1359876,0
          </coordinates>
        </Point>
      </Placemark>
      <Placemark>
        <name>ETSU Health Family Medicine Johnson City</name>
        <styleUrl>#icon-1558-0097A7-labelson-nodesc</styleUrl>
        <Point>
          <coordinates>
            -82.3666123,36.3060252,0
          </coordinates>
        </Point>
      </Placemark>
      <Placemark>
        <name>Corey Lager, MD, ECNU</name>
        <styleUrl>#icon-1558-0097A7-labelson-nodesc</styleUrl>
        <Point>
          <coordinates>
            -85.6479793,42.2020859,0
          </coordinates>
        </Point>
      </Placemark>
      <Placemark>
        <name>Sunshine Family Cares, Inc.</name>
        <styleUrl>#icon-1558-0097A7-labelson-nodesc</styleUrl>
        <Point>
          <coordinates>
            -83.7383037,43.0139347,0
          </coordinates>
        </Point>
      </Placemark>
      <Placemark>
        <name>Mālama Pono Health Services</name>
        <styleUrl>#icon-1558-0097A7-labelson-nodesc</styleUrl>
        <Point>
          <coordinates>
            -159.3771726,21.9720426,0
          </coordinates>
        </Point>
      </Placemark>
      <Placemark>
        <name>M-Care Healthcare</name>
        <styleUrl>#icon-1558-0097A7-labelson-nodesc</styleUrl>
        <Point>
          <coordinates>
            -97.372379,37.6968908,0
          </coordinates>
        </Point>
      </Placemark>
      <Placemark>
        <name>Identity Health Clinic</name>
        <description>Possible gatekeeping reported. </description>
        <styleUrl>#icon-1558-0097A7-labelson</styleUrl>
        <Point>
          <coordinates>
            -149.8774355,61.1955918,0
          </coordinates>
        </Point>
      </Placemark>
      <Placemark>
        <name>Peak Vista Community Health Centers - Health Center at Printers Parkway, 340</name>
        <description>Dr. Gretchen Nonawski</description>
        <styleUrl>#icon-1558-0097A7-labelson</styleUrl>
        <Point>
          <coordinates>
            -104.7871124,38.8270937,0
          </coordinates>
        </Point>
      </Placemark>
      <Placemark>
        <name>Dean Blevins, MD</name>
        <styleUrl>#icon-1558-0097A7-labelson-nodesc</styleUrl>
        <Point>
          <coordinates>
            -96.2753978,30.5797975,0
          </coordinates>
        </Point>
      </Placemark>
      <Placemark>
        <name>Aeroflow Urology</name>
        <styleUrl>#icon-1558-0097A7-labelson-nodesc</styleUrl>
        <Point>
          <coordinates>
            -82.5277155,35.4646957,0
          </coordinates>
        </Point>
      </Placemark>
      <Placemark>
        <name>Alicia Sattler, MSN Connectus Health</name>
        <description>www.connectus.org</description>
        <styleUrl>#icon-1558-0097A7-labelson</styleUrl>
        <Point>
          <coordinates>
            -86.7690531,36.1312326,0
          </coordinates>
        </Point>
      </Placemark>
      <Placemark>
        <name>Wellstar Family Medicine</name>
        <styleUrl>#icon-1558-0097A7-labelson-nodesc</styleUrl>
        <Point>
          <coordinates>
            -84.3330719,33.5709957,0
          </coordinates>
        </Point>
      </Placemark>
      <Placemark>
        <name>Ochsner Medical Center - New Orleans</name>
        <description>Brandy Panunti</description>
        <styleUrl>#icon-1558-0097A7-labelson</styleUrl>
        <Point>
          <coordinates>
            -90.1458765,29.9613743,0
          </coordinates>
        </Point>
      </Placemark>
      <Placemark>
        <name><![CDATA[CAHN Glenwood Medical & Dental Center]]></name>
        <styleUrl>#icon-1558-0097A7-labelson-nodesc</styleUrl>
        <Point>
          <coordinates>
            -77.432591,37.5691012,0
          </coordinates>
        </Point>
      </Placemark>
      <Placemark>
        <name>Casey Catherine F MD</name>
        <styleUrl>#icon-1558-0097A7-labelson-nodesc</styleUrl>
        <Point>
          <coordinates>
            -78.498585,38.031942,0
          </coordinates>
        </Point>
      </Placemark>
      <Placemark>
        <name>UofL Health – UofL Hospital</name>
        <description><![CDATA[Dr. Clayton Smith.<br>Voice: (502) 588-4500<br>https://uoflphysicians.com/provider/clayton-smith/]]></description>
        <styleUrl>#icon-1558-0097A7-labelson</styleUrl>
        <Point>
          <coordinates>
            -85.7454691,38.248722,0
          </coordinates>
        </Point>
      </Placemark>
      <Placemark>
        <name>LGBT LIFE Center</name>
        <styleUrl>#icon-1558-0097A7-labelson-nodesc</styleUrl>
        <Point>
          <coordinates>
            -76.2206187,36.8806255,0
          </coordinates>
        </Point>
      </Placemark>
      <Placemark>
        <name>Bowlby Deborah A MD</name>
        <description>Pediatric Endocrinology</description>
        <styleUrl>#icon-1558-0097A7-labelson</styleUrl>
        <Point>
          <coordinates>
            -79.947896,32.784226,0
          </coordinates>
        </Point>
      </Placemark>
      <Placemark>
        <name>QC Health and Aesthetics</name>
        <styleUrl>#icon-1558-0097A7-labelson-nodesc</styleUrl>
        <Point>
          <coordinates>
            -84.0967904,35.9262021,0
          </coordinates>
        </Point>
      </Placemark>
      <Placemark>
        <name>Deanna Wilson Adkins</name>
        <description>Pediatric Endocrinologist https://www.dukehealth.org/find-doctors-physicians/deanna-w-adkins-md</description>
        <styleUrl>#icon-1558-0097A7-labelson</styleUrl>
        <Point>
          <coordinates>
            -78.9495431,36.0049371,0
          </coordinates>
        </Point>
      </Placemark>
      <Placemark>
        <name>Live Well in WNC</name>
        <styleUrl>#icon-1558-0097A7-labelson-nodesc</styleUrl>
        <Point>
          <coordinates>
            -82.5766434,35.6407659,0
          </coordinates>
        </Point>
      </Placemark>
      <Placemark>
        <name>Isabel Lowell</name>
        <styleUrl>#icon-1558-0097A7-labelson-nodesc</styleUrl>
        <Point>
          <coordinates>
            -84.2945505,33.7720602,0
          </coordinates>
        </Point>
      </Placemark>
      <Placemark>
        <name>Dr. James M. Sizemore Jr, MD</name>
        <description>www.cempa.org</description>
        <styleUrl>#icon-1558-0097A7-labelson</styleUrl>
        <Point>
          <coordinates>
            -85.2909309,35.0476856,0
          </coordinates>
        </Point>
      </Placemark>
      <Placemark>
        <name>Dr. Lauren Livingston, MD</name>
        <styleUrl>#icon-1558-0097A7-labelson-nodesc</styleUrl>
        <Point>
          <coordinates>
            -82.5542349,35.6077601,0
          </coordinates>
        </Point>
      </Placemark>
      <Placemark>
        <name>Dr. Hayden Shafer</name>
        <description><![CDATA[https://www.vanderbilthealth.com/program/vivid-health<br><br>(615) 875-4287 ]]></description>
        <styleUrl>#icon-1558-0097A7-labelson</styleUrl>
        <Point>
          <coordinates>
            -86.7992124,36.1482349,0
          </coordinates>
        </Point>
      </Placemark>
      <Placemark>
        <name>Erin Everett, NP-C, AAHIVS</name>
        <styleUrl>#icon-1558-0097A7-labelson-nodesc</styleUrl>
        <Point>
          <coordinates>
            -84.3936117,33.8127588,0
          </coordinates>
        </Point>
      </Placemark>
      <Placemark>
        <name>Gustavo A. Meyreles-Chaljub, MD</name>
        <styleUrl>#icon-1558-0097A7-labelson-nodesc</styleUrl>
        <Point>
          <coordinates>
            -80.8288691,33.5404829,0
          </coordinates>
        </Point>
      </Placemark>
      <Placemark>
        <name>Heather Parkhill</name>
        <styleUrl>#icon-1558-0097A7-labelson-nodesc</styleUrl>
        <Point>
          <coordinates>
            -80.0233191,32.9107104,0
          </coordinates>
        </Point>
      </Placemark>
      <Placemark>
        <name>Dr. Hussein D. Abdul-Latif, MD</name>
        <description>Pediatrics</description>
        <styleUrl>#icon-1558-0097A7-labelson</styleUrl>
        <Point>
          <coordinates>
            -86.8057345,33.5034332,0
          </coordinates>
        </Point>
      </Placemark>
      <Placemark>
        <name>USA Family Medicine Center</name>
        <styleUrl>#icon-1558-0097A7-labelson-nodesc</styleUrl>
        <Point>
          <coordinates>
            -88.0969171,30.704634,0
          </coordinates>
        </Point>
      </Placemark>
      <Placemark>
        <name>Hope and Help Center of Central Florida, Inc.</name>
        <styleUrl>#icon-1558-0097A7-labelson-nodesc</styleUrl>
        <Point>
          <coordinates>
            -81.2925021,28.5996132,0
          </coordinates>
        </Point>
      </Placemark>
      <Placemark>
        <name>WNCCHS—Minnie Jones Health Center</name>
        <styleUrl>#icon-1558-0097A7-labelson-nodesc</styleUrl>
        <Point>
          <coordinates>
            -82.5519767,35.5852445,0
          </coordinates>
        </Point>
      </Placemark>
      <Placemark>
        <name>Karen Kimel-Scott, MD</name>
        <styleUrl>#icon-1558-0097A7-labelson-nodesc</styleUrl>
        <Point>
          <coordinates>
            -79.0072244,35.9481257,0
          </coordinates>
        </Point>
      </Placemark>
      <Placemark>
        <name>Keisa L. Fallin-Bennett, MD, MPH</name>
        <styleUrl>#icon-1558-0097A7-labelson-nodesc</styleUrl>
        <Point>
          <coordinates>
            -84.5406501,38.0256956,0
          </coordinates>
        </Point>
      </Placemark>
      <Placemark>
        <name><![CDATA[Carrboro Pediatrics & Internal Medicine]]></name>
        <description>Possibly pediatrics only. </description>
        <styleUrl>#icon-1558-0097A7-labelson</styleUrl>
        <Point>
          <coordinates>
            -79.0816436,35.9116148,0
          </coordinates>
        </Point>
      </Placemark>
      <Placemark>
        <name>Lina Rosengren-Hovee, MD, MPH, MS</name>
        <styleUrl>#icon-1558-0097A7-labelson-nodesc</styleUrl>
        <Point>
          <coordinates>
            -78.5865825,35.786404,0
          </coordinates>
        </Point>
      </Placemark>
      <Placemark>
        <name>Nina Jain, MD</name>
        <description>Possibly Pediatric Only.</description>
        <styleUrl>#icon-1558-0097A7-labelson</styleUrl>
        <Point>
          <coordinates>
            -79.0519232,35.9043958,0
          </coordinates>
        </Point>
      </Placemark>
      <Placemark>
        <name>Radical ️❤️ Healing</name>
        <styleUrl>#icon-1558-0097A7-labelson-nodesc</styleUrl>
        <Point>
          <coordinates>
            -78.9270623,35.9866193,0
          </coordinates>
        </Point>
      </Placemark>
      <Placemark>
        <name>Rita Lahlou, MD, MPH</name>
        <styleUrl>#icon-1558-0097A7-labelson-nodesc</styleUrl>
        <Point>
          <coordinates>
            -79.0378815,35.89866,0
          </coordinates>
        </Point>
      </Placemark>
      <Placemark>
        <name>Blue Ridge Health - Justice Street (HFHC)</name>
        <styleUrl>#icon-1558-0097A7-labelson-nodesc</styleUrl>
        <Point>
          <coordinates>
            -82.47001,35.319196,0
          </coordinates>
        </Point>
      </Placemark>
      <Placemark>
        <name>Joel Wesley Thompson, PA-C</name>
        <styleUrl>#icon-1558-0097A7-labelson-nodesc</styleUrl>
        <Point>
          <coordinates>
            -80.7339571,35.2346754,0
          </coordinates>
        </Point>
      </Placemark>
      <Placemark>
        <name>UI Health Care - Scott Blvd</name>
        <description>https://uihc.org/lesbian-gay-bisexual-transgender-queer-and-questioning-lgbtq-clinic</description>
        <styleUrl>#icon-1558-0097A7-labelson</styleUrl>
        <Point>
          <coordinates>
            -91.4816175,41.6677913,0
          </coordinates>
        </Point>
      </Placemark>
      <Placemark>
        <name>Family Medicine Institute</name>
        <styleUrl>#icon-1558-0097A7-labelson-nodesc</styleUrl>
        <Point>
          <coordinates>
            -69.7675718,44.3133864,0
          </coordinates>
        </Point>
      </Placemark>
      <Placemark>
        <name>Clínica Translucent, Centro Ararat</name>
        <styleUrl>#icon-1558-0097A7-labelson-nodesc</styleUrl>
        <Point>
          <coordinates>
            -66.0697348,18.444046,0
          </coordinates>
        </Point>
      </Placemark>
      <Placemark>
        <name>Centro Ararat, Arecibo</name>
        <styleUrl>#icon-1558-0097A7-labelson-nodesc</styleUrl>
        <Point>
          <coordinates>
            -66.7218066,18.4726362,0
          </coordinates>
        </Point>
      </Placemark>
      <Placemark>
        <name>Centro Ararat, Ponce</name>
        <styleUrl>#icon-1558-0097A7-labelson-nodesc</styleUrl>
        <Point>
          <coordinates>
            -66.6144676,18.0091522,0
          </coordinates>
        </Point>
      </Placemark>
      <Placemark>
        <name>Centro Ararat, Juana Díaz</name>
        <styleUrl>#icon-1558-0097A7-labelson-nodesc</styleUrl>
        <Point>
          <coordinates>
            -66.5041699,18.0531336,0
          </coordinates>
        </Point>
      </Placemark>
      <Placemark>
        <name>La Clinica Birch Grove Health Center</name>
        <styleUrl>#icon-1558-0097A7-labelson-nodesc</styleUrl>
        <Point>
          <coordinates>
            -122.8655454,42.3185749,0
          </coordinates>
        </Point>
      </Placemark>
      <Placemark>
        <name>Scott T Hamler, MD</name>
        <styleUrl>#icon-1558-0097A7-labelson-nodesc</styleUrl>
        <Point>
          <coordinates>
            -81.4693597,41.1096941,0
          </coordinates>
        </Point>
      </Placemark>
      <Placemark>
        <name>Kristen Lianne Frank-Dixon, MD</name>
        <styleUrl>#icon-1558-0097A7-labelson-nodesc</styleUrl>
        <Point>
          <coordinates>
            -78.2049752,40.9063974,0
          </coordinates>
        </Point>
      </Placemark>
      <Placemark>
        <name>The Fertility Center of Oregon</name>
        <styleUrl>#icon-1558-0097A7-labelson-nodesc</styleUrl>
        <Point>
          <coordinates>
            -123.0923361,44.06404,0
          </coordinates>
        </Point>
      </Placemark>
      <Placemark>
        <name>Vcu Endocrinology</name>
        <styleUrl>#icon-1558-0097A7-labelson-nodesc</styleUrl>
        <Point>
          <coordinates>
            -77.5655505,37.5530847,0
          </coordinates>
        </Point>
      </Placemark>
      <Placemark>
        <name>Identity Hormones and Healthcare</name>
        <styleUrl>#icon-1558-0097A7-labelson-nodesc</styleUrl>
        <Point>
          <coordinates>
            -112.0728787,33.5105808,0
          </coordinates>
        </Point>
      </Placemark>
      <Placemark>
        <name>West Salem Clinic</name>
        <styleUrl>#icon-1558-0097A7-labelson-nodesc</styleUrl>
        <Point>
          <coordinates>
            -123.0598975,44.9402618,0
          </coordinates>
        </Point>
      </Placemark>
      <Placemark>
        <name><![CDATA[UNLV Health Internal Medicine Diabetes & Endocrinology Clinic]]></name>
        <description>Dr. Amber Champion.</description>
        <styleUrl>#icon-1558-0097A7-labelson</styleUrl>
        <Point>
          <coordinates>
            -115.1643671,36.1579906,0
          </coordinates>
        </Point>
      </Placemark>
      <Placemark>
        <name>Cherokee Health Systems</name>
        <styleUrl>#icon-1558-0097A7-labelson-nodesc</styleUrl>
        <Point>
          <coordinates>
            -83.9450476,35.9667164,0
          </coordinates>
        </Point>
      </Placemark>
      <Placemark>
        <name><![CDATA[Hart & Arndt Family Health, PC]]></name>
        <styleUrl>#icon-1558-0097A7-labelson-nodesc</styleUrl>
        <Point>
          <coordinates>
            -96.6102169,40.812922,0
          </coordinates>
        </Point>
      </Placemark>
      <Placemark>
        <name>Stonewall Medical Centre</name>
        <styleUrl>#icon-1558-0097A7-labelson-nodesc</styleUrl>
        <Point>
          <coordinates>
            153.0279745,-27.437844,0
          </coordinates>
        </Point>
      </Placemark>
      <Placemark>
        <name>Quest Community Health Centre</name>
        <styleUrl>#icon-1558-0097A7-labelson-nodesc</styleUrl>
        <Point>
          <coordinates>
            -79.2301701,43.1632605,0
          </coordinates>
        </Point>
      </Placemark>
      <Placemark>
        <name>Transhealth</name>
        <styleUrl>#icon-1558-0097A7-labelson-nodesc</styleUrl>
        <Point>
          <coordinates>
            -72.6674557,42.3344371,0
          </coordinates>
        </Point>
      </Placemark>
      <Placemark>
        <name>UP Medical Group - Family Medicine</name>
        <description>Jesse Krikorian</description>
        <styleUrl>#icon-1558-0097A7-labelson</styleUrl>
        <Point>
          <coordinates>
            -87.4176249,46.5578135,0
          </coordinates>
        </Point>
      </Placemark>
      <Placemark>
        <name>Ivinson Medical Group</name>
        <description>Dr. Talbot</description>
        <styleUrl>#icon-1558-0097A7-labelson</styleUrl>
        <Point>
          <coordinates>
            -105.5557552,41.3130344,0
          </coordinates>
        </Point>
      </Placemark>
      <Placemark>
        <name>Lorincz Ilona MD</name>
        <styleUrl>#icon-1558-0097A7-labelson-nodesc</styleUrl>
        <Point>
          <coordinates>
            -75.1930038,39.9499679,0
          </coordinates>
        </Point>
      </Placemark>
      <Placemark>
        <name>Dr. Anthony Strickland</name>
        <styleUrl>#icon-1558-0097A7-labelson-nodesc</styleUrl>
        <Point>
          <coordinates>
            -95.246872,38.977445,0
          </coordinates>
        </Point>
      </Placemark>
      <Placemark>
        <name><![CDATA[VNACJ LGBTQ Center for Health & Wellness]]></name>
        <styleUrl>#icon-1558-0097A7-labelson-nodesc</styleUrl>
        <Point>
          <coordinates>
            -74.0104195,40.2260961,0
          </coordinates>
        </Point>
      </Placemark>
      <Placemark>
        <name>Katherine Rose, MD</name>
        <styleUrl>#icon-1558-0097A7-labelson-nodesc</styleUrl>
        <Point>
          <coordinates>
            -75.3186045,40.0154095,0
          </coordinates>
        </Point>
      </Placemark>
      <Placemark>
        <name>Mary Walker Health Center</name>
        <styleUrl>#icon-1558-0097A7-labelson-nodesc</styleUrl>
        <Point>
          <coordinates>
            -76.5429719,43.4557147,0
          </coordinates>
        </Point>
      </Placemark>
      <Placemark>
        <name>Open door clinic</name>
        <styleUrl>#icon-1558-0097A7-labelson-nodesc</styleUrl>
        <Point>
          <coordinates>
            -124.1587569,40.804664,0
          </coordinates>
        </Point>
      </Placemark>
      <Placemark>
        <name>Cairns Sexual Health Service</name>
        <styleUrl>#icon-1558-0097A7-labelson-nodesc</styleUrl>
        <Point>
          <coordinates>
            145.7564239,-16.9027309,0
          </coordinates>
        </Point>
      </Placemark>
      <Placemark>
        <name>ProActive Wellness Centre</name>
        <styleUrl>#icon-1558-0097A7-labelson-nodesc</styleUrl>
        <Point>
          <coordinates>
            -52.7359852,47.554901,0
          </coordinates>
        </Point>
      </Placemark>
      <Placemark>
        <name>Church Wellesley Medical Clinic</name>
        <styleUrl>#icon-1558-0097A7-labelson-nodesc</styleUrl>
        <Point>
          <coordinates>
            -79.3804813,43.6652142,0
          </coordinates>
        </Point>
      </Placemark>
      <Placemark>
        <name><![CDATA[HIV/AIDS Resources & Community Health (ARCH)]]></name>
        <styleUrl>#icon-1558-0097A7-labelson-nodesc</styleUrl>
        <Point>
          <coordinates>
            -80.2689899,43.5499843,0
          </coordinates>
        </Point>
      </Placemark>
      <Placemark>
        <name>Sherbourne Health Center</name>
        <styleUrl>#icon-1558-0097A7-labelson-nodesc</styleUrl>
        <Point>
          <coordinates>
            -79.3722427,43.6624272,0
          </coordinates>
        </Point>
      </Placemark>
      <Placemark>
        <name>Holdsworth House</name>
        <styleUrl>#icon-1558-0097A7-labelson-nodesc</styleUrl>
        <Point>
          <coordinates>
            153.0387716,-27.4581168,0
          </coordinates>
        </Point>
      </Placemark>
      <Placemark>
        <name>College Street Specialists</name>
        <description>GP Referral Required</description>
        <styleUrl>#icon-1558-0097A7-labelson</styleUrl>
        <Point>
          <coordinates>
            151.212461,-33.8759423,0
          </coordinates>
        </Point>
      </Placemark>
      <Placemark>
        <name>Leeton Medical Centre</name>
        <description>https://www.transhub.org.au/doctors</description>
        <styleUrl>#icon-1558-0097A7-labelson</styleUrl>
        <Point>
          <coordinates>
            146.4048629,-34.5523341,0
          </coordinates>
        </Point>
      </Placemark>
      <Placemark>
        <name>Charlestown Square Medical Centre</name>
        <description>Kathleen Wild</description>
        <styleUrl>#icon-1558-0097A7-labelson</styleUrl>
        <Point>
          <coordinates>
            151.6946716,-32.9647865,0
          </coordinates>
        </Point>
      </Placemark>
      <Placemark>
        <name>Headspace Gosford</name>
        <description>Brownen Morrison</description>
        <styleUrl>#icon-1558-0097A7-labelson</styleUrl>
        <Point>
          <coordinates>
            151.3431413,-33.4235672,0
          </coordinates>
        </Point>
      </Placemark>
      <Placemark>
        <name>East Sydney Doctors</name>
        <styleUrl>#icon-1558-0097A7-labelson-nodesc</styleUrl>
        <Point>
          <coordinates>
            151.2187118,-33.8787915,0
          </coordinates>
        </Point>
      </Placemark>
      <Placemark>
        <name>Pacific Clinic - Newcastle Sexual Health</name>
        <styleUrl>#icon-1558-0097A7-labelson-nodesc</styleUrl>
        <Point>
          <coordinates>
            151.7647894,-32.9266078,0
          </coordinates>
        </Point>
      </Placemark>
      <Placemark>
        <name>Glebe Family Medical Practice</name>
        <styleUrl>#icon-1558-0097A7-labelson-nodesc</styleUrl>
        <Point>
          <coordinates>
            151.1887622,-33.8816685,0
          </coordinates>
        </Point>
      </Placemark>
      <Placemark>
        <name><![CDATA[Lynwood Medical & Natural Health Centre]]></name>
        <description>Nicole Gouda</description>
        <styleUrl>#icon-1558-0097A7-labelson</styleUrl>
        <Point>
          <coordinates>
            151.303272,-33.677415,0
          </coordinates>
        </Point>
      </Placemark>
      <Placemark>
        <name>John Hunter Hospital</name>
        <description>Katie Wynne</description>
        <styleUrl>#icon-1558-0097A7-labelson</styleUrl>
        <Point>
          <coordinates>
            151.6925059,-32.9225887,0
          </coordinates>
        </Point>
      </Placemark>
      <Placemark>
        <name>Woonona Medical Practice-Stewart Adele</name>
        <styleUrl>#icon-1558-0097A7-labelson-nodesc</styleUrl>
        <Point>
          <coordinates>
            150.9090929,-34.339349,0
          </coordinates>
        </Point>
      </Placemark>
      <Placemark>
        <name>Port Kembla Hospital</name>
        <description>Alison Rutherford</description>
        <styleUrl>#icon-1558-0097A7-labelson</styleUrl>
        <Point>
          <coordinates>
            150.8812989,-34.4856687,0
          </coordinates>
        </Point>
      </Placemark>
      <Placemark>
        <name>Doctors of South Melbourne</name>
        <description>Dr. Tasha Patel</description>
        <styleUrl>#icon-1558-0097A7-labelson</styleUrl>
        <Point>
          <coordinates>
            144.9580602,-37.8330002,0
          </coordinates>
        </Point>
      </Placemark>
      <Placemark>
        <name>Connect-Clinic</name>
        <styleUrl>#icon-1558-0097A7-labelson-nodesc</styleUrl>
        <Point>
          <coordinates>
            -79.4252448,43.6495994,0
          </coordinates>
        </Point>
      </Placemark>
      <Placemark>
        <name>Semcac Family Planning Clinic</name>
        <styleUrl>#icon-1558-0097A7-labelson-nodesc</styleUrl>
        <Point>
          <coordinates>
            -91.6312989,44.0405834,0
          </coordinates>
        </Point>
      </Placemark>
      <Placemark>
        <name>Main Line Healthcare-Lankenau Heart Group</name>
        <description>Dr. Katherine Rose</description>
        <styleUrl>#icon-1558-0097A7-labelson</styleUrl>
        <Point>
          <coordinates>
            -75.2311362,40.044619,0
          </coordinates>
        </Point>
      </Placemark>
      <Placemark>
        <name>Rutgers New Jersey Medical School</name>
        <description>https://njms.rutgers.edu/centers_institutes/trans_health/services.php</description>
        <styleUrl>#icon-1558-0097A7-labelson</styleUrl>
        <Point>
          <coordinates>
            -74.189656,40.7400804,0
          </coordinates>
        </Point>
      </Placemark>
      <Placemark>
        <name>HormonZentrum Heidelberg -Fachärzte für Endokrinologie und Diabetologie</name>
        <styleUrl>#icon-1558-0097A7-labelson-nodesc</styleUrl>
        <Point>
          <coordinates>
            8.6658931,49.4055782,0
          </coordinates>
        </Point>
      </Placemark>
    </Folder>
    <Folder>
      <name>Community Centers</name>
      <Placemark>
        <name>Sacramento LGBT Community Center</name>
        <styleUrl>#icon-1899-9C27B0-labelson-nodesc</styleUrl>
        <Point>
          <coordinates>
            -121.4799063,38.5762127,0
          </coordinates>
        </Point>
      </Placemark>
      <Placemark>
        <name>The Greater Dayton LGBT Center</name>
        <styleUrl>#icon-1899-9C27B0-labelson-nodesc</styleUrl>
        <Point>
          <coordinates>
            -84.1886362,39.7623932,0
          </coordinates>
        </Point>
      </Placemark>
      <Placemark>
        <name>Rainbow Center</name>
        <styleUrl>#icon-1899-9C27B0-labelson-nodesc</styleUrl>
        <Point>
          <coordinates>
            -122.4356092,47.241506,0
          </coordinates>
        </Point>
      </Placemark>
      <Placemark>
        <name>Spectrum Center of Spokane
</name>
        <description><![CDATA[Community Center is still in development, but the organization still holds events at other locations<br>https://www.spectrumcenterspokane.org/]]></description>
        <styleUrl>#icon-1899-9C27B0-labelson</styleUrl>
        <Point>
          <coordinates>
            -117.3379458,47.695563,0
          </coordinates>
        </Point>
      </Placemark>
      <Placemark>
        <name>Great Falls LGBTQ+ Center
</name>
        <description>https://greatfallslgbtqcenter.org/</description>
        <styleUrl>#icon-1899-9C27B0-labelson</styleUrl>
        <Point>
          <coordinates>
            -111.2977558,47.5056089,0
          </coordinates>
        </Point>
      </Placemark>
      <Placemark>
        <name>The Community Center - TCC</name>
        <styleUrl>#icon-1899-9C27B0-labelson-nodesc</styleUrl>
        <Point>
          <coordinates>
            -116.2432403,43.6140795,0
          </coordinates>
        </Point>
      </Placemark>
      <Placemark>
        <name>Black Hills Center for Equality, Inc</name>
        <styleUrl>#icon-1899-9C27B0-labelson-nodesc</styleUrl>
        <Point>
          <coordinates>
            -103.2299933,44.0788573,0
          </coordinates>
        </Point>
      </Placemark>
      <Placemark>
        <name>Casper Pride</name>
        <styleUrl>#icon-1899-9C27B0-labelson-nodesc</styleUrl>
        <Point>
          <coordinates>
            -106.3082306,42.8348379,0
          </coordinates>
        </Point>
      </Placemark>
      <Placemark>
        <name>Utah Pride Center</name>
        <styleUrl>#icon-1899-9C27B0-labelson-nodesc</styleUrl>
        <Point>
          <coordinates>
            -111.8915377,40.7676111,0
          </coordinates>
        </Point>
      </Placemark>
      <Placemark>
        <name>Youth OUTreach a program of Ogden Pride formerly known as Ogden OUTreach Resource Center Ogden</name>
        <styleUrl>#icon-1899-9C27B0-labelson-nodesc</styleUrl>
        <Point>
          <coordinates>
            -111.9673173,41.186186,0
          </coordinates>
        </Point>
      </Placemark>
      <Placemark>
        <name>Omaha ForUs</name>
        <styleUrl>#icon-1899-9C27B0-labelson-nodesc</styleUrl>
        <Point>
          <coordinates>
            -96.0797003,41.2899662,0
          </coordinates>
        </Point>
      </Placemark>
      <Placemark>
        <name>The Center on Colfax - LGBTQ Colorado</name>
        <styleUrl>#icon-1899-9C27B0-labelson-nodesc</styleUrl>
        <Point>
          <coordinates>
            -104.970419,39.7402674,0
          </coordinates>
        </Point>
      </Placemark>
      <Placemark>
        <name>The Center of Wichita</name>
        <styleUrl>#icon-1899-9C27B0-labelson-nodesc</styleUrl>
        <Point>
          <coordinates>
            -97.3365732,37.6977277,0
          </coordinates>
        </Point>
      </Placemark>
      <Placemark>
        <name>The Center Project</name>
        <styleUrl>#icon-1899-9C27B0-labelson-nodesc</styleUrl>
        <Point>
          <coordinates>
            -92.3270756,38.9616095,0
          </coordinates>
        </Point>
      </Placemark>
      <Placemark>
        <name>PrideCenter</name>
        <styleUrl>#icon-1899-9C27B0-labelson-nodesc</styleUrl>
        <Point>
          <coordinates>
            -90.241751,38.6266435,0
          </coordinates>
        </Point>
      </Placemark>
      <Placemark>
        <name>The Pride Center of New Jersey</name>
        <styleUrl>#icon-1899-9C27B0-labelson-nodesc</styleUrl>
        <Point>
          <coordinates>
            -74.4329546,40.4985427,0
          </coordinates>
        </Point>
      </Placemark>
      <Placemark>
        <name>CAMP Rehoboth</name>
        <styleUrl>#icon-1899-9C27B0-labelson-nodesc</styleUrl>
        <Point>
          <coordinates>
            -75.080032,38.717396,0
          </coordinates>
        </Point>
      </Placemark>
      <Placemark>
        <name>PFLAG Rehoboth Beach</name>
        <styleUrl>#icon-1899-9C27B0-labelson-nodesc</styleUrl>
        <Point>
          <coordinates>
            -75.141849,38.767653,0
          </coordinates>
        </Point>
      </Placemark>
      <Placemark>
        <name>Pflag of Northern Delaware</name>
        <styleUrl>#icon-1899-9C27B0-labelson-nodesc</styleUrl>
        <Point>
          <coordinates>
            -75.5451379,39.7312603,0
          </coordinates>
        </Point>
      </Placemark>
      <Placemark>
        <name>William Way LGBT Community Center</name>
        <styleUrl>#icon-1899-9C27B0-labelson-nodesc</styleUrl>
        <Point>
          <coordinates>
            -75.1633436,39.9469463,0
          </coordinates>
        </Point>
      </Placemark>
      <Placemark>
        <name>The DC Center for the LGBT Community</name>
        <styleUrl>#icon-1899-9C27B0-labelson-nodesc</styleUrl>
        <Point>
          <coordinates>
            -77.0325114,38.9175176,0
          </coordinates>
        </Point>
      </Placemark>
      <Placemark>
        <name>LGBT LIFE Center</name>
        <styleUrl>#icon-1899-9C27B0-labelson-nodesc</styleUrl>
        <Point>
          <coordinates>
            -76.3647845,37.024776,0
          </coordinates>
        </Point>
      </Placemark>
      <Placemark>
        <name>Pacific Pride Foundation</name>
        <styleUrl>#icon-1899-9C27B0-labelson-nodesc</styleUrl>
        <Point>
          <coordinates>
            -120.4375347,34.9534648,0
          </coordinates>
        </Point>
      </Placemark>
      <Placemark>
        <name>Gala Pride and Diversity Center</name>
        <styleUrl>#icon-1899-9C27B0-labelson-nodesc</styleUrl>
        <Point>
          <coordinates>
            -120.6613399,35.2834286,0
          </coordinates>
        </Point>
      </Placemark>
      <Placemark>
        <name>Los Angeles LGBT Center</name>
        <styleUrl>#icon-1899-9C27B0-labelson-nodesc</styleUrl>
        <Point>
          <coordinates>
            -118.3375813,34.0918666,0
          </coordinates>
        </Point>
      </Placemark>
      <Placemark>
        <name>The OUTreach Center</name>
        <styleUrl>#icon-1899-9C27B0-labelson-nodesc</styleUrl>
        <Point>
          <coordinates>
            -118.1396066,34.6975433,0
          </coordinates>
        </Point>
      </Placemark>
      <Placemark>
        <name>The Center</name>
        <styleUrl>#icon-1899-9C27B0-labelson-nodesc</styleUrl>
        <Point>
          <coordinates>
            -115.134965,36.1619703,0
          </coordinates>
        </Point>
      </Placemark>
      <Placemark>
        <name>Phoenix Pride</name>
        <styleUrl>#icon-1899-9C27B0-labelson-nodesc</styleUrl>
        <Point>
          <coordinates>
            -112.0677865,33.4650567,0
          </coordinates>
        </Point>
      </Placemark>
      <Placemark>
        <name>Albuquerque Pride</name>
        <styleUrl>#icon-1899-9C27B0-labelson-nodesc</styleUrl>
        <Point>
          <coordinates>
            -106.5860686,35.1098697,0
          </coordinates>
        </Point>
      </Placemark>
      <Placemark>
        <name>Transgender Resource Center of New Mexico</name>
        <styleUrl>#icon-1899-9C27B0-labelson-nodesc</styleUrl>
        <Point>
          <coordinates>
            -106.5832483,35.0785438,0
          </coordinates>
        </Point>
      </Placemark>
      <Placemark>
        <name>Dennis R. Neill Equality Center</name>
        <styleUrl>#icon-1899-9C27B0-labelson-nodesc</styleUrl>
        <Point>
          <coordinates>
            -95.9826267,36.1554183,0
          </coordinates>
        </Point>
      </Placemark>
      <Placemark>
        <name>Enid LGBTQ Coalition (no physical location)
</name>
        <description>https://www.enidlgbtq.org/</description>
        <styleUrl>#icon-1899-9C27B0-labelson</styleUrl>
        <Point>
          <coordinates>
            -97.8783911,36.3955891,0
          </coordinates>
        </Point>
      </Placemark>
      <Placemark>
        <name>Diversity Center of Oklahoma Inc.</name>
        <styleUrl>#icon-1899-9C27B0-labelson-nodesc</styleUrl>
        <Point>
          <coordinates>
            -97.5513359,35.5110937,0
          </coordinates>
        </Point>
      </Placemark>
      <Placemark>
        <name>The Opal Center</name>
        <styleUrl>#icon-1899-9C27B0-labelson-nodesc</styleUrl>
        <Point>
          <coordinates>
            -98.4925198,33.9109915,0
          </coordinates>
        </Point>
      </Placemark>
      <Placemark>
        <name>Hot Springs LGBTQ+ Community Network
</name>
        <description><![CDATA[*Virtual Only, no physical location<br>https://hotspringslgbtq.org/<br><br>https://www.lgbtqcenters.org/LGBTCenters/Center/7261/Hot-Springs-LGBTQ-Community-Network]]></description>
        <styleUrl>#icon-1899-9C27B0-labelson</styleUrl>
        <Point>
          <coordinates>
            -93.0546003,34.5077615,0
          </coordinates>
        </Point>
      </Placemark>
      <Placemark>
        <name><![CDATA[Lucie's Place]]></name>
        <styleUrl>#icon-1899-9C27B0-labelson-nodesc</styleUrl>
        <Point>
          <coordinates>
            -92.2743865,34.742454,0
          </coordinates>
        </Point>
      </Placemark>
      <Placemark>
        <name><![CDATA[Arkansas Black Gay Men's Forum]]></name>
        <styleUrl>#icon-1899-9C27B0-labelson-nodesc</styleUrl>
        <Point>
          <coordinates>
            -92.3543316,34.7700705,0
          </coordinates>
        </Point>
      </Placemark>
      <Placemark>
        <name>Central Arkansas Pride
</name>
        <description>(no location on website) www.arpride.org</description>
        <styleUrl>#icon-1899-9C27B0-labelson</styleUrl>
        <Point>
          <coordinates>
            -92.3348106,34.7408183,0
          </coordinates>
        </Point>
      </Placemark>
      <Placemark>
        <name>Krewe of Atlas of Shreveport</name>
        <styleUrl>#icon-1899-9C27B0-labelson-nodesc</styleUrl>
        <Point>
          <coordinates>
            -93.739833,32.4884696,0
          </coordinates>
        </Point>
      </Placemark>
      <Placemark>
        <name>Shreveport Pride (no address)
</name>
        <description>https://shrevepride.com/</description>
        <styleUrl>#icon-1899-9C27B0-labelson</styleUrl>
        <Point>
          <coordinates>
            -93.7460008,32.5001397,0
          </coordinates>
        </Point>
      </Placemark>
      <Placemark>
        <name>Macon Pride 
</name>
        <description>www.maconpride.org</description>
        <styleUrl>#icon-1899-9C27B0-labelson</styleUrl>
        <Point>
          <coordinates>
            -83.6324022,32.8406946,0
          </coordinates>
        </Point>
      </Placemark>
      <Placemark>
        <name>Bayard Rustin LGBTQ+ Resource Center</name>
        <styleUrl>#icon-1899-9C27B0-labelson-nodesc</styleUrl>
        <Point>
          <coordinates>
            -81.5413616,41.0878047,0
          </coordinates>
        </Point>
      </Placemark>
      <Placemark>
        <name>Bayard Rustin Community Center and Thrift Store</name>
        <description>https://www.lgbtqcenters.org/LGBTCenters/Center/6468/Bayard-Rustin-Community-Center</description>
        <styleUrl>#icon-1899-9C27B0-labelson</styleUrl>
        <Point>
          <coordinates>
            -86.3000813,32.3802796,0
          </coordinates>
        </Point>
      </Placemark>
      <Placemark>
        <name>The Center - Pride Center San Antonio</name>
        <styleUrl>#icon-1899-9C27B0-labelson-nodesc</styleUrl>
        <Point>
          <coordinates>
            -98.492607,29.440974,0
          </coordinates>
        </Point>
      </Placemark>
      <Placemark>
        <name>UNM LGBTQ Resource Center</name>
        <styleUrl>#icon-1899-9C27B0-labelson-nodesc</styleUrl>
        <Point>
          <coordinates>
            -106.6206859,35.0871376,0
          </coordinates>
        </Point>
      </Placemark>
      <Placemark>
        <name>Magic City Acceptance Center</name>
        <description>https://www.lgbtqcenters.org/LGBTCenters/Center/6471/Magic-City-Acceptance-Center</description>
        <styleUrl>#icon-1899-9C27B0-labelson</styleUrl>
        <Point>
          <coordinates>
            -86.7865155,33.5181036,0
          </coordinates>
        </Point>
      </Placemark>
      <Placemark>
        <name>Safe2BU</name>
        <description><![CDATA[https://www.lgbtqcenters.org/LGBTCenters/Center/8649/Safe2BU<br><br>https://safe2bu.org/]]></description>
        <styleUrl>#icon-1899-9C27B0-labelson</styleUrl>
        <Point>
          <coordinates>
            -88.1995734,30.6234756,0
          </coordinates>
        </Point>
      </Placemark>
      <Placemark>
        <name>Prism United</name>
        <description><![CDATA[https://www.lgbtqcenters.org/LGBTCenters/Center/7108/Prism-United<br><br>https://prismunited.org/]]></description>
        <styleUrl>#icon-1899-9C27B0-labelson</styleUrl>
        <Point>
          <coordinates>
            -88.0661489,30.6821517,0
          </coordinates>
        </Point>
      </Placemark>
      <Placemark>
        <name>Shoals Diversity Center</name>
        <description><![CDATA[https://www.lgbtqcenters.org/LGBTCenters/Center/6472/Shoals-Diversity-Center<br><br>https://shoalsdiversitycenter.org/]]></description>
        <styleUrl>#icon-1899-9C27B0-labelson</styleUrl>
        <Point>
          <coordinates>
            -87.6739367,34.8309634,0
          </coordinates>
        </Point>
      </Placemark>
      <Placemark>
        <name><![CDATA[Prism Counseling & Community Services]]></name>
        <description><![CDATA[https://www.lgbtqcenters.org/LGBTCenters/Center/8009/Prism-Counseling-and-Community-Services<br><br>https://www.prisminclusive.org/]]></description>
        <styleUrl>#icon-1899-9C27B0-labelson</styleUrl>
        <Point>
          <coordinates>
            -85.7929315,31.2974894,0
          </coordinates>
        </Point>
      </Placemark>
      <Placemark>
        <name>Identity, Inc. LGBTQ+ Community Center of Anchorage</name>
        <description><![CDATA[https://www.lgbtqcenters.org/LGBTCenters/Center/6473/Identity-Inc-LGBTQ-Community-Center-of-Anchorage<br><br>https://www.identityalaska.org/]]></description>
        <styleUrl>#icon-1899-9C27B0-labelson</styleUrl>
        <Point>
          <coordinates>
            -149.8774331,61.1955916,0
          </coordinates>
        </Point>
      </Placemark>
      <Placemark>
        <name>LGBTQ Awareness Group of Arizona/Bullhead City Pride Center</name>
        <description>https://www.lgbtqcenters.org/LGBTCenters/Center/7988/LGBTQ-Awareness-Group-of-Arizona-Bullhead-City-Pride</description>
        <styleUrl>#icon-1899-9C27B0-labelson</styleUrl>
        <Point>
          <coordinates>
            -114.5973144,35.118086,0
          </coordinates>
        </Point>
      </Placemark>
      <Placemark>
        <name>one n ten</name>
        <description><![CDATA[https://www.lgbtqcenters.org/LGBTCenters/Center/6476/one-n-ten<br><br>https://onenten.org/]]></description>
        <styleUrl>#icon-1899-9C27B0-labelson</styleUrl>
        <Point>
          <coordinates>
            -112.073623,33.460219,0
          </coordinates>
        </Point>
      </Placemark>
      <Placemark>
        <name>Cocoon Collective NWA</name>
        <description><![CDATA[https://www.lgbtqcenters.org/LGBTCenters/Center/8538/Cocoon-Collective<br><br>https://www.cocooncollective.org/]]></description>
        <styleUrl>#icon-1899-9C27B0-labelson</styleUrl>
        <Point>
          <coordinates>
            -94.166634,36.0635324,0
          </coordinates>
        </Point>
      </Placemark>
      <Placemark>
        <name>The Equality Crew</name>
        <description><![CDATA[https://www.lgbtqcenters.org/LGBTCenters/Center/7930/The-Equality-Crew<br><br>https://www.theequalitycrew.org/]]></description>
        <styleUrl>#icon-1899-9C27B0-labelson</styleUrl>
        <Point>
          <coordinates>
            -94.1339446,36.3328623,0
          </coordinates>
        </Point>
      </Placemark>
      <Placemark>
        <name>Northwest Arkansas Equality, Inc.</name>
        <description><![CDATA[https://www.lgbtqcenters.org/LGBTCenters/Center/6481/Northwest-Arkansas-Equality-Inc<br><br>https://www.nwaequality.org/]]></description>
        <styleUrl>#icon-1899-9C27B0-labelson</styleUrl>
        <Point>
          <coordinates>
            -94.1619922,36.0644809,0
          </coordinates>
        </Point>
      </Placemark>
      <Placemark>
        <name>Humboldt County</name>
        <styleUrl>#icon-1899-9C27B0-labelson-nodesc</styleUrl>
        <Point>
          <coordinates>
            -123.8695086,40.7450055,0
          </coordinates>
        </Point>
      </Placemark>
    </Folder>
    <Folder>
      <name><![CDATA[Women's Health Resources]]></name>
      <Placemark>
        <name>Belfast Family Planning</name>
        <styleUrl>#icon-1734-FF5252-labelson-nodesc</styleUrl>
        <Point>
          <coordinates>
            -69.0192352,44.4326116,0
          </coordinates>
        </Point>
      </Placemark>
      <Placemark>
        <name>Fort Kent Family Planning</name>
        <styleUrl>#icon-1734-FF5252-labelson-nodesc</styleUrl>
        <Point>
          <coordinates>
            -68.5775749,47.2456581,0
          </coordinates>
        </Point>
      </Placemark>
      <Placemark>
        <name>Maine Family Planning - Lewiston</name>
        <styleUrl>#icon-1734-FF5252-labelson-nodesc</styleUrl>
        <Point>
          <coordinates>
            -70.216936,44.095539,0
          </coordinates>
        </Point>
      </Placemark>
      <Placemark>
        <name>Waterville Family Planning</name>
        <styleUrl>#icon-1734-FF5252-labelson-nodesc</styleUrl>
        <Point>
          <coordinates>
            -69.630567,44.5485622,0
          </coordinates>
        </Point>
      </Placemark>
      <Placemark>
        <name>Planned Parenthood - Central Massachusetts Health Center</name>
        <styleUrl>#icon-1734-FF5252-labelson-nodesc</styleUrl>
        <Point>
          <coordinates>
            -71.818107,42.263173,0
          </coordinates>
        </Point>
      </Placemark>
      <Placemark>
        <name>Planned Parenthood - Greater Boston Health Center</name>
        <styleUrl>#icon-1734-FF5252-labelson-nodesc</styleUrl>
        <Point>
          <coordinates>
            -71.1228908,42.3525745,0
          </coordinates>
        </Point>
      </Placemark>
      <Placemark>
        <name>Planned Parenthood - Western Massachusetts Health Center</name>
        <styleUrl>#icon-1734-FF5252-labelson-nodesc</styleUrl>
        <Point>
          <coordinates>
            -72.6123138,42.1258394,0
          </coordinates>
        </Point>
      </Placemark>
      <Placemark>
        <name>Planned Parenthood - Troy Health Center</name>
        <styleUrl>#icon-1734-FF5252-labelson-nodesc</styleUrl>
        <Point>
          <coordinates>
            -73.6776942,42.7380672,0
          </coordinates>
        </Point>
      </Placemark>
      <Placemark>
        <name>Planned Parenthood - Hudson Health Center</name>
        <styleUrl>#icon-1734-FF5252-labelson-nodesc</styleUrl>
        <Point>
          <coordinates>
            -73.7796142,42.2473979,0
          </coordinates>
        </Point>
      </Placemark>
      <Placemark>
        <name>Planned Parenthood - Manhattan Health Center</name>
        <styleUrl>#icon-1734-FF5252-labelson-nodesc</styleUrl>
        <Point>
          <coordinates>
            -73.99364,40.7254655,0
          </coordinates>
        </Point>
      </Placemark>
      <Placemark>
        <name>Planned Parenthood - Englewood Health Center</name>
        <styleUrl>#icon-1734-FF5252-labelson-nodesc</styleUrl>
        <Point>
          <coordinates>
            -87.6639777,41.7832347,0
          </coordinates>
        </Point>
      </Placemark>
      <Placemark>
        <name>Planned Parenthood - The Bronx Center</name>
        <styleUrl>#icon-1734-FF5252-labelson-nodesc</styleUrl>
        <Point>
          <coordinates>
            -73.9199055,40.816811,0
          </coordinates>
        </Point>
      </Placemark>
      <Placemark>
        <name>Planned Parenthood - White Plains Center</name>
        <styleUrl>#icon-1734-FF5252-labelson-nodesc</styleUrl>
        <Point>
          <coordinates>
            -73.7887274,41.0403145,0
          </coordinates>
        </Point>
      </Placemark>
      <Placemark>
        <name>Planned Parenthood - Smithtown Center</name>
        <styleUrl>#icon-1734-FF5252-labelson-nodesc</styleUrl>
        <Point>
          <coordinates>
            -73.1977919,40.8529601,0
          </coordinates>
        </Point>
      </Placemark>
      <Placemark>
        <name>Planned Parenthood - Queensbury Health Center</name>
        <styleUrl>#icon-1734-FF5252-labelson-nodesc</styleUrl>
        <Point>
          <coordinates>
            -73.6558614,43.346292,0
          </coordinates>
        </Point>
      </Placemark>
      <Placemark>
        <name>Planned Parenthood - Johnstown Health Center</name>
        <styleUrl>#icon-1734-FF5252-labelson-nodesc</styleUrl>
        <Point>
          <coordinates>
            -78.9147831,40.3158908,0
          </coordinates>
        </Point>
      </Placemark>
      <Placemark>
        <name>Planned Parenthood - Johnstown Center</name>
        <styleUrl>#icon-1734-FF5252-labelson-nodesc</styleUrl>
        <Point>
          <coordinates>
            -74.3684199,43.0205106,0
          </coordinates>
        </Point>
      </Placemark>
      <Placemark>
        <name>Planned Parenthood - Saratoga Springs Center</name>
        <styleUrl>#icon-1734-FF5252-labelson-nodesc</styleUrl>
        <Point>
          <coordinates>
            -73.8013161,43.0795816,0
          </coordinates>
        </Point>
      </Placemark>
      <Placemark>
        <name>Planned Parenthood - Amsterdam Center</name>
        <styleUrl>#icon-1734-FF5252-labelson-nodesc</styleUrl>
        <Point>
          <coordinates>
            -74.1873729,42.9741558,0
          </coordinates>
        </Point>
      </Placemark>
      <Placemark>
        <name>Planned Parenthood - Lowville Center</name>
        <styleUrl>#icon-1734-FF5252-labelson-nodesc</styleUrl>
        <Point>
          <coordinates>
            -75.4846694,43.7769854,0
          </coordinates>
        </Point>
      </Placemark>
      <Placemark>
        <name>Planned Parenthood - Utica Center</name>
        <styleUrl>#icon-1734-FF5252-labelson-nodesc</styleUrl>
        <Point>
          <coordinates>
            -75.246772,43.094243,0
          </coordinates>
        </Point>
      </Placemark>
      <Placemark>
        <name>Planned Parenthood - Clifton Park Center</name>
        <styleUrl>#icon-1734-FF5252-labelson-nodesc</styleUrl>
        <Point>
          <coordinates>
            -73.7638727,42.8601823,0
          </coordinates>
        </Point>
      </Placemark>
      <Placemark>
        <name>Planned Parenthood - Schenectady Center</name>
        <styleUrl>#icon-1734-FF5252-labelson-nodesc</styleUrl>
        <Point>
          <coordinates>
            -73.9284783,42.8013823,0
          </coordinates>
        </Point>
      </Placemark>
      <Placemark>
        <name>Planned Parenthood - Rome Center</name>
        <styleUrl>#icon-1734-FF5252-labelson-nodesc</styleUrl>
        <Point>
          <coordinates>
            -75.4404716,43.2312725,0
          </coordinates>
        </Point>
      </Placemark>
      <Placemark>
        <name>Planned Parenthood - Cobleskill Center</name>
        <styleUrl>#icon-1734-FF5252-labelson-nodesc</styleUrl>
        <Point>
          <coordinates>
            -74.4806829,42.6808751,0
          </coordinates>
        </Point>
      </Placemark>
      <Placemark>
        <name>Planned Parenthood - Albany Health Center</name>
        <styleUrl>#icon-1734-FF5252-labelson-nodesc</styleUrl>
        <Point>
          <coordinates>
            -73.7885034,42.6808045,0
          </coordinates>
        </Point>
      </Placemark>
      <Placemark>
        <name>Planned Parenthood - Oneida Center</name>
        <styleUrl>#icon-1734-FF5252-labelson-nodesc</styleUrl>
        <Point>
          <coordinates>
            -75.6516437,43.0774822,0
          </coordinates>
        </Point>
      </Placemark>
      <Placemark>
        <name>Planned Parenthood - Ithaca Health Center</name>
        <styleUrl>#icon-1734-FF5252-labelson-nodesc</styleUrl>
        <Point>
          <coordinates>
            -76.509524,42.4402713,0
          </coordinates>
        </Point>
      </Placemark>
      <Placemark>
        <name>Planned Parenthood - Elmira Health Center</name>
        <styleUrl>#icon-1734-FF5252-labelson-nodesc</styleUrl>
        <Point>
          <coordinates>
            -76.7948524,42.0941376,0
          </coordinates>
        </Point>
      </Placemark>
      <Placemark>
        <name>Planned Parenthood - Hornell Health Center</name>
        <styleUrl>#icon-1734-FF5252-labelson-nodesc</styleUrl>
        <Point>
          <coordinates>
            -77.6608158,42.3321045,0
          </coordinates>
        </Point>
      </Placemark>
      <Placemark>
        <name>Planned Parenthood - Pottstown Health Center</name>
        <styleUrl>#icon-1734-FF5252-labelson-nodesc</styleUrl>
        <Point>
          <coordinates>
            -75.6044817,40.2444726,0
          </coordinates>
        </Point>
      </Placemark>
      <Placemark>
        <name>Planned Parenthood - Coatesville Health Center</name>
        <styleUrl>#icon-1734-FF5252-labelson-nodesc</styleUrl>
        <Point>
          <coordinates>
            -75.8054683,39.9865701,0
          </coordinates>
        </Point>
      </Placemark>
      <Placemark>
        <name>Planned Parenthood - West Chester Surgical Center</name>
        <styleUrl>#icon-1734-FF5252-labelson-nodesc</styleUrl>
        <Point>
          <coordinates>
            -75.6103606,39.9566733,0
          </coordinates>
        </Point>
      </Placemark>
      <Placemark>
        <name>Planned Parenthood - Norristown Health Center</name>
        <styleUrl>#icon-1734-FF5252-labelson-nodesc</styleUrl>
        <Point>
          <coordinates>
            -75.3372536,40.1234346,0
          </coordinates>
        </Point>
      </Placemark>
      <Placemark>
        <name>Planned Parenthood - Media Health Center</name>
        <styleUrl>#icon-1734-FF5252-labelson-nodesc</styleUrl>
        <Point>
          <coordinates>
            -75.3927954,39.9182272,0
          </coordinates>
        </Point>
      </Placemark>
      <Placemark>
        <name>Planned Parenthood - Upper Darby Health Center</name>
        <styleUrl>#icon-1734-FF5252-labelson-nodesc</styleUrl>
        <Point>
          <coordinates>
            -75.263331,39.9593912,0
          </coordinates>
        </Point>
      </Placemark>
      <Placemark>
        <name>Planned Parenthood - The Elizabeth Blackwell Health Center ™ at Locust Street.</name>
        <styleUrl>#icon-1734-FF5252-labelson-nodesc</styleUrl>
        <Point>
          <coordinates>
            -75.1606921,39.9474988,0
          </coordinates>
        </Point>
      </Placemark>
      <Placemark>
        <name>Planned Parenthood - Castor Ave. Health Center</name>
        <styleUrl>#icon-1734-FF5252-labelson-nodesc</styleUrl>
        <Point>
          <coordinates>
            -75.0535752,40.0649464,0
          </coordinates>
        </Point>
      </Placemark>
      <Placemark>
        <name>Planned Parenthood - Gaithersburg Center</name>
        <styleUrl>#icon-1734-FF5252-labelson-nodesc</styleUrl>
        <Point>
          <coordinates>
            -77.2067876,39.1735899,0
          </coordinates>
        </Point>
      </Placemark>
      <Placemark>
        <name>Planned Parenthood - Carol Whitehill Moses Center</name>
        <styleUrl>#icon-1734-FF5252-labelson-nodesc</styleUrl>
        <Point>
          <coordinates>
            -77.0002943,38.9063052,0
          </coordinates>
        </Point>
      </Placemark>
      <Placemark>
        <name>Planned Parenthood - Planned Parenthood Prince George’s County</name>
        <styleUrl>#icon-1734-FF5252-labelson-nodesc</styleUrl>
        <Point>
          <coordinates>
            -76.9215805,38.850532,0
          </coordinates>
        </Point>
      </Placemark>
      <Placemark>
        <name>Planned Parenthood - Richmond, Near West End Health Center</name>
        <styleUrl>#icon-1734-FF5252-labelson-nodesc</styleUrl>
        <Point>
          <coordinates>
            -77.4903665,37.5594911,0
          </coordinates>
        </Point>
      </Placemark>
      <Placemark>
        <name>Planned Parenthood - Charlottesville Health Center</name>
        <styleUrl>#icon-1734-FF5252-labelson-nodesc</styleUrl>
        <Point>
          <coordinates>
            -78.492052,38.081353,0
          </coordinates>
        </Point>
      </Placemark>
      <Placemark>
        <name>Planned Parenthood - Hampton Health Center</name>
        <styleUrl>#icon-1734-FF5252-labelson-nodesc</styleUrl>
        <Point>
          <coordinates>
            -76.4236141,37.0307258,0
          </coordinates>
        </Point>
      </Placemark>
      <Placemark>
        <name>Planned Parenthood - Virginia Beach Health Center</name>
        <styleUrl>#icon-1734-FF5252-labelson-nodesc</styleUrl>
        <Point>
          <coordinates>
            -76.177407,36.857309,0
          </coordinates>
        </Point>
      </Placemark>
      <Placemark>
        <name>Planned Parenthood - Roanoke Health Center</name>
        <styleUrl>#icon-1734-FF5252-labelson-nodesc</styleUrl>
        <Point>
          <coordinates>
            -80.0059944,37.3116479,0
          </coordinates>
        </Point>
      </Placemark>
      <Placemark>
        <name>Planned Parenthood - Raleigh Health Center</name>
        <styleUrl>#icon-1734-FF5252-labelson-nodesc</styleUrl>
        <Point>
          <coordinates>
            -78.6494434,35.7797684,0
          </coordinates>
        </Point>
      </Placemark>
      <Placemark>
        <name>Planned Parenthood - Durham Health Center</name>
        <styleUrl>#icon-1734-FF5252-labelson-nodesc</styleUrl>
        <Point>
          <coordinates>
            -78.9003219,36.0407877,0
          </coordinates>
        </Point>
      </Placemark>
      <Placemark>
        <name>Planned Parenthood - Chapel Hill Health Center</name>
        <styleUrl>#icon-1734-FF5252-labelson-nodesc</styleUrl>
        <Point>
          <coordinates>
            -79.0140815,35.9447301,0
          </coordinates>
        </Point>
      </Placemark>
      <Placemark>
        <name>Planned Parenthood - Fayetteville Health Center</name>
        <styleUrl>#icon-1734-FF5252-labelson-nodesc</styleUrl>
        <Point>
          <coordinates>
            -78.9594315,35.0792493,0
          </coordinates>
        </Point>
      </Placemark>
      <Placemark>
        <name>Planned Parenthood - Greensboro Health Center</name>
        <styleUrl>#icon-1734-FF5252-labelson-nodesc</styleUrl>
        <Point>
          <coordinates>
            -79.8126356,36.0917402,0
          </coordinates>
        </Point>
      </Placemark>
      <Placemark>
        <name>Planned Parenthood - Winston-Salem Health Center</name>
        <styleUrl>#icon-1734-FF5252-labelson-nodesc</styleUrl>
        <Point>
          <coordinates>
            -80.2934102,36.0799083,0
          </coordinates>
        </Point>
      </Placemark>
      <Placemark>
        <name>Planned Parenthood - Wilmington Health Center</name>
        <styleUrl>#icon-1734-FF5252-labelson-nodesc</styleUrl>
        <Point>
          <coordinates>
            -77.927412,34.2090629,0
          </coordinates>
        </Point>
      </Placemark>
      <Placemark>
        <name>Planned Parenthood - Charlotte Health Center</name>
        <styleUrl>#icon-1734-FF5252-labelson-nodesc</styleUrl>
        <Point>
          <coordinates>
            -80.8351475,35.2088222,0
          </coordinates>
        </Point>
      </Placemark>
      <Placemark>
        <name>Planned Parenthood - Charleston Health Center</name>
        <styleUrl>#icon-1734-FF5252-labelson-nodesc</styleUrl>
        <Point>
          <coordinates>
            -79.9992295,32.7980052,0
          </coordinates>
        </Point>
      </Placemark>
      <Placemark>
        <name>Planned Parenthood - Asheville Health Center</name>
        <styleUrl>#icon-1734-FF5252-labelson-nodesc</styleUrl>
        <Point>
          <coordinates>
            -82.553836,35.5821903,0
          </coordinates>
        </Point>
      </Placemark>
      <Placemark>
        <name>Planned Parenthood - Golden Glades-Miami Health Center</name>
        <styleUrl>#icon-1734-FF5252-labelson-nodesc</styleUrl>
        <Point>
          <coordinates>
            -80.2098536,25.9225133,0
          </coordinates>
        </Point>
      </Placemark>
      <Placemark>
        <name>Planned Parenthood - Jean Shehan Health Center</name>
        <styleUrl>#icon-1734-FF5252-labelson-nodesc</styleUrl>
        <Point>
          <coordinates>
            -80.2179054,25.7506639,0
          </coordinates>
        </Point>
      </Placemark>
      <Placemark>
        <name>Planned Parenthood - Kendall Health Center</name>
        <styleUrl>#icon-1734-FF5252-labelson-nodesc</styleUrl>
        <Point>
          <coordinates>
            -80.385114,25.6851957,0
          </coordinates>
        </Point>
      </Placemark>
      <Placemark>
        <name>Planned Parenthood - Pembroke Pines Health Center</name>
        <styleUrl>#icon-1734-FF5252-labelson-nodesc</styleUrl>
        <Point>
          <coordinates>
            -80.247139,26.0115416,0
          </coordinates>
        </Point>
      </Placemark>
      <Placemark>
        <name>Planned Parenthood - Boca Raton Health Center</name>
        <styleUrl>#icon-1734-FF5252-labelson-nodesc</styleUrl>
        <Point>
          <coordinates>
            -80.1723012,26.3694569,0
          </coordinates>
        </Point>
      </Placemark>
      <Placemark>
        <name>Planned Parenthood - Florida Mango Health Center</name>
        <styleUrl>#icon-1734-FF5252-labelson-nodesc</styleUrl>
        <Point>
          <coordinates>
            -80.0784257,26.69403,0
          </coordinates>
        </Point>
      </Placemark>
      <Placemark>
        <name>Planned Parenthood - West Palm Beach Health Center</name>
        <styleUrl>#icon-1734-FF5252-labelson-nodesc</styleUrl>
        <Point>
          <coordinates>
            -80.101889,26.7157054,0
          </coordinates>
        </Point>
      </Placemark>
      <Placemark>
        <name>Planned Parenthood - Naples Center</name>
        <styleUrl>#icon-1734-FF5252-labelson-nodesc</styleUrl>
        <Point>
          <coordinates>
            -81.7922497,26.182449,0
          </coordinates>
        </Point>
      </Placemark>
      <Placemark>
        <name>Planned Parenthood - Fort Myers Health Center</name>
        <styleUrl>#icon-1734-FF5252-labelson-nodesc</styleUrl>
        <Point>
          <coordinates>
            -81.8486991,26.5484209,0
          </coordinates>
        </Point>
      </Placemark>
      <Placemark>
        <name>Planned Parenthood - Sarasota Health Center</name>
        <styleUrl>#icon-1734-FF5252-labelson-nodesc</styleUrl>
        <Point>
          <coordinates>
            -82.542497,27.3428468,0
          </coordinates>
        </Point>
      </Placemark>
      <Placemark>
        <name>Planned Parenthood - Lakeland Health Center</name>
        <styleUrl>#icon-1734-FF5252-labelson-nodesc</styleUrl>
        <Point>
          <coordinates>
            -81.9162387,28.0138388,0
          </coordinates>
        </Point>
      </Placemark>
      <Placemark>
        <name>Planned Parenthood - Kissimmee Health Center</name>
        <styleUrl>#icon-1734-FF5252-labelson-nodesc</styleUrl>
        <Point>
          <coordinates>
            -81.410612,28.301355,0
          </coordinates>
        </Point>
      </Placemark>
      <Placemark>
        <name>Planned Parenthood - St. Petersburg Health Center</name>
        <styleUrl>#icon-1734-FF5252-labelson-nodesc</styleUrl>
        <Point>
          <coordinates>
            -82.6420577,27.7706144,0
          </coordinates>
        </Point>
      </Placemark>
      <Placemark>
        <name>Planned Parenthood - East Orlando Health Center</name>
        <styleUrl>#icon-1734-FF5252-labelson-nodesc</styleUrl>
        <Point>
          <coordinates>
            -81.2208683,28.597015,0
          </coordinates>
        </Point>
      </Placemark>
      <Placemark>
        <name>Planned Parenthood - Tampa Health Center</name>
        <styleUrl>#icon-1734-FF5252-labelson-nodesc</styleUrl>
        <Point>
          <coordinates>
            -82.3941199,28.0219435,0
          </coordinates>
        </Point>
      </Placemark>
      <Placemark>
        <name>Planned Parenthood - North Tampa Health Center</name>
        <styleUrl>#icon-1734-FF5252-labelson-nodesc</styleUrl>
        <Point>
          <coordinates>
            -82.4580761,28.089476,0
          </coordinates>
        </Point>
      </Placemark>
      <Placemark>
        <name>Planned Parenthood - Gainesville Health Center</name>
        <styleUrl>#icon-1734-FF5252-labelson-nodesc</styleUrl>
        <Point>
          <coordinates>
            -82.3395556,29.6606927,0
          </coordinates>
        </Point>
      </Placemark>
      <Placemark>
        <name>Planned Parenthood - Jacksonville Health Center</name>
        <styleUrl>#icon-1734-FF5252-labelson-nodesc</styleUrl>
        <Point>
          <coordinates>
            -81.6217572,30.2623512,0
          </coordinates>
        </Point>
      </Placemark>
      <Placemark>
        <name>Planned Parenthood - Little Rock Aldersgate Road Health Center</name>
        <styleUrl>#icon-1734-FF5252-labelson-nodesc</styleUrl>
        <Point>
          <coordinates>
            -92.389527,34.739947,0
          </coordinates>
        </Point>
      </Placemark>
      <Placemark>
        <name>Planned Parenthood - Knoxville Health Center</name>
        <styleUrl>#icon-1734-FF5252-labelson-nodesc</styleUrl>
        <Point>
          <coordinates>
            -83.8968263,35.9899957,0
          </coordinates>
        </Point>
      </Placemark>
      <Placemark>
        <name>Planned Parenthood - Memphis Health Center - Midtown</name>
        <styleUrl>#icon-1734-FF5252-labelson-nodesc</styleUrl>
        <Point>
          <coordinates>
            -89.9796948,35.1396822,0
          </coordinates>
        </Point>
      </Placemark>
      <Placemark>
        <name>Planned Parenthood - Memphis Health Center near Summer and I240</name>
        <styleUrl>#icon-1734-FF5252-labelson-nodesc</styleUrl>
        <Point>
          <coordinates>
            -89.8824509,35.1568521,0
          </coordinates>
        </Point>
      </Placemark>
      <Placemark>
        <name>Planned Parenthood - Cedar Rapids Health Center</name>
        <styleUrl>#icon-1734-FF5252-labelson-nodesc</styleUrl>
        <Point>
          <coordinates>
            -91.6341125,42.0131268,0
          </coordinates>
        </Point>
      </Placemark>
      <Placemark>
        <name>Planned Parenthood - Cedar Falls Health Center</name>
        <styleUrl>#icon-1734-FF5252-labelson-nodesc</styleUrl>
        <Point>
          <coordinates>
            -92.430871,42.5145822,0
          </coordinates>
        </Point>
      </Placemark>
      <Placemark>
        <name>Planned Parenthood - Rogers Park Health Center</name>
        <styleUrl>#icon-1734-FF5252-labelson-nodesc</styleUrl>
        <Point>
          <coordinates>
            -87.6594149,41.9862984,0
          </coordinates>
        </Point>
      </Placemark>
      <Placemark>
        <name>Planned Parenthood - Aurora Health Center</name>
        <styleUrl>#icon-1734-FF5252-labelson-nodesc</styleUrl>
        <Point>
          <coordinates>
            -88.2391966,41.7580093,0
          </coordinates>
        </Point>
      </Placemark>
      <Placemark>
        <name>Planned Parenthood - Wicker Park Health Center</name>
        <styleUrl>#icon-1734-FF5252-labelson-nodesc</styleUrl>
        <Point>
          <coordinates>
            -87.665569,41.9025531,0
          </coordinates>
        </Point>
      </Placemark>
      <Placemark>
        <name>Planned Parenthood - Near North: Elizabeth Cohn Morris Health Center</name>
        <styleUrl>#icon-1734-FF5252-labelson-nodesc</styleUrl>
        <Point>
          <coordinates>
            -87.6333023,41.9040654,0
          </coordinates>
        </Point>
      </Placemark>
      <Placemark>
        <name>Planned Parenthood - Loop Health Center</name>
        <styleUrl>#icon-1734-FF5252-labelson-nodesc</styleUrl>
        <Point>
          <coordinates>
            -87.6264156,41.882614,0
          </coordinates>
        </Point>
      </Placemark>
      <Placemark>
        <name>Planned Parenthood - Orland Park Health Center</name>
        <styleUrl>#icon-1734-FF5252-labelson-nodesc</styleUrl>
        <Point>
          <coordinates>
            -87.8545879,41.6264576,0
          </coordinates>
        </Point>
      </Placemark>
      <Placemark>
        <name>Planned Parenthood - Roseland Health Center</name>
        <styleUrl>#icon-1734-FF5252-labelson-nodesc</styleUrl>
        <Point>
          <coordinates>
            -87.6426783,41.6888644,0
          </coordinates>
        </Point>
      </Placemark>
      <Placemark>
        <name>Planned Parenthood - Iowa City Health Center</name>
        <styleUrl>#icon-1734-FF5252-labelson-nodesc</styleUrl>
        <Point>
          <coordinates>
            -91.5410216,41.6492939,0
          </coordinates>
        </Point>
      </Placemark>
      <Placemark>
        <name>Planned Parenthood - Flossmoor Health Center</name>
        <styleUrl>#icon-1734-FF5252-labelson-nodesc</styleUrl>
        <Point>
          <coordinates>
            -87.697603,41.5290952,0
          </coordinates>
        </Point>
      </Placemark>
      <Placemark>
        <name>Planned Parenthood - Ottawa Health Center</name>
        <styleUrl>#icon-1734-FF5252-labelson-nodesc</styleUrl>
        <Point>
          <coordinates>
            -88.841758,41.346217,0
          </coordinates>
        </Point>
      </Placemark>
      <Placemark>
        <name>Planned Parenthood - Bloomington Health Center</name>
        <styleUrl>#icon-1734-FF5252-labelson-nodesc</styleUrl>
        <Point>
          <coordinates>
            -88.9524688,40.4959464,0
          </coordinates>
        </Point>
      </Placemark>
      <Placemark>
        <name>Planned Parenthood - Champaign Health Center</name>
        <styleUrl>#icon-1734-FF5252-labelson-nodesc</styleUrl>
        <Point>
          <coordinates>
            -88.2351367,40.1137173,0
          </coordinates>
        </Point>
      </Placemark>
      <Placemark>
        <name>Planned Parenthood - Peoria Health Center</name>
        <styleUrl>#icon-1734-FF5252-labelson-nodesc</styleUrl>
        <Point>
          <coordinates>
            -89.594029,40.720812,0
          </coordinates>
        </Point>
      </Placemark>
      <Placemark>
        <name>Planned Parenthood - Decatur Health Center</name>
        <styleUrl>#icon-1734-FF5252-labelson-nodesc</styleUrl>
        <Point>
          <coordinates>
            -88.9742967,39.8772151,0
          </coordinates>
        </Point>
      </Placemark>
      <Placemark>
        <name>Planned Parenthood - Independence Health Center</name>
        <styleUrl>#icon-1734-FF5252-labelson-nodesc</styleUrl>
        <Point>
          <coordinates>
            -94.4125075,39.0992485,0
          </coordinates>
        </Point>
      </Placemark>
      <Placemark>
        <name>Planned Parenthood - Northland Center</name>
        <styleUrl>#icon-1734-FF5252-labelson-nodesc</styleUrl>
        <Point>
          <coordinates>
            -94.5450887,39.2034237,0
          </coordinates>
        </Point>
      </Placemark>
      <Placemark>
        <name>Planned Parenthood - Comprehensive Health Center</name>
        <styleUrl>#icon-1734-FF5252-labelson-nodesc</styleUrl>
        <Point>
          <coordinates>
            -94.6368076,38.9310012,0
          </coordinates>
        </Point>
      </Placemark>
      <Placemark>
        <name>Planned Parenthood - Patty Brous Health Center</name>
        <styleUrl>#icon-1734-FF5252-labelson-nodesc</styleUrl>
        <Point>
          <coordinates>
            -94.573842,39.0414875,0
          </coordinates>
        </Point>
      </Placemark>
      <Placemark>
        <name>Planned Parenthood - Roseland Health Center</name>
        <styleUrl>#icon-1734-FF5252-labelson-nodesc</styleUrl>
        <Point>
          <coordinates>
            -87.6426783,41.6888644,0
          </coordinates>
        </Point>
      </Placemark>
      <Placemark>
        <name>Planned Parenthood - Susan Knapp Health Center</name>
        <styleUrl>#icon-1734-FF5252-labelson-nodesc</styleUrl>
        <Point>
          <coordinates>
            -93.64861,41.6002253,0
          </coordinates>
        </Point>
      </Placemark>
      <Placemark>
        <name>Planned Parenthood - Urbandale Health Center</name>
        <styleUrl>#icon-1734-FF5252-labelson-nodesc</styleUrl>
        <Point>
          <coordinates>
            -93.7662268,41.6247331,0
          </coordinates>
        </Point>
      </Placemark>
      <Placemark>
        <name>Planned Parenthood - Council Bluffs</name>
        <styleUrl>#icon-1734-FF5252-labelson-nodesc</styleUrl>
        <Point>
          <coordinates>
            -95.8679113,41.2599296,0
          </coordinates>
        </Point>
      </Placemark>
      <Placemark>
        <name>Planned Parenthood - Lincoln Health Center</name>
        <styleUrl>#icon-1734-FF5252-labelson-nodesc</styleUrl>
        <Point>
          <coordinates>
            -96.6544739,40.7562475,0
          </coordinates>
        </Point>
      </Placemark>
      <Placemark>
        <name>Planned Parenthood - Northwest Health Center</name>
        <styleUrl>#icon-1734-FF5252-labelson-nodesc</styleUrl>
        <Point>
          <coordinates>
            -95.5041303,29.847021,0
          </coordinates>
        </Point>
      </Placemark>
      <Placemark>
        <name>Planned Parenthood - Omaha Health Center</name>
        <styleUrl>#icon-1734-FF5252-labelson-nodesc</styleUrl>
        <Point>
          <coordinates>
            -96.0553043,41.2872871,0
          </coordinates>
        </Point>
      </Placemark>
      <Placemark>
        <name>Planned Parenthood - Wichita Health Center</name>
        <styleUrl>#icon-1734-FF5252-labelson-nodesc</styleUrl>
        <Point>
          <coordinates>
            -97.3094823,37.6938287,0
          </coordinates>
        </Point>
      </Placemark>
      <Placemark>
        <name>Planned Parenthood - Central Oklahoma City Clinic</name>
        <styleUrl>#icon-1734-FF5252-labelson-nodesc</styleUrl>
        <Point>
          <coordinates>
            -97.523625,35.4935416,0
          </coordinates>
        </Point>
      </Placemark>
      <Placemark>
        <name>Planned Parenthood - Midtown Health Center</name>
        <styleUrl>#icon-1734-FF5252-labelson-nodesc</styleUrl>
        <Point>
          <coordinates>
            -86.1572059,39.8239269,0
          </coordinates>
        </Point>
      </Placemark>
      <Placemark>
        <name>Planned Parenthood - Plano Health Center</name>
        <styleUrl>#icon-1734-FF5252-labelson-nodesc</styleUrl>
        <Point>
          <coordinates>
            -96.7068318,33.0077846,0
          </coordinates>
        </Point>
      </Placemark>
      <Placemark>
        <name>Planned Parenthood - North Dallas Shelburne Health Center</name>
        <styleUrl>#icon-1734-FF5252-labelson-nodesc</styleUrl>
        <Point>
          <coordinates>
            -96.7573277,32.8814303,0
          </coordinates>
        </Point>
      </Placemark>
      <Placemark>
        <name>Planned Parenthood - Arlington Health Center</name>
        <styleUrl>#icon-1734-FF5252-labelson-nodesc</styleUrl>
        <Point>
          <coordinates>
            -97.1303827,32.6856718,0
          </coordinates>
        </Point>
      </Placemark>
      <Placemark>
        <name>Planned Parenthood - South Dallas Abortion Services Center</name>
        <styleUrl>#icon-1734-FF5252-labelson-nodesc</styleUrl>
        <Point>
          <coordinates>
            -96.8764094,32.6491805,0
          </coordinates>
        </Point>
      </Placemark>
      <Placemark>
        <name>Planned Parenthood - North Austin Health Center</name>
        <styleUrl>#icon-1734-FF5252-labelson-nodesc</styleUrl>
        <Point>
          <coordinates>
            -97.7255283,30.3737062,0
          </coordinates>
        </Point>
      </Placemark>
      <Placemark>
        <name>Planned Parenthood - Planned Parenthood - Northeast</name>
        <styleUrl>#icon-1734-FF5252-labelson-nodesc</styleUrl>
        <Point>
          <coordinates>
            -98.4100596,29.5447731,0
          </coordinates>
        </Point>
      </Placemark>
      <Placemark>
        <name>Planned Parenthood - Planned Parenthood - South Texas Medical Center</name>
        <styleUrl>#icon-1734-FF5252-labelson-nodesc</styleUrl>
        <Point>
          <coordinates>
            -98.5824157,29.5025765,0
          </coordinates>
        </Point>
      </Placemark>
      <Placemark>
        <name>Planned Parenthood - San Pedro</name>
        <styleUrl>#icon-1734-FF5252-labelson-nodesc</styleUrl>
        <Point>
          <coordinates>
            -98.4986745,29.4424516,0
          </coordinates>
        </Point>
      </Placemark>
      <Placemark>
        <name>Planned Parenthood - Planned Parenthood - Brownsville</name>
        <styleUrl>#icon-1734-FF5252-labelson-nodesc</styleUrl>
        <Point>
          <coordinates>
            -97.50383,25.9788581,0
          </coordinates>
        </Point>
      </Placemark>
      <Placemark>
        <name>Planned Parenthood - Planned Parenthood - Harlingen</name>
        <styleUrl>#icon-1734-FF5252-labelson-nodesc</styleUrl>
        <Point>
          <coordinates>
            -97.6796888,26.1992594,0
          </coordinates>
        </Point>
      </Placemark>
      <Placemark>
        <name>Planned Parenthood - Planned Parenthood - Southeast</name>
        <styleUrl>#icon-1734-FF5252-labelson-nodesc</styleUrl>
        <Point>
          <coordinates>
            -98.4480679,29.3575794,0
          </coordinates>
        </Point>
      </Placemark>
      <Placemark>
        <name>Planned Parenthood - Planned Parenthood - Richland Hills Dr.</name>
        <styleUrl>#icon-1734-FF5252-labelson-nodesc</styleUrl>
        <Point>
          <coordinates>
            -98.6448182,29.4409082,0
          </coordinates>
        </Point>
      </Placemark>
      <Placemark>
        <name>Planned Parenthood - El Paso Health Center</name>
        <styleUrl>#icon-1734-FF5252-labelson-nodesc</styleUrl>
        <Point>
          <coordinates>
            -106.4765935,31.7704897,0
          </coordinates>
        </Point>
      </Placemark>
      <Placemark>
        <name>Planned Parenthood - Denver Central</name>
        <styleUrl>#icon-1734-FF5252-labelson-nodesc</styleUrl>
        <Point>
          <coordinates>
            -104.9757885,39.7387061,0
          </coordinates>
        </Point>
      </Placemark>
      <Placemark>
        <name>Planned Parenthood - Meridian Health Center</name>
        <styleUrl>#icon-1734-FF5252-labelson-nodesc</styleUrl>
        <Point>
          <coordinates>
            -116.367854,43.605291,0
          </coordinates>
        </Point>
      </Placemark>
      <Placemark>
        <name>Planned Parenthood - Twin Falls Health Center</name>
        <styleUrl>#icon-1734-FF5252-labelson-nodesc</styleUrl>
        <Point>
          <coordinates>
            -114.4703514,42.5578489,0
          </coordinates>
        </Point>
      </Placemark>
      <Placemark>
        <name>Planned Parenthood - Bend Health Center</name>
        <styleUrl>#icon-1734-FF5252-labelson-nodesc</styleUrl>
        <Point>
          <coordinates>
            -121.3048154,44.073045,0
          </coordinates>
        </Point>
      </Placemark>
      <Placemark>
        <name>Planned Parenthood - Walla Walla Health Center</name>
        <styleUrl>#icon-1734-FF5252-labelson-nodesc</styleUrl>
        <Point>
          <coordinates>
            -118.3410594,46.0630284,0
          </coordinates>
        </Point>
      </Placemark>
      <Placemark>
        <name>Planned Parenthood - Pullman Health Center</name>
        <styleUrl>#icon-1734-FF5252-labelson-nodesc</styleUrl>
        <Point>
          <coordinates>
            -117.1794484,46.715944,0
          </coordinates>
        </Point>
      </Placemark>
      <Placemark>
        <name>Planned Parenthood - Pasco Health Center</name>
        <styleUrl>#icon-1734-FF5252-labelson-nodesc</styleUrl>
        <Point>
          <coordinates>
            -119.142374,46.2421541,0
          </coordinates>
        </Point>
      </Placemark>
      <Placemark>
        <name>Planned Parenthood - Kennewick Health Center</name>
        <styleUrl>#icon-1734-FF5252-labelson-nodesc</styleUrl>
        <Point>
          <coordinates>
            -119.2220059,46.2315037,0
          </coordinates>
        </Point>
      </Placemark>
      <Placemark>
        <name>Planned Parenthood - Moses Lake Health Center</name>
        <styleUrl>#icon-1734-FF5252-labelson-nodesc</styleUrl>
        <Point>
          <coordinates>
            -119.2896121,47.1239361,0
          </coordinates>
        </Point>
      </Placemark>
      <Placemark>
        <name>Planned Parenthood - Yakima Health Center</name>
        <styleUrl>#icon-1734-FF5252-labelson-nodesc</styleUrl>
        <Point>
          <coordinates>
            -120.5238162,46.5930432,0
          </coordinates>
        </Point>
      </Placemark>
      <Placemark>
        <name>Planned Parenthood - Ellensburg Health Center</name>
        <styleUrl>#icon-1734-FF5252-labelson-nodesc</styleUrl>
        <Point>
          <coordinates>
            -120.5464731,46.9984831,0
          </coordinates>
        </Point>
      </Placemark>
      <Placemark>
        <name>Planned Parenthood - Wenatchee Health Center</name>
        <styleUrl>#icon-1734-FF5252-labelson-nodesc</styleUrl>
        <Point>
          <coordinates>
            -120.3136168,47.4144895,0
          </coordinates>
        </Point>
      </Placemark>
      <Placemark>
        <name>Planned Parenthood - Milwaukie-Oak Grove Health Center</name>
        <styleUrl>#icon-1734-FF5252-labelson-nodesc</styleUrl>
        <Point>
          <coordinates>
            -122.6333249,45.4190701,0
          </coordinates>
        </Point>
      </Placemark>
      <Placemark>
        <name>Planned Parenthood - Hillman East Portland Center</name>
        <styleUrl>#icon-1734-FF5252-labelson-nodesc</styleUrl>
        <Point>
          <coordinates>
            -122.5129104,45.504519,0
          </coordinates>
        </Point>
      </Placemark>
      <Placemark>
        <name>Planned Parenthood - Vancouver Health Center</name>
        <styleUrl>#icon-1734-FF5252-labelson-nodesc</styleUrl>
        <Point>
          <coordinates>
            -122.5536547,45.6216927,0
          </coordinates>
        </Point>
      </Placemark>
      <Placemark>
        <name>Planned Parenthood - Ashland Health Center</name>
        <styleUrl>#icon-1734-FF5252-labelson-nodesc</styleUrl>
        <Point>
          <coordinates>
            -122.68835,42.183463,0
          </coordinates>
        </Point>
      </Placemark>
      <Placemark>
        <name>Planned Parenthood - NE Portland Health Center</name>
        <styleUrl>#icon-1734-FF5252-labelson-nodesc</styleUrl>
        <Point>
          <coordinates>
            -122.6618778,45.5498193,0
          </coordinates>
        </Point>
      </Placemark>
      <Placemark>
        <name>Planned Parenthood - Salem Health Center</name>
        <styleUrl>#icon-1734-FF5252-labelson-nodesc</styleUrl>
        <Point>
          <coordinates>
            -122.9857956,44.9587097,0
          </coordinates>
        </Point>
      </Placemark>
      <Placemark>
        <name>Planned Parenthood - Medford Health Center</name>
        <styleUrl>#icon-1734-FF5252-labelson-nodesc</styleUrl>
        <Point>
          <coordinates>
            -122.8708289,42.3254593,0
          </coordinates>
        </Point>
      </Placemark>
      <Placemark>
        <name>Planned Parenthood - Beaverton Health Center</name>
        <styleUrl>#icon-1734-FF5252-labelson-nodesc</styleUrl>
        <Point>
          <coordinates>
            -122.802473,45.485869,0
          </coordinates>
        </Point>
      </Placemark>
      <Placemark>
        <name>Planned Parenthood - Grants Pass Health Center</name>
        <styleUrl>#icon-1734-FF5252-labelson-nodesc</styleUrl>
        <Point>
          <coordinates>
            -123.324563,42.457022,0
          </coordinates>
        </Point>
      </Placemark>
      <Placemark>
        <name>Planned Parenthood - Redding Health Center</name>
        <styleUrl>#icon-1734-FF5252-labelson-nodesc</styleUrl>
        <Point>
          <coordinates>
            -122.362324,40.564581,0
          </coordinates>
        </Point>
      </Placemark>
      <Placemark>
        <name>Planned Parenthood - Puyallup Health Center</name>
        <styleUrl>#icon-1734-FF5252-labelson-nodesc</styleUrl>
        <Point>
          <coordinates>
            -122.301432,47.1627898,0
          </coordinates>
        </Point>
      </Placemark>
      <Placemark>
        <name>Planned Parenthood - Federal Way Health Center</name>
        <styleUrl>#icon-1734-FF5252-labelson-nodesc</styleUrl>
        <Point>
          <coordinates>
            -122.3198511,47.28901,0
          </coordinates>
        </Point>
      </Placemark>
      <Placemark>
        <name>Planned Parenthood - Centralia Health Center</name>
        <styleUrl>#icon-1734-FF5252-labelson-nodesc</styleUrl>
        <Point>
          <coordinates>
            -122.9665154,46.7185133,0
          </coordinates>
        </Point>
      </Placemark>
      <Placemark>
        <name>Planned Parenthood - Tacoma Health Center</name>
        <styleUrl>#icon-1734-FF5252-labelson-nodesc</styleUrl>
        <Point>
          <coordinates>
            -122.4501549,47.2474027,0
          </coordinates>
        </Point>
      </Placemark>
      <Placemark>
        <name>Planned Parenthood - Eastside-Bellevue Health Center</name>
        <styleUrl>#icon-1734-FF5252-labelson-nodesc</styleUrl>
        <Point>
          <coordinates>
            -122.1442388,47.6177558,0
          </coordinates>
        </Point>
      </Placemark>
      <Placemark>
        <name>Planned Parenthood - White Center Health Center</name>
        <styleUrl>#icon-1734-FF5252-labelson-nodesc</styleUrl>
        <Point>
          <coordinates>
            -122.3449638,47.514043,0
          </coordinates>
        </Point>
      </Placemark>
      <Placemark>
        <name>Planned Parenthood - Olympia Health Center</name>
        <styleUrl>#icon-1734-FF5252-labelson-nodesc</styleUrl>
        <Point>
          <coordinates>
            -122.8975108,47.0436122,0
          </coordinates>
        </Point>
      </Placemark>
      <Placemark>
        <name>Planned Parenthood - Central District Health Center</name>
        <styleUrl>#icon-1734-FF5252-labelson-nodesc</styleUrl>
        <Point>
          <coordinates>
            -122.3050597,47.6173333,0
          </coordinates>
        </Point>
      </Placemark>
      <Placemark>
        <name>Planned Parenthood - B Street Health Center</name>
        <styleUrl>#icon-1734-FF5252-labelson-nodesc</styleUrl>
        <Point>
          <coordinates>
            -121.4637616,38.5819095,0
          </coordinates>
        </Point>
      </Placemark>
      <Placemark>
        <name>Planned Parenthood - Fulton Street Health Center</name>
        <styleUrl>#icon-1734-FF5252-labelson-nodesc</styleUrl>
        <Point>
          <coordinates>
            -119.8000228,36.7521394,0
          </coordinates>
        </Point>
      </Placemark>
      <Placemark>
        <name>Planned Parenthood - Fairfield Health Center</name>
        <styleUrl>#icon-1734-FF5252-labelson-nodesc</styleUrl>
        <Point>
          <coordinates>
            -122.0518776,38.2577232,0
          </coordinates>
        </Point>
      </Placemark>
      <Placemark>
        <name>Planned Parenthood - Antioch Health Center</name>
        <styleUrl>#icon-1734-FF5252-labelson-nodesc</styleUrl>
        <Point>
          <coordinates>
            -121.82275,37.9989007,0
          </coordinates>
        </Point>
      </Placemark>
      <Placemark>
        <name>Planned Parenthood - Napa Health Center</name>
        <styleUrl>#icon-1734-FF5252-labelson-nodesc</styleUrl>
        <Point>
          <coordinates>
            -122.2948288,38.3229839,0
          </coordinates>
        </Point>
      </Placemark>
      <Placemark>
        <name>Planned Parenthood - Concord Health Center</name>
        <styleUrl>#icon-1734-FF5252-labelson-nodesc</styleUrl>
        <Point>
          <coordinates>
            -122.0347346,37.9790294,0
          </coordinates>
        </Point>
      </Placemark>
      <Placemark>
        <name>Planned Parenthood - Vallejo Health Center</name>
        <styleUrl>#icon-1734-FF5252-labelson-nodesc</styleUrl>
        <Point>
          <coordinates>
            -122.2590523,38.09971,0
          </coordinates>
        </Point>
      </Placemark>
      <Placemark>
        <name>Planned Parenthood - Walnut Creek Health Center</name>
        <styleUrl>#icon-1734-FF5252-labelson-nodesc</styleUrl>
        <Point>
          <coordinates>
            -122.0705378,37.8978575,0
          </coordinates>
        </Point>
      </Placemark>
      <Placemark>
        <name>Planned Parenthood - Hilltop-Richmond Health Center</name>
        <styleUrl>#icon-1734-FF5252-labelson-nodesc</styleUrl>
        <Point>
          <coordinates>
            -122.3292952,37.9776048,0
          </coordinates>
        </Point>
      </Placemark>
      <Placemark>
        <name>Planned Parenthood - San Ramon Health Center</name>
        <styleUrl>#icon-1734-FF5252-labelson-nodesc</styleUrl>
        <Point>
          <coordinates>
            -121.9903311,37.7738074,0
          </coordinates>
        </Point>
      </Placemark>
      <Placemark>
        <name>Planned Parenthood - El Cerrito Health Center</name>
        <styleUrl>#icon-1734-FF5252-labelson-nodesc</styleUrl>
        <Point>
          <coordinates>
            -122.2984258,37.8992437,0
          </coordinates>
        </Point>
      </Placemark>
      <Placemark>
        <name>Planned Parenthood - Santa Rosa Health Center</name>
        <styleUrl>#icon-1734-FF5252-labelson-nodesc</styleUrl>
        <Point>
          <coordinates>
            -122.6994824,38.4403434,0
          </coordinates>
        </Point>
      </Placemark>
      <Placemark>
        <name>Planned Parenthood - San Rafael Health Center</name>
        <styleUrl>#icon-1734-FF5252-labelson-nodesc</styleUrl>
        <Point>
          <coordinates>
            -122.5383989,37.9743563,0
          </coordinates>
        </Point>
      </Placemark>
      <Placemark>
        <name>Planned Parenthood - Wohlford Family Clinic</name>
        <styleUrl>#icon-1734-FF5252-labelson-nodesc</styleUrl>
        <Point>
          <coordinates>
            -122.4064418,37.7517956,0
          </coordinates>
        </Point>
      </Placemark>
      <Placemark>
        <name>Planned Parenthood - San Francisco Health Center</name>
        <styleUrl>#icon-1734-FF5252-labelson-nodesc</styleUrl>
        <Point>
          <coordinates>
            -122.4226467,37.7885735,0
          </coordinates>
        </Point>
      </Placemark>
      <Placemark>
        <name>Planned Parenthood - Chico Health Center</name>
        <styleUrl>#icon-1734-FF5252-labelson-nodesc</styleUrl>
        <Point>
          <coordinates>
            -121.8429922,39.7718482,0
          </coordinates>
        </Point>
      </Placemark>
      <Placemark>
        <name>Planned Parenthood - Ukiah Health Center</name>
        <styleUrl>#icon-1734-FF5252-labelson-nodesc</styleUrl>
        <Point>
          <coordinates>
            -123.2038891,39.1525336,0
          </coordinates>
        </Point>
      </Placemark>
      <Placemark>
        <name>Planned Parenthood - Eureka Health Center</name>
        <styleUrl>#icon-1734-FF5252-labelson-nodesc</styleUrl>
        <Point>
          <coordinates>
            -124.1351851,40.7789369,0
          </coordinates>
        </Point>
      </Placemark>
      <Placemark>
        <name>Planned Parenthood - San Luis Obispo Health Center</name>
        <styleUrl>#icon-1734-FF5252-labelson-nodesc</styleUrl>
        <Point>
          <coordinates>
            -120.6616998,35.2768089,0
          </coordinates>
        </Point>
      </Placemark>
      <Placemark>
        <name>Planned Parenthood - Santa Barbara Health Center</name>
        <styleUrl>#icon-1734-FF5252-labelson-nodesc</styleUrl>
        <Point>
          <coordinates>
            -119.692348,34.420989,0
          </coordinates>
        </Point>
      </Placemark>
      <Placemark>
        <name>Planned Parenthood - Ventura Health Center</name>
        <styleUrl>#icon-1734-FF5252-labelson-nodesc</styleUrl>
        <Point>
          <coordinates>
            -119.2178932,34.2594821,0
          </coordinates>
        </Point>
      </Placemark>
      <Placemark>
        <name>Planned Parenthood - Thousand Oaks Health Center</name>
        <styleUrl>#icon-1734-FF5252-labelson-nodesc</styleUrl>
        <Point>
          <coordinates>
            -118.9070396,34.1848914,0
          </coordinates>
        </Point>
      </Placemark>
      <Placemark>
        <name>Planned Parenthood - Santa Maria Health Center</name>
        <styleUrl>#icon-1734-FF5252-labelson-nodesc</styleUrl>
        <Point>
          <coordinates>
            -120.4307535,34.9546551,0
          </coordinates>
        </Point>
      </Placemark>
      <Placemark>
        <name>Planned Parenthood - Eagle Rock Health Center</name>
        <styleUrl>#icon-1734-FF5252-labelson-nodesc</styleUrl>
        <Point>
          <coordinates>
            -118.2008437,34.1392228,0
          </coordinates>
        </Point>
      </Placemark>
      <Placemark>
        <name>Planned Parenthood - Pasadena Health Center</name>
        <styleUrl>#icon-1734-FF5252-labelson-nodesc</styleUrl>
        <Point>
          <coordinates>
            -118.1328056,34.1640418,0
          </coordinates>
        </Point>
      </Placemark>
      <Placemark>
        <name>Planned Parenthood - Alhambra Health Center</name>
        <styleUrl>#icon-1734-FF5252-labelson-nodesc</styleUrl>
        <Point>
          <coordinates>
            -118.1240463,34.0916023,0
          </coordinates>
        </Point>
      </Placemark>
      <Placemark>
        <name>Planned Parenthood - Glendora Health Center</name>
        <styleUrl>#icon-1734-FF5252-labelson-nodesc</styleUrl>
        <Point>
          <coordinates>
            -117.8651581,34.1281996,0
          </coordinates>
        </Point>
      </Placemark>
      <Placemark>
        <name>Planned Parenthood - Riverside Flaster Family Center</name>
        <styleUrl>#icon-1734-FF5252-labelson-nodesc</styleUrl>
        <Point>
          <coordinates>
            -117.3991737,33.9465966,0
          </coordinates>
        </Point>
      </Placemark>
      <Placemark>
        <name>Planned Parenthood - Corona Health Center</name>
        <styleUrl>#icon-1734-FF5252-labelson-nodesc</styleUrl>
        <Point>
          <coordinates>
            -117.5357603,33.8485311,0
          </coordinates>
        </Point>
      </Placemark>
      <Placemark>
        <name>Planned Parenthood - Moreno Valley Health Center</name>
        <styleUrl>#icon-1734-FF5252-labelson-nodesc</styleUrl>
        <Point>
          <coordinates>
            -117.2608269,33.9328523,0
          </coordinates>
        </Point>
      </Placemark>
      <Placemark>
        <name>Planned Parenthood - First Avenue Family Planning Michelle Wagner Center</name>
        <styleUrl>#icon-1734-FF5252-labelson-nodesc</styleUrl>
        <Point>
          <coordinates>
            -117.1636489,32.726549,0
          </coordinates>
        </Point>
      </Placemark>
      <Placemark>
        <name>Planned Parenthood - City Heights Health Center</name>
        <styleUrl>#icon-1734-FF5252-labelson-nodesc</styleUrl>
        <Point>
          <coordinates>
            -117.1013803,32.7491592,0
          </coordinates>
        </Point>
      </Placemark>
      <Placemark>
        <name>Planned Parenthood - Euclid Avenue Francis Torbert Center</name>
        <styleUrl>#icon-1734-FF5252-labelson-nodesc</styleUrl>
        <Point>
          <coordinates>
            -117.0853001,32.706197,0
          </coordinates>
        </Point>
      </Placemark>
      <Placemark>
        <name>Planned Parenthood - College Avenue Sarah Weddington Center</name>
        <styleUrl>#icon-1734-FF5252-labelson-nodesc</styleUrl>
        <Point>
          <coordinates>
            -117.066541,32.760345,0
          </coordinates>
        </Point>
      </Placemark>
      <Placemark>
        <name>Planned Parenthood - Mission Bay Mimi Brien Center</name>
        <styleUrl>#icon-1734-FF5252-labelson-nodesc</styleUrl>
        <Point>
          <coordinates>
            -117.2161716,32.8033248,0
          </coordinates>
        </Point>
      </Placemark>
      <Placemark>
        <name><![CDATA[Planned Parenthood - Kearny Mesa Joan & Irwin Jacobs Center]]></name>
        <styleUrl>#icon-1734-FF5252-labelson-nodesc</styleUrl>
        <Point>
          <coordinates>
            -117.1650076,32.8343294,0
          </coordinates>
        </Point>
      </Placemark>
      <Placemark>
        <name>Planned Parenthood - Chula Vista Health Center</name>
        <styleUrl>#icon-1734-FF5252-labelson-nodesc</styleUrl>
        <Point>
          <coordinates>
            -117.0778964,32.60428,0
          </coordinates>
        </Point>
      </Placemark>
      <Placemark>
        <name>Planned Parenthood - El Cajon Health Center</name>
        <styleUrl>#icon-1734-FF5252-labelson-nodesc</styleUrl>
        <Point>
          <coordinates>
            -116.9189551,32.8111228,0
          </coordinates>
        </Point>
      </Placemark>
      <Placemark>
        <name>Planned Parenthood - Escondido Health Center</name>
        <styleUrl>#icon-1734-FF5252-labelson-nodesc</styleUrl>
        <Point>
          <coordinates>
            -117.0904343,33.1282405,0
          </coordinates>
        </Point>
      </Placemark>
      <Placemark>
        <name>Planned Parenthood - Vista Isabella Center</name>
        <styleUrl>#icon-1734-FF5252-labelson-nodesc</styleUrl>
        <Point>
          <coordinates>
            -117.283768,33.1837905,0
          </coordinates>
        </Point>
      </Placemark>
      <Placemark>
        <name>Planned Parenthood - Rancho Mirage Health Center</name>
        <styleUrl>#icon-1734-FF5252-labelson-nodesc</styleUrl>
        <Point>
          <coordinates>
            -116.4127414,33.7437464,0
          </coordinates>
        </Point>
      </Placemark>
      <Placemark>
        <name>Planned Parenthood - Coachella Health Center</name>
        <styleUrl>#icon-1734-FF5252-labelson-nodesc</styleUrl>
        <Point>
          <coordinates>
            -116.1858779,33.6926078,0
          </coordinates>
        </Point>
      </Placemark>
      <Placemark>
        <name>Planned Parenthood - Imperial Valley Homan Center</name>
        <styleUrl>#icon-1734-FF5252-labelson-nodesc</styleUrl>
        <Point>
          <coordinates>
            -115.5521476,32.7804509,0
          </coordinates>
        </Point>
      </Placemark>
      <Placemark>
        <name>Planned Parenthood - Anchorage Health Center</name>
        <styleUrl>#icon-1734-FF5252-labelson-nodesc</styleUrl>
        <Point>
          <coordinates>
            -149.8370523,61.1841241,0
          </coordinates>
        </Point>
      </Placemark>
      <Placemark>
        <name>Planned Parenthood - Soldotna Health Center</name>
        <styleUrl>#icon-1734-FF5252-labelson-nodesc</styleUrl>
        <Point>
          <coordinates>
            -151.0700577,60.4879648,0
          </coordinates>
        </Point>
      </Placemark>
      <Placemark>
        <name>Planned Parenthood - Fairbanks Health Center</name>
        <styleUrl>#icon-1734-FF5252-labelson-nodesc</styleUrl>
        <Point>
          <coordinates>
            -147.7566129,64.835761,0
          </coordinates>
        </Point>
      </Placemark>
      <Placemark>
        <name>Planned Parenthood - Juneau Health Center</name>
        <styleUrl>#icon-1734-FF5252-labelson-nodesc</styleUrl>
        <Point>
          <coordinates>
            -134.472777,58.3302579,0
          </coordinates>
        </Point>
      </Placemark>
      <Placemark>
        <name>Planned Parenthood - Friday Harbor Health Center (San Juan Island)</name>
        <styleUrl>#icon-1734-FF5252-labelson-nodesc</styleUrl>
        <Point>
          <coordinates>
            -123.0202001,48.5349975,0
          </coordinates>
        </Point>
      </Placemark>
      <Placemark>
        <name>Planned Parenthood - Bellingham Health Center</name>
        <styleUrl>#icon-1734-FF5252-labelson-nodesc</styleUrl>
        <Point>
          <coordinates>
            -122.4713377,48.7504071,0
          </coordinates>
        </Point>
      </Placemark>
      <Placemark>
        <name>Planned Parenthood - Port Angeles Health Center</name>
        <styleUrl>#icon-1734-FF5252-labelson-nodesc</styleUrl>
        <Point>
          <coordinates>
            -123.432643,48.1101016,0
          </coordinates>
        </Point>
      </Placemark>
      <Placemark>
        <name>Planned Parenthood - Marysville Health Center</name>
        <styleUrl>#icon-1734-FF5252-labelson-nodesc</styleUrl>
        <Point>
          <coordinates>
            -122.174099,48.087877,0
          </coordinates>
        </Point>
      </Placemark>
      <Placemark>
        <name>Planned Parenthood - Mount Vernon Health Center</name>
        <styleUrl>#icon-1734-FF5252-labelson-nodesc</styleUrl>
        <Point>
          <coordinates>
            -122.3178403,48.4213617,0
          </coordinates>
        </Point>
      </Placemark>
      <Placemark>
        <name>Planned Parenthood - Honolulu Health Center</name>
        <styleUrl>#icon-1734-FF5252-labelson-nodesc</styleUrl>
        <Point>
          <coordinates>
            -157.8503445,21.3040572,0
          </coordinates>
        </Point>
      </Placemark>
      <Placemark>
        <name>Planned Parenthood - Kahului Health Center</name>
        <styleUrl>#icon-1734-FF5252-labelson-nodesc</styleUrl>
        <Point>
          <coordinates>
            -156.4644334,20.8883051,0
          </coordinates>
        </Point>
      </Placemark>
      <Placemark>
        <name>Planned Parenthood - New Haven Center</name>
        <styleUrl>#icon-1734-FF5252-labelson-nodesc</styleUrl>
        <Point>
          <coordinates>
            -72.9182873,41.3199154,0
          </coordinates>
        </Point>
      </Placemark>
      <Placemark>
        <name>Planned Parenthood - Denton Health Center</name>
        <styleUrl>#icon-1734-FF5252-labelson-nodesc</styleUrl>
        <Point>
          <coordinates>
            -97.1057726,33.1830151,0
          </coordinates>
        </Point>
      </Placemark>
      <Placemark>
        <name>Planned Parenthood - Watertown Center</name>
        <styleUrl>#icon-1734-FF5252-labelson-nodesc</styleUrl>
        <Point>
          <coordinates>
            -75.9132714,43.9743691,0
          </coordinates>
        </Point>
      </Placemark>
      <Placemark>
        <name>Planned Parenthood - Far Northeast Surgical Center</name>
        <styleUrl>#icon-1734-FF5252-labelson-nodesc</styleUrl>
        <Point>
          <coordinates>
            -75.0000241,40.1039687,0
          </coordinates>
        </Point>
      </Placemark>
      <Placemark>
        <name>Planned Parenthood - Springfield Health Center</name>
        <styleUrl>#icon-1734-FF5252-labelson-nodesc</styleUrl>
        <Point>
          <coordinates>
            -89.6877244,39.8085684,0
          </coordinates>
        </Point>
      </Placemark>
      <Placemark>
        <name>Planned Parenthood - Manchester Health Center</name>
        <styleUrl>#icon-1734-FF5252-labelson-nodesc</styleUrl>
        <Point>
          <coordinates>
            -71.4632158,43.0016158,0
          </coordinates>
        </Point>
      </Placemark>
      <Placemark>
        <name>Planned Parenthood - Biddeford Health Center</name>
        <styleUrl>#icon-1734-FF5252-labelson-nodesc</styleUrl>
        <Point>
          <coordinates>
            -70.4583878,43.4940646,0
          </coordinates>
        </Point>
      </Placemark>
      <Placemark>
        <name>Planned Parenthood - Sanford Health Center</name>
        <styleUrl>#icon-1734-FF5252-labelson-nodesc</styleUrl>
        <Point>
          <coordinates>
            -70.7763232,43.4405214,0
          </coordinates>
        </Point>
      </Placemark>
      <Placemark>
        <name>Planned Parenthood - Topsham Health Center</name>
        <styleUrl>#icon-1734-FF5252-labelson-nodesc</styleUrl>
        <Point>
          <coordinates>
            -69.9644686,43.9224071,0
          </coordinates>
        </Point>
      </Placemark>
      <Placemark>
        <name>Planned Parenthood - Derry Health Center</name>
        <styleUrl>#icon-1734-FF5252-labelson-nodesc</styleUrl>
        <Point>
          <coordinates>
            -71.3234432,42.8814845,0
          </coordinates>
        </Point>
      </Placemark>
      <Placemark>
        <name>Planned Parenthood - Exeter Health Center</name>
        <styleUrl>#icon-1734-FF5252-labelson-nodesc</styleUrl>
        <Point>
          <coordinates>
            -70.9353283,42.980243,0
          </coordinates>
        </Point>
      </Placemark>
      <Placemark>
        <name>Planned Parenthood - Keene Health Center</name>
        <styleUrl>#icon-1734-FF5252-labelson-nodesc</styleUrl>
        <Point>
          <coordinates>
            -72.2812923,42.9343042,0
          </coordinates>
        </Point>
      </Placemark>
      <Placemark>
        <name>Planned Parenthood - Barre Health Center</name>
        <styleUrl>#icon-1734-FF5252-labelson-nodesc</styleUrl>
        <Point>
          <coordinates>
            -72.4967701,44.1950941,0
          </coordinates>
        </Point>
      </Placemark>
      <Placemark>
        <name>Planned Parenthood - Bennington Health Center</name>
        <styleUrl>#icon-1734-FF5252-labelson-nodesc</styleUrl>
        <Point>
          <coordinates>
            -73.1966966,42.8769231,0
          </coordinates>
        </Point>
      </Placemark>
      <Placemark>
        <name>Planned Parenthood - Brattleboro Health Center</name>
        <styleUrl>#icon-1734-FF5252-labelson-nodesc</styleUrl>
        <Point>
          <coordinates>
            -72.5589134,42.8530787,0
          </coordinates>
        </Point>
      </Placemark>
      <Placemark>
        <name>Planned Parenthood - Burlington Health Center</name>
        <styleUrl>#icon-1734-FF5252-labelson-nodesc</styleUrl>
        <Point>
          <coordinates>
            -73.2142853,44.474345,0
          </coordinates>
        </Point>
      </Placemark>
      <Placemark>
        <name>Planned Parenthood - Rutland Health Center</name>
        <styleUrl>#icon-1734-FF5252-labelson-nodesc</styleUrl>
        <Point>
          <coordinates>
            -72.9740014,43.6126978,0
          </coordinates>
        </Point>
      </Placemark>
      <Placemark>
        <name>Planned Parenthood - St. Albans Health Center</name>
        <styleUrl>#icon-1734-FF5252-labelson-nodesc</styleUrl>
        <Point>
          <coordinates>
            -73.0782811,44.808425,0
          </coordinates>
        </Point>
      </Placemark>
      <Placemark>
        <name>Planned Parenthood - St. Johnsbury Health Center</name>
        <styleUrl>#icon-1734-FF5252-labelson-nodesc</styleUrl>
        <Point>
          <coordinates>
            -72.0057504,44.4211096,0
          </coordinates>
        </Point>
      </Placemark>
      <Placemark>
        <name>Planned Parenthood - Williston Health Center</name>
        <styleUrl>#icon-1734-FF5252-labelson-nodesc</styleUrl>
        <Point>
          <coordinates>
            -73.1046523,44.4478403,0
          </coordinates>
        </Point>
      </Placemark>
      <Placemark>
        <name>Planned Parenthood - White River Junction Health Center</name>
        <styleUrl>#icon-1734-FF5252-labelson-nodesc</styleUrl>
        <Point>
          <coordinates>
            -72.3190436,43.6474774,0
          </coordinates>
        </Point>
      </Placemark>
      <Placemark>
        <name>Planned Parenthood - Spokane Health Center</name>
        <styleUrl>#icon-1734-FF5252-labelson-nodesc</styleUrl>
        <Point>
          <coordinates>
            -117.408417,47.675302,0
          </coordinates>
        </Point>
      </Placemark>
      <Placemark>
        <name>Planned Parenthood - Syracuse Health Center</name>
        <styleUrl>#icon-1734-FF5252-labelson-nodesc</styleUrl>
        <Point>
          <coordinates>
            -76.13266,43.04647,0
          </coordinates>
        </Point>
      </Placemark>
      <Placemark>
        <name>Planned Parenthood - New Orleans Health Center</name>
        <styleUrl>#icon-1734-FF5252-labelson-nodesc</styleUrl>
        <Point>
          <coordinates>
            -90.1066123,29.9395701,0
          </coordinates>
        </Point>
      </Placemark>
      <Placemark>
        <name>Planned Parenthood - Northville Health Center</name>
        <styleUrl>#icon-1734-FF5252-labelson-nodesc</styleUrl>
        <Point>
          <coordinates>
            -95.4133025,29.9074639,0
          </coordinates>
        </Point>
      </Placemark>
      <Placemark>
        <name>Planned Parenthood - Prevention Park Health Center</name>
        <styleUrl>#icon-1734-FF5252-labelson-nodesc</styleUrl>
        <Point>
          <coordinates>
            -95.3347013,29.7256865,0
          </coordinates>
        </Point>
      </Placemark>
      <Placemark>
        <name>Planned Parenthood - Northgate Health Center</name>
        <styleUrl>#icon-1734-FF5252-labelson-nodesc</styleUrl>
        <Point>
          <coordinates>
            -122.3430633,47.7052688,0
          </coordinates>
        </Point>
      </Placemark>
      <Placemark>
        <name>Planned Parenthood - Canandaigua Health Center</name>
        <styleUrl>#icon-1734-FF5252-labelson-nodesc</styleUrl>
        <Point>
          <coordinates>
            -77.2779007,42.8862926,0
          </coordinates>
        </Point>
      </Placemark>
      <Placemark>
        <name>Planned Parenthood - St. Paul Health Center - Vandalia</name>
        <styleUrl>#icon-1734-FF5252-labelson-nodesc</styleUrl>
        <Point>
          <coordinates>
            -93.1895313,44.9617544,0
          </coordinates>
        </Point>
      </Placemark>
      <Placemark>
        <name>Planned Parenthood - Sioux Falls Health Center</name>
        <styleUrl>#icon-1734-FF5252-labelson-nodesc</styleUrl>
        <Point>
          <coordinates>
            -96.8078494,43.5145149,0
          </coordinates>
        </Point>
      </Placemark>
      <Placemark>
        <name>Planned Parenthood - Willmar Health Center</name>
        <styleUrl>#icon-1734-FF5252-labelson-nodesc</styleUrl>
        <Point>
          <coordinates>
            -95.012746,45.124352,0
          </coordinates>
        </Point>
      </Placemark>
      <Placemark>
        <name>Planned Parenthood - Mankato Health Center</name>
        <styleUrl>#icon-1734-FF5252-labelson-nodesc</styleUrl>
        <Point>
          <coordinates>
            -93.9866211,44.1454494,0
          </coordinates>
        </Point>
      </Placemark>
      <Placemark>
        <name>Planned Parenthood - Alexandria Health Center</name>
        <styleUrl>#icon-1734-FF5252-labelson-nodesc</styleUrl>
        <Point>
          <coordinates>
            -95.367021,45.895971,0
          </coordinates>
        </Point>
      </Placemark>
      <Placemark>
        <name>Planned Parenthood - Eden Prairie Health Center</name>
        <styleUrl>#icon-1734-FF5252-labelson-nodesc</styleUrl>
        <Point>
          <coordinates>
            -93.429383,44.8525637,0
          </coordinates>
        </Point>
      </Placemark>
      <Placemark>
        <name>Planned Parenthood - St. Cloud Health Center</name>
        <styleUrl>#icon-1734-FF5252-labelson-nodesc</styleUrl>
        <Point>
          <coordinates>
            -94.1503195,45.5660209,0
          </coordinates>
        </Point>
      </Placemark>
      <Placemark>
        <name>Planned Parenthood - Apple Valley Health Center</name>
        <styleUrl>#icon-1734-FF5252-labelson-nodesc</styleUrl>
        <Point>
          <coordinates>
            -93.206991,44.726948,0
          </coordinates>
        </Point>
      </Placemark>
      <Placemark>
        <name>Planned Parenthood - Richfield Health Center</name>
        <styleUrl>#icon-1734-FF5252-labelson-nodesc</styleUrl>
        <Point>
          <coordinates>
            -93.2845675,44.8839636,0
          </coordinates>
        </Point>
      </Placemark>
      <Placemark>
        <name>Planned Parenthood - Minneapolis Health Center</name>
        <styleUrl>#icon-1734-FF5252-labelson-nodesc</styleUrl>
        <Point>
          <coordinates>
            -93.2949099,44.9496321,0
          </coordinates>
        </Point>
      </Placemark>
      <Placemark>
        <name>Planned Parenthood - Brooklyn Park Health Center</name>
        <styleUrl>#icon-1734-FF5252-labelson-nodesc</styleUrl>
        <Point>
          <coordinates>
            -93.3516272,45.0920428,0
          </coordinates>
        </Point>
      </Placemark>
      <Placemark>
        <name>Planned Parenthood - Little Canada Health Center – Rice Street</name>
        <styleUrl>#icon-1734-FF5252-labelson-nodesc</styleUrl>
        <Point>
          <coordinates>
            -93.1053157,45.0088856,0
          </coordinates>
        </Point>
      </Placemark>
      <Placemark>
        <name>Planned Parenthood - Woodbury Health Center</name>
        <styleUrl>#icon-1734-FF5252-labelson-nodesc</styleUrl>
        <Point>
          <coordinates>
            -92.932337,44.9240476,0
          </coordinates>
        </Point>
      </Placemark>
      <Placemark>
        <name>Planned Parenthood - Rochester Health Center</name>
        <styleUrl>#icon-1734-FF5252-labelson-nodesc</styleUrl>
        <Point>
          <coordinates>
            -92.4811634,44.0310553,0
          </coordinates>
        </Point>
      </Placemark>
      <Placemark>
        <name>Planned Parenthood - Moorhead Health Center</name>
        <styleUrl>#icon-1734-FF5252-labelson-nodesc</styleUrl>
        <Point>
          <coordinates>
            -96.7670619,46.8390121,0
          </coordinates>
        </Point>
      </Placemark>
      <Placemark>
        <name>Planned Parenthood - Bemidji Health Center</name>
        <styleUrl>#icon-1734-FF5252-labelson-nodesc</styleUrl>
        <Point>
          <coordinates>
            -94.9062329,47.4931409,0
          </coordinates>
        </Point>
      </Placemark>
      <Placemark>
        <name>Planned Parenthood - Irwin/Martin Health Center</name>
        <styleUrl>#icon-1734-FF5252-labelson-nodesc</styleUrl>
        <Point>
          <coordinates>
            -85.6580874,42.9597418,0
          </coordinates>
        </Point>
      </Placemark>
      <Placemark>
        <name>Planned Parenthood - Grand Rapids Clinic</name>
        <styleUrl>#icon-1734-FF5252-labelson-nodesc</styleUrl>
        <Point>
          <coordinates>
            -93.5499957,47.2356946,0
          </coordinates>
        </Point>
      </Placemark>
      <Placemark>
        <name>Planned Parenthood - Duluth Health Center</name>
        <styleUrl>#icon-1734-FF5252-labelson-nodesc</styleUrl>
        <Point>
          <coordinates>
            -92.1136732,46.799527,0
          </coordinates>
        </Point>
      </Placemark>
      <Placemark>
        <name>Planned Parenthood - Central West End Health Center</name>
        <styleUrl>#icon-1734-FF5252-labelson-nodesc</styleUrl>
        <Point>
          <coordinates>
            -90.2511973,38.6371046,0
          </coordinates>
        </Point>
      </Placemark>
      <Placemark>
        <name>Planned Parenthood - Easton Health Center, MD</name>
        <styleUrl>#icon-1734-FF5252-labelson-nodesc</styleUrl>
        <Point>
          <coordinates>
            -76.0822185,38.7842162,0
          </coordinates>
        </Point>
      </Placemark>
      <Placemark>
        <name>Planned Parenthood - University District Health Center</name>
        <styleUrl>#icon-1734-FF5252-labelson-nodesc</styleUrl>
        <Point>
          <coordinates>
            -122.3171007,47.6655958,0
          </coordinates>
        </Point>
      </Placemark>
      <Placemark>
        <name>Planned Parenthood - Paris Health Center</name>
        <styleUrl>#icon-1734-FF5252-labelson-nodesc</styleUrl>
        <Point>
          <coordinates>
            -95.5390479,33.6772168,0
          </coordinates>
        </Point>
      </Placemark>
      <Placemark>
        <name>Planned Parenthood - Corning Health Center</name>
        <styleUrl>#icon-1734-FF5252-labelson-nodesc</styleUrl>
        <Point>
          <coordinates>
            -77.0625488,42.1501769,0
          </coordinates>
        </Point>
      </Placemark>
      <Placemark>
        <name>Planned Parenthood - Reno Health Center</name>
        <styleUrl>#icon-1734-FF5252-labelson-nodesc</styleUrl>
        <Point>
          <coordinates>
            -119.7796529,39.4548068,0
          </coordinates>
        </Point>
      </Placemark>
      <Placemark>
        <name>Planned Parenthood - Riverhead Center</name>
        <styleUrl>#icon-1734-FF5252-labelson-nodesc</styleUrl>
        <Point>
          <coordinates>
            -72.6500701,40.9237785,0
          </coordinates>
        </Point>
      </Placemark>
      <Placemark>
        <name>Planned Parenthood - Poughkeepsie Health Center</name>
        <styleUrl>#icon-1734-FF5252-labelson-nodesc</styleUrl>
        <Point>
          <coordinates>
            -73.9290503,41.7014246,0
          </coordinates>
        </Point>
      </Placemark>
      <Placemark>
        <name>Planned Parenthood - Hillman East Portland Center</name>
        <styleUrl>#icon-1734-FF5252-labelson-nodesc</styleUrl>
        <Point>
          <coordinates>
            -122.5129104,45.504519,0
          </coordinates>
        </Point>
      </Placemark>
      <Placemark>
        <name>Planned Parenthood - Eau Claire Health Center</name>
        <styleUrl>#icon-1734-FF5252-labelson-nodesc</styleUrl>
        <Point>
          <coordinates>
            -91.5138736,44.7909424,0
          </coordinates>
        </Point>
      </Placemark>
      <Placemark>
        <name>Planned Parenthood - Pittsburgh Family Planning Health Center</name>
        <styleUrl>#icon-1734-FF5252-labelson-nodesc</styleUrl>
        <Point>
          <coordinates>
            -79.9968072,40.4434935,0
          </coordinates>
        </Point>
      </Placemark>
      <Placemark>
        <name>Planned Parenthood - Dayton Health Center</name>
        <styleUrl>#icon-1734-FF5252-labelson-nodesc</styleUrl>
        <Point>
          <coordinates>
            -84.1960445,39.7627091,0
          </coordinates>
        </Point>
      </Placemark>
      <Placemark>
        <name>Planned Parenthood - Mt. Auburn Health Center</name>
        <styleUrl>#icon-1734-FF5252-labelson-nodesc</styleUrl>
        <Point>
          <coordinates>
            -84.5081667,39.1237825,0
          </coordinates>
        </Point>
      </Placemark>
      <Placemark>
        <name>Planned Parenthood - Hamilton Health Center</name>
        <styleUrl>#icon-1734-FF5252-labelson-nodesc</styleUrl>
        <Point>
          <coordinates>
            -84.5655875,39.3984571,0
          </coordinates>
        </Point>
      </Placemark>
      <Placemark>
        <name>Planned Parenthood - Franklinton Health Center</name>
        <styleUrl>#icon-1734-FF5252-labelson-nodesc</styleUrl>
        <Point>
          <coordinates>
            -83.040174,39.956724,0
          </coordinates>
        </Point>
      </Placemark>
      <Placemark>
        <name>Planned Parenthood - North Columbus Health Center</name>
        <styleUrl>#icon-1734-FF5252-labelson-nodesc</styleUrl>
        <Point>
          <coordinates>
            -83.0078594,40.0021094,0
          </coordinates>
        </Point>
      </Placemark>
      <Placemark>
        <name>Planned Parenthood - Athens Health Center</name>
        <styleUrl>#icon-1734-FF5252-labelson-nodesc</styleUrl>
        <Point>
          <coordinates>
            -82.0549099,39.3348433,0
          </coordinates>
        </Point>
      </Placemark>
      <Placemark>
        <name>Planned Parenthood - Mansfield Health Center</name>
        <styleUrl>#icon-1734-FF5252-labelson-nodesc</styleUrl>
        <Point>
          <coordinates>
            -82.5299212,40.7591777,0
          </coordinates>
        </Point>
      </Placemark>
      <Placemark>
        <name>Planned Parenthood - Canton Health Center</name>
        <styleUrl>#icon-1734-FF5252-labelson-nodesc</styleUrl>
        <Point>
          <coordinates>
            -81.3858496,40.8275439,0
          </coordinates>
        </Point>
      </Placemark>
      <Placemark>
        <name>Planned Parenthood - Lorain Health Center</name>
        <styleUrl>#icon-1734-FF5252-labelson-nodesc</styleUrl>
        <Point>
          <coordinates>
            -82.1737851,41.4630697,0
          </coordinates>
        </Point>
      </Placemark>
      <Placemark>
        <name>Planned Parenthood - Akron Health Center</name>
        <styleUrl>#icon-1734-FF5252-labelson-nodesc</styleUrl>
        <Point>
          <coordinates>
            -81.5349662,41.0838164,0
          </coordinates>
        </Point>
      </Placemark>
      <Placemark>
        <name>Planned Parenthood - Old Brooklyn Health Center</name>
        <styleUrl>#icon-1734-FF5252-labelson-nodesc</styleUrl>
        <Point>
          <coordinates>
            -81.696819,41.419777,0
          </coordinates>
        </Point>
      </Placemark>
      <Placemark>
        <name>Planned Parenthood - Kent Health Center</name>
        <styleUrl>#icon-1734-FF5252-labelson-nodesc</styleUrl>
        <Point>
          <coordinates>
            -81.3573518,41.1534758,0
          </coordinates>
        </Point>
      </Placemark>
      <Placemark>
        <name>Planned Parenthood - Cleveland Health Center</name>
        <styleUrl>#icon-1734-FF5252-labelson-nodesc</styleUrl>
        <Point>
          <coordinates>
            -81.631909,41.504917,0
          </coordinates>
        </Point>
      </Placemark>
      <Placemark>
        <name>Planned Parenthood - Bedford Heights Health Center</name>
        <styleUrl>#icon-1734-FF5252-labelson-nodesc</styleUrl>
        <Point>
          <coordinates>
            -81.499591,41.409133,0
          </coordinates>
        </Point>
      </Placemark>
      <Placemark>
        <name>Planned Parenthood - Bedford Heights Surgery Center</name>
        <styleUrl>#icon-1734-FF5252-labelson-nodesc</styleUrl>
        <Point>
          <coordinates>
            -81.4996011,41.4091271,0
          </coordinates>
        </Point>
      </Placemark>
      <Placemark>
        <name>Planned Parenthood - Warren Health Center</name>
        <styleUrl>#icon-1734-FF5252-labelson-nodesc</styleUrl>
        <Point>
          <coordinates>
            -83.0281236,42.5093923,0
          </coordinates>
        </Point>
      </Placemark>
      <Placemark>
        <name>Planned Parenthood - Moon Township Health Center</name>
        <styleUrl>#icon-1734-FF5252-labelson-nodesc</styleUrl>
        <Point>
          <coordinates>
            -80.2129692,40.5113998,0
          </coordinates>
        </Point>
      </Placemark>
      <Placemark>
        <name>Planned Parenthood - Somerset Health Center</name>
        <styleUrl>#icon-1734-FF5252-labelson-nodesc</styleUrl>
        <Point>
          <coordinates>
            -79.0766086,40.0078852,0
          </coordinates>
        </Point>
      </Placemark>
      <Placemark>
        <name>Planned Parenthood - Greensburg Health Center</name>
        <styleUrl>#icon-1734-FF5252-labelson-nodesc</styleUrl>
        <Point>
          <coordinates>
            -79.49771,40.3043732,0
          </coordinates>
        </Point>
      </Placemark>
      <Placemark>
        <name>Planned Parenthood - Bridgeville Health Center</name>
        <styleUrl>#icon-1734-FF5252-labelson-nodesc</styleUrl>
        <Point>
          <coordinates>
            -80.1122737,40.3575506,0
          </coordinates>
        </Point>
      </Placemark>
      <Placemark>
        <name>Planned Parenthood - Newark Center</name>
        <styleUrl>#icon-1734-FF5252-labelson-nodesc</styleUrl>
        <Point>
          <coordinates>
            -75.7477063,39.682321,0
          </coordinates>
        </Point>
      </Placemark>
      <Placemark>
        <name>Planned Parenthood - Hempstead Center</name>
        <styleUrl>#icon-1734-FF5252-labelson-nodesc</styleUrl>
        <Point>
          <coordinates>
            -73.6130239,40.7103938,0
          </coordinates>
        </Point>
      </Placemark>
      <Placemark>
        <name>Planned Parenthood - Paterson Center</name>
        <styleUrl>#icon-1734-FF5252-labelson-nodesc</styleUrl>
        <Point>
          <coordinates>
            -74.1443141,40.917475,0
          </coordinates>
        </Point>
      </Placemark>
      <Placemark>
        <name>Planned Parenthood - Tallahassee Health Center</name>
        <styleUrl>#icon-1734-FF5252-labelson-nodesc</styleUrl>
        <Point>
          <coordinates>
            -84.3346253,30.4520848,0
          </coordinates>
        </Point>
      </Placemark>
      <Placemark>
        <name>Planned Parenthood - Vienna Health Center</name>
        <styleUrl>#icon-1734-FF5252-labelson-nodesc</styleUrl>
        <Point>
          <coordinates>
            -81.5490484,39.3038778,0
          </coordinates>
        </Point>
      </Placemark>
      <Placemark>
        <name>Planned Parenthood - Joplin Health Center</name>
        <styleUrl>#icon-1734-FF5252-labelson-nodesc</styleUrl>
        <Point>
          <coordinates>
            -94.5028473,37.0832791,0
          </coordinates>
        </Point>
      </Placemark>
      <Placemark>
        <name>Planned Parenthood - San Jose Central Health Center</name>
        <styleUrl>#icon-1734-FF5252-labelson-nodesc</styleUrl>
        <Point>
          <coordinates>
            -121.919611,37.3371737,0
          </coordinates>
        </Point>
      </Placemark>
      <Placemark>
        <name>Planned Parenthood - Hayward Health Center</name>
        <styleUrl>#icon-1734-FF5252-labelson-nodesc</styleUrl>
        <Point>
          <coordinates>
            -122.0833978,37.6745746,0
          </coordinates>
        </Point>
      </Placemark>
      <Placemark>
        <name>Planned Parenthood - West Oakland Health Center</name>
        <styleUrl>#icon-1734-FF5252-labelson-nodesc</styleUrl>
        <Point>
          <coordinates>
            -122.3003062,37.8067389,0
          </coordinates>
        </Point>
      </Placemark>
      <Placemark>
        <name>Planned Parenthood - East Oakland / Coliseum Health Center</name>
        <styleUrl>#icon-1734-FF5252-labelson-nodesc</styleUrl>
        <Point>
          <coordinates>
            -122.1923635,37.7423031,0
          </coordinates>
        </Point>
      </Placemark>
      <Placemark>
        <name>Planned Parenthood - Family First Health Center</name>
        <styleUrl>#icon-1734-FF5252-labelson-nodesc</styleUrl>
        <Point>
          <coordinates>
            -119.7738501,36.8252182,0
          </coordinates>
        </Point>
      </Placemark>
      <Placemark>
        <name>Planned Parenthood - Bakersfield Health Center</name>
        <styleUrl>#icon-1734-FF5252-labelson-nodesc</styleUrl>
        <Point>
          <coordinates>
            -119.0327786,35.3721745,0
          </coordinates>
        </Point>
      </Placemark>
      <Placemark>
        <name>Planned Parenthood - Madera Health Center</name>
        <styleUrl>#icon-1734-FF5252-labelson-nodesc</styleUrl>
        <Point>
          <coordinates>
            -120.0521097,36.9452695,0
          </coordinates>
        </Point>
      </Placemark>
      <Placemark>
        <name>Planned Parenthood - Merced Health Center</name>
        <styleUrl>#icon-1734-FF5252-labelson-nodesc</styleUrl>
        <Point>
          <coordinates>
            -120.4755524,37.3203336,0
          </coordinates>
        </Point>
      </Placemark>
      <Placemark>
        <name>Planned Parenthood - Salinas Health Center</name>
        <styleUrl>#icon-1734-FF5252-labelson-nodesc</styleUrl>
        <Point>
          <coordinates>
            -121.6527898,36.6826075,0
          </coordinates>
        </Point>
      </Placemark>
      <Placemark>
        <name>Planned Parenthood - Seaside Health Center</name>
        <styleUrl>#icon-1734-FF5252-labelson-nodesc</styleUrl>
        <Point>
          <coordinates>
            -121.8496363,36.6027417,0
          </coordinates>
        </Point>
      </Placemark>
      <Placemark>
        <name>Planned Parenthood - Roseville Health Center</name>
        <styleUrl>#icon-1734-FF5252-labelson-nodesc</styleUrl>
        <Point>
          <coordinates>
            -121.2701348,38.7338747,0
          </coordinates>
        </Point>
      </Placemark>
      <Placemark>
        <name>Planned Parenthood - North Highlands Health Center</name>
        <styleUrl>#icon-1734-FF5252-labelson-nodesc</styleUrl>
        <Point>
          <coordinates>
            -121.382325,38.6705237,0
          </coordinates>
        </Point>
      </Placemark>
      <Placemark>
        <name>Planned Parenthood - Capitol Plaza Health Center</name>
        <styleUrl>#icon-1734-FF5252-labelson-nodesc</styleUrl>
        <Point>
          <coordinates>
            -121.4939765,38.5783687,0
          </coordinates>
        </Point>
      </Placemark>
      <Placemark>
        <name>Planned Parenthood - Fruitridge Health Center</name>
        <styleUrl>#icon-1734-FF5252-labelson-nodesc</styleUrl>
        <Point>
          <coordinates>
            -121.471427,38.526457,0
          </coordinates>
        </Point>
      </Placemark>
      <Placemark>
        <name>Planned Parenthood - Manteca Health Center</name>
        <styleUrl>#icon-1734-FF5252-labelson-nodesc</styleUrl>
        <Point>
          <coordinates>
            -121.2036383,37.7976676,0
          </coordinates>
        </Point>
      </Placemark>
      <Placemark>
        <name>Planned Parenthood - Eastland Plaza Health Center</name>
        <styleUrl>#icon-1734-FF5252-labelson-nodesc</styleUrl>
        <Point>
          <coordinates>
            -121.2729619,37.9623025,0
          </coordinates>
        </Point>
      </Placemark>
      <Placemark>
        <name>Planned Parenthood - North Stockton Health Center</name>
        <styleUrl>#icon-1734-FF5252-labelson-nodesc</styleUrl>
        <Point>
          <coordinates>
            -121.3155238,37.9892432,0
          </coordinates>
        </Point>
      </Placemark>
      <Placemark>
        <name>Planned Parenthood - Tracy Health Center</name>
        <styleUrl>#icon-1734-FF5252-labelson-nodesc</styleUrl>
        <Point>
          <coordinates>
            -121.435348,37.7447437,0
          </coordinates>
        </Point>
      </Placemark>
      <Placemark>
        <name>Planned Parenthood - Redwood City Health Center</name>
        <styleUrl>#icon-1734-FF5252-labelson-nodesc</styleUrl>
        <Point>
          <coordinates>
            -122.2112958,37.4692171,0
          </coordinates>
        </Point>
      </Placemark>
      <Placemark>
        <name>Planned Parenthood - San Mateo Health Center</name>
        <styleUrl>#icon-1734-FF5252-labelson-nodesc</styleUrl>
        <Point>
          <coordinates>
            -122.328623,37.5644711,0
          </coordinates>
        </Point>
      </Placemark>
      <Placemark>
        <name>Planned Parenthood - South San Francisco Health Center</name>
        <styleUrl>#icon-1734-FF5252-labelson-nodesc</styleUrl>
        <Point>
          <coordinates>
            -122.413982,37.6557808,0
          </coordinates>
        </Point>
      </Placemark>
      <Placemark>
        <name>Planned Parenthood - Gilroy Health Center</name>
        <styleUrl>#icon-1734-FF5252-labelson-nodesc</styleUrl>
        <Point>
          <coordinates>
            -121.5559115,37.0041079,0
          </coordinates>
        </Point>
      </Placemark>
      <Placemark>
        <name>Planned Parenthood - Mountain View Health Center</name>
        <styleUrl>#icon-1734-FF5252-labelson-nodesc</styleUrl>
        <Point>
          <coordinates>
            -122.1061435,37.4034436,0
          </coordinates>
        </Point>
      </Placemark>
      <Placemark>
        <name>Planned Parenthood - Mar Monte Community Clinic</name>
        <styleUrl>#icon-1734-FF5252-labelson-nodesc</styleUrl>
        <Point>
          <coordinates>
            -121.8258863,37.3210734,0
          </coordinates>
        </Point>
      </Placemark>
      <Placemark>
        <name>Planned Parenthood - Blossom Hill Health Center</name>
        <styleUrl>#icon-1734-FF5252-labelson-nodesc</styleUrl>
        <Point>
          <coordinates>
            -121.8603428,37.2540705,0
          </coordinates>
        </Point>
      </Placemark>
      <Placemark>
        <name>Planned Parenthood - Eastside Health Center</name>
        <styleUrl>#icon-1734-FF5252-labelson-nodesc</styleUrl>
        <Point>
          <coordinates>
            -121.8274688,37.3665963,0
          </coordinates>
        </Point>
      </Placemark>
      <Placemark>
        <name>Planned Parenthood - Watsonville Health Center</name>
        <styleUrl>#icon-1734-FF5252-labelson-nodesc</styleUrl>
        <Point>
          <coordinates>
            -121.7763751,36.9302828,0
          </coordinates>
        </Point>
      </Placemark>
      <Placemark>
        <name>Planned Parenthood - Modesto Health Center</name>
        <styleUrl>#icon-1734-FF5252-labelson-nodesc</styleUrl>
        <Point>
          <coordinates>
            -120.9944927,37.664802,0
          </coordinates>
        </Point>
      </Placemark>
      <Placemark>
        <name>Planned Parenthood - Modesto Health Center</name>
        <styleUrl>#icon-1734-FF5252-labelson-nodesc</styleUrl>
        <Point>
          <coordinates>
            -120.9944927,37.664802,0
          </coordinates>
        </Point>
      </Placemark>
      <Placemark>
        <name>Planned Parenthood - Yuba City Health Center</name>
        <styleUrl>#icon-1734-FF5252-labelson-nodesc</styleUrl>
        <Point>
          <coordinates>
            -121.6339928,39.1281283,0
          </coordinates>
        </Point>
      </Placemark>
      <Placemark>
        <name>Planned Parenthood - Visalia Health Center</name>
        <styleUrl>#icon-1734-FF5252-labelson-nodesc</styleUrl>
        <Point>
          <coordinates>
            -119.3001871,36.3316466,0
          </coordinates>
        </Point>
      </Placemark>
      <Placemark>
        <name>Planned Parenthood - Woodland Health Center</name>
        <styleUrl>#icon-1734-FF5252-labelson-nodesc</styleUrl>
        <Point>
          <coordinates>
            -121.7941906,38.674964,0
          </coordinates>
        </Point>
      </Placemark>
      <Placemark>
        <name>Planned Parenthood - Newburgh Health Center</name>
        <styleUrl>#icon-1734-FF5252-labelson-nodesc</styleUrl>
        <Point>
          <coordinates>
            -74.029855,41.4966474,0
          </coordinates>
        </Point>
      </Placemark>
      <Placemark>
        <name>Planned Parenthood - Lynnwood Health Center</name>
        <styleUrl>#icon-1734-FF5252-labelson-nodesc</styleUrl>
        <Point>
          <coordinates>
            -122.3351753,47.822039,0
          </coordinates>
        </Point>
      </Placemark>
      <Placemark>
        <name>Planned Parenthood - Minneapolis Health Center</name>
        <styleUrl>#icon-1734-FF5252-labelson-nodesc</styleUrl>
        <Point>
          <coordinates>
            -93.2949099,44.9496321,0
          </coordinates>
        </Point>
      </Placemark>
      <Placemark>
        <name>Planned Parenthood - Plattsburgh Clinic</name>
        <styleUrl>#icon-1734-FF5252-labelson-nodesc</styleUrl>
        <Point>
          <coordinates>
            -73.4571623,44.6970595,0
          </coordinates>
        </Point>
      </Placemark>
      <Placemark>
        <name>Planned Parenthood - Fort Wayne Health Center</name>
        <styleUrl>#icon-1734-FF5252-labelson-nodesc</styleUrl>
        <Point>
          <coordinates>
            -85.1005543,41.0897226,0
          </coordinates>
        </Point>
      </Placemark>
      <Placemark>
        <name>Planned Parenthood - Bremerton Health Center</name>
        <styleUrl>#icon-1734-FF5252-labelson-nodesc</styleUrl>
        <Point>
          <coordinates>
            -122.6371976,47.606429,0
          </coordinates>
        </Point>
      </Placemark>
      <Placemark>
        <name>Planned Parenthood - Lexington Health Center</name>
        <styleUrl>#icon-1734-FF5252-labelson-nodesc</styleUrl>
        <Point>
          <coordinates>
            -84.5226517,38.0141858,0
          </coordinates>
        </Point>
      </Placemark>
      <Placemark>
        <name>Planned Parenthood - Louisville Health Center</name>
        <styleUrl>#icon-1734-FF5252-labelson-nodesc</styleUrl>
        <Point>
          <coordinates>
            -85.7644285,38.2433289,0
          </coordinates>
        </Point>
      </Placemark>
      <Placemark>
        <name>Planned Parenthood - Evansville Health Center</name>
        <styleUrl>#icon-1734-FF5252-labelson-nodesc</styleUrl>
        <Point>
          <coordinates>
            -87.529075,37.9791754,0
          </coordinates>
        </Point>
      </Placemark>
      <Placemark>
        <name>Planned Parenthood - Gary Health Center</name>
        <styleUrl>#icon-1734-FF5252-labelson-nodesc</styleUrl>
        <Point>
          <coordinates>
            -87.3375494,41.5913466,0
          </coordinates>
        </Point>
      </Placemark>
      <Placemark>
        <name>Planned Parenthood - Hammond Health Center</name>
        <styleUrl>#icon-1734-FF5252-labelson-nodesc</styleUrl>
        <Point>
          <coordinates>
            -87.4806776,41.5836581,0
          </coordinates>
        </Point>
      </Placemark>
      <Placemark>
        <name>Planned Parenthood - Southside Health Center</name>
        <styleUrl>#icon-1734-FF5252-labelson-nodesc</styleUrl>
        <Point>
          <coordinates>
            -86.143322,39.7077419,0
          </coordinates>
        </Point>
      </Placemark>
      <Placemark>
        <name>Planned Parenthood - Lafayette Health Center</name>
        <styleUrl>#icon-1734-FF5252-labelson-nodesc</styleUrl>
        <Point>
          <coordinates>
            -86.8331391,40.4046603,0
          </coordinates>
        </Point>
      </Placemark>
      <Placemark>
        <name>Planned Parenthood - Mishawaka Health Center</name>
        <styleUrl>#icon-1734-FF5252-labelson-nodesc</styleUrl>
        <Point>
          <coordinates>
            -86.1874787,41.6877492,0
          </coordinates>
        </Point>
      </Placemark>
      <Placemark>
        <name>Planned Parenthood - New Albany Health Center</name>
        <styleUrl>#icon-1734-FF5252-labelson-nodesc</styleUrl>
        <Point>
          <coordinates>
            -85.8383794,38.306915,0
          </coordinates>
        </Point>
      </Placemark>
      <Placemark>
        <name>Planned Parenthood - Madison South Health Center</name>
        <styleUrl>#icon-1734-FF5252-labelson-nodesc</styleUrl>
        <Point>
          <coordinates>
            -89.394431,43.0414315,0
          </coordinates>
        </Point>
      </Placemark>
      <Placemark>
        <name>Planned Parenthood - La Crosse</name>
        <styleUrl>#icon-1734-FF5252-labelson-nodesc</styleUrl>
        <Point>
          <coordinates>
            -91.24708,43.84042,0
          </coordinates>
        </Point>
      </Placemark>
      <Placemark>
        <name>Planned Parenthood - Portage Health Center</name>
        <styleUrl>#icon-1734-FF5252-labelson-nodesc</styleUrl>
        <Point>
          <coordinates>
            -89.4607204,43.5394031,0
          </coordinates>
        </Point>
      </Placemark>
      <Placemark>
        <name>Planned Parenthood - Fairview Heights Health Center</name>
        <styleUrl>#icon-1734-FF5252-labelson-nodesc</styleUrl>
        <Point>
          <coordinates>
            -89.9819209,38.6002674,0
          </coordinates>
        </Point>
      </Placemark>
      <Placemark>
        <name>Semcac Family Planning Clinic</name>
        <styleUrl>#icon-1734-FF5252-labelson-nodesc</styleUrl>
        <Point>
          <coordinates>
            -91.6312989,44.0405834,0
          </coordinates>
        </Point>
      </Placemark>
      <Placemark>
        <name>Maine Family Planning - Thomaston</name>
        <styleUrl>#icon-1734-FF5252-labelson-nodesc</styleUrl>
        <Point>
          <coordinates>
            -69.1458282,44.0883979,0
          </coordinates>
        </Point>
      </Placemark>
      <Placemark>
        <name>Planned Parenthood - Bloomington Health Center</name>
        <styleUrl>#icon-1734-FF5252-labelson-nodesc</styleUrl>
        <Point>
          <coordinates>
            -86.5346366,39.1622347,0
          </coordinates>
        </Point>
      </Placemark>
      <Placemark>
        <name>Planned Parenthood - Columbia Health Center</name>
        <styleUrl>#icon-1734-FF5252-labelson-nodesc</styleUrl>
        <Point>
          <coordinates>
            -81.0034031,34.0153021,0
          </coordinates>
        </Point>
      </Placemark>
      <Placemark>
        <name>Planned Parenthood - Lansing Health Center</name>
        <styleUrl>#icon-1734-FF5252-labelson-nodesc</styleUrl>
        <Point>
          <coordinates>
            -84.5076909,42.7364462,0
          </coordinates>
        </Point>
      </Placemark>
      <Placemark>
        <name>Planned Parenthood - North County Health Center</name>
        <styleUrl>#icon-1734-FF5252-labelson-nodesc</styleUrl>
        <Point>
          <coordinates>
            -90.3025175,38.8064638,0
          </coordinates>
        </Point>
      </Placemark>
      <Placemark>
        <name>Planned Parenthood - West County Health Center</name>
        <styleUrl>#icon-1734-FF5252-labelson-nodesc</styleUrl>
        <Point>
          <coordinates>
            -90.4954463,38.5663212,0
          </coordinates>
        </Point>
      </Placemark>
      <Placemark>
        <name>Planned Parenthood - Springfield Health Center</name>
        <styleUrl>#icon-1734-FF5252-labelson-nodesc</styleUrl>
        <Point>
          <coordinates>
            -93.2875825,37.1595033,0
          </coordinates>
        </Point>
      </Placemark>
      <Placemark>
        <name>Planned Parenthood - St. Peters Health Center</name>
        <styleUrl>#icon-1734-FF5252-labelson-nodesc</styleUrl>
        <Point>
          <coordinates>
            -90.618111,38.7923026,0
          </coordinates>
        </Point>
      </Placemark>
      <Placemark>
        <name>Planned Parenthood - Mira Mesa Corton/ Eibl Family Center</name>
        <styleUrl>#icon-1734-FF5252-labelson-nodesc</styleUrl>
        <Point>
          <coordinates>
            -117.1428036,32.9138497,0
          </coordinates>
        </Point>
      </Placemark>
      <Placemark>
        <name>Planned Parenthood - Harrisburg Medical Center</name>
        <styleUrl>#icon-1734-FF5252-labelson-nodesc</styleUrl>
        <Point>
          <coordinates>
            -76.8936063,40.2708724,0
          </coordinates>
        </Point>
      </Placemark>
      <Placemark>
        <name>Vigil Family Medicine PLLC</name>
        <styleUrl>#icon-1734-FF5252-labelson-nodesc</styleUrl>
        <Point>
          <coordinates>
            -122.478873,47.2418229,0
          </coordinates>
        </Point>
      </Placemark>
      <Placemark>
        <name>Augusta Family Planning</name>
        <styleUrl>#icon-1734-FF5252-labelson-nodesc</styleUrl>
        <Point>
          <coordinates>
            -69.7976153,44.3690595,0
          </coordinates>
        </Point>
      </Placemark>
      <Placemark>
        <name>Planned Parenthood - Rocky River Health Center</name>
        <styleUrl>#icon-1734-FF5252-labelson-nodesc</styleUrl>
        <Point>
          <coordinates>
            -81.8533589,41.4621892,0
          </coordinates>
        </Point>
      </Placemark>
      <Placemark>
        <name>Planned Parenthood Great Plains - Rogers</name>
        <styleUrl>#icon-1734-FF5252-labelson-nodesc</styleUrl>
        <Point>
          <coordinates>
            -94.1333178,36.3314985,0
          </coordinates>
        </Point>
      </Placemark>
      <Placemark>
        <name>Planned Parenthood - Ann Arbor West Health Center</name>
        <styleUrl>#icon-1734-FF5252-labelson-nodesc</styleUrl>
        <Point>
          <coordinates>
            -83.7786454,42.2776603,0
          </coordinates>
        </Point>
      </Placemark>
    </Folder>
    <Folder>
      <name>Adoption Resources</name>
      <Placemark>
        <name>Child Advocates of Montgomery County</name>
        <styleUrl>#icon-1742-FBC02D-labelson-nodesc</styleUrl>
        <Point>
          <coordinates>
            -95.4573571,30.313335,0
          </coordinates>
        </Point>
      </Placemark>
      <Placemark>
        <name>CASA of Los Angeles</name>
        <styleUrl>#icon-1742-FBC02D-labelson-nodesc</styleUrl>
        <Point>
          <coordinates>
            -118.1668483,34.0582388,0
          </coordinates>
        </Point>
      </Placemark>
      <Placemark>
        <name>Chelan-Douglas CASA Program</name>
        <styleUrl>#icon-1742-FBC02D-labelson-nodesc</styleUrl>
        <Point>
          <coordinates>
            -120.3163497,47.4210538,0
          </coordinates>
        </Point>
      </Placemark>
      <Placemark>
        <name>Ohio Casa</name>
        <styleUrl>#icon-1742-FBC02D-labelson-nodesc</styleUrl>
        <Point>
          <coordinates>
            -82.9951374,39.9555001,0
          </coordinates>
        </Point>
      </Placemark>
      <Placemark>
        <name>Snohomish County Office of the Court Appointed Special Advocate</name>
        <styleUrl>#icon-1742-FBC02D-labelson-nodesc</styleUrl>
        <Point>
          <coordinates>
            -122.2073142,47.9736007,0
          </coordinates>
        </Point>
      </Placemark>
      <Placemark>
        <name>Adoption Rhode Island</name>
        <styleUrl>#icon-1742-FBC02D-labelson-nodesc</styleUrl>
        <Point>
          <coordinates>
            -71.4232204,41.8250226,0
          </coordinates>
        </Point>
      </Placemark>
      <Placemark>
        <name>Alliance for Children Adoption Agency (MA)</name>
        <styleUrl>#icon-1742-FBC02D-labelson-nodesc</styleUrl>
        <Point>
          <coordinates>
            -71.2264863,42.3078,0
          </coordinates>
        </Point>
      </Placemark>
      <Placemark>
        <name><![CDATA[Foster & Adoptive Care Coalition]]></name>
        <styleUrl>#icon-1742-FBC02D-labelson-nodesc</styleUrl>
        <Point>
          <coordinates>
            -90.3463621,38.6262951,0
          </coordinates>
        </Point>
      </Placemark>
      <Placemark>
        <name><![CDATA[Four Oaks Family and Children's Services, Smith Center]]></name>
        <styleUrl>#icon-1742-FBC02D-labelson-nodesc</styleUrl>
        <Point>
          <coordinates>
            -91.658227,41.9218988,0
          </coordinates>
        </Point>
      </Placemark>
      <Placemark>
        <name><![CDATA[Four Oaks Family and Children's Services]]></name>
        <styleUrl>#icon-1742-FBC02D-labelson-nodesc</styleUrl>
        <Point>
          <coordinates>
            -91.5670572,42.0368882,0
          </coordinates>
        </Point>
      </Placemark>
      <Placemark>
        <name>Glove House, Inc.</name>
        <styleUrl>#icon-1742-FBC02D-labelson-nodesc</styleUrl>
        <Point>
          <coordinates>
            -76.8167505,42.0876396,0
          </coordinates>
        </Point>
      </Placemark>
      <Placemark>
        <name>Jewish Family Services</name>
        <styleUrl>#icon-1742-FBC02D-labelson-nodesc</styleUrl>
        <Point>
          <coordinates>
            -86.8893849,36.0853895,0
          </coordinates>
        </Point>
      </Placemark>
      <Placemark>
        <name>Kidsave</name>
        <styleUrl>#icon-1742-FBC02D-labelson-nodesc</styleUrl>
        <Point>
          <coordinates>
            -118.3828082,33.9878043,0
          </coordinates>
        </Point>
      </Placemark>
      <Placemark>
        <name>Koinonia Family Services - Loomis</name>
        <styleUrl>#icon-1742-FBC02D-labelson-nodesc</styleUrl>
        <Point>
          <coordinates>
            -121.1940938,38.8188584,0
          </coordinates>
        </Point>
      </Placemark>
      <Placemark>
        <name>KVC Kansas</name>
        <styleUrl>#icon-1742-FBC02D-labelson-nodesc</styleUrl>
        <Point>
          <coordinates>
            -94.8308094,38.8515775,0
          </coordinates>
        </Point>
      </Placemark>
      <Placemark>
        <name>Let It Be Us</name>
        <styleUrl>#icon-1742-FBC02D-labelson-nodesc</styleUrl>
        <Point>
          <coordinates>
            -88.1381133,42.1538533,0
          </coordinates>
        </Point>
      </Placemark>
      <Placemark>
        <name>UCAN</name>
        <styleUrl>#icon-1742-FBC02D-labelson-nodesc</styleUrl>
        <Point>
          <coordinates>
            -87.6820639,41.7104687,0
          </coordinates>
        </Point>
      </Placemark>
      <Placemark>
        <name>Youth Advocate Services</name>
        <styleUrl>#icon-1742-FBC02D-labelson-nodesc</styleUrl>
        <Point>
          <coordinates>
            -83.0681842,39.9875921,0
          </coordinates>
        </Point>
      </Placemark>
      <Placemark>
        <name>Baltimore County Department of Social Services</name>
        <styleUrl>#icon-1742-FBC02D-labelson-nodesc</styleUrl>
        <Point>
          <coordinates>
            -76.7335198,39.2726651,0
          </coordinates>
        </Point>
      </Placemark>
      <Placemark>
        <name>California Dept Of Social Services-Adoption</name>
        <styleUrl>#icon-1742-FBC02D-labelson-nodesc</styleUrl>
        <Point>
          <coordinates>
            -121.5000251,38.5743513,0
          </coordinates>
        </Point>
      </Placemark>
      <Placemark>
        <name>Minnesota Department of Human Services</name>
        <styleUrl>#icon-1742-FBC02D-labelson-nodesc</styleUrl>
        <Point>
          <coordinates>
            -93.0841422,44.9546364,0
          </coordinates>
        </Point>
      </Placemark>
      <Placemark>
        <name>New Jersey Department of Children and Families</name>
        <styleUrl>#icon-1742-FBC02D-labelson-nodesc</styleUrl>
        <Point>
          <coordinates>
            -74.765444,40.220473,0
          </coordinates>
        </Point>
      </Placemark>
      <Placemark>
        <name>Foster Adopt Minnesota (formerly known as MN ADOPT)</name>
        <styleUrl>#icon-1742-FBC02D-labelson-nodesc</styleUrl>
        <Point>
          <coordinates>
            -93.199618,44.963951,0
          </coordinates>
        </Point>
      </Placemark>
      <Placemark>
        <name>Raise the Future</name>
        <styleUrl>#icon-1742-FBC02D-labelson-nodesc</styleUrl>
        <Point>
          <coordinates>
            -104.9411669,39.6924575,0
          </coordinates>
        </Point>
      </Placemark>
      <Placemark>
        <name>CASA for Children of DC</name>
        <styleUrl>#icon-1742-FBC02D-labelson-nodesc</styleUrl>
        <Point>
          <coordinates>
            -77.0028103,38.9014835,0
          </coordinates>
        </Point>
      </Placemark>
      <Placemark>
        <name>CASA of South Mississippi</name>
        <styleUrl>#icon-1742-FBC02D-labelson-nodesc</styleUrl>
        <Point>
          <coordinates>
            -89.3375638,30.3215611,0
          </coordinates>
        </Point>
      </Placemark>
      <Placemark>
        <name>CASA of Southwest Missouri</name>
        <styleUrl>#icon-1742-FBC02D-labelson-nodesc</styleUrl>
        <Point>
          <coordinates>
            -93.26323,37.2143998,0
          </coordinates>
        </Point>
      </Placemark>
      <Placemark>
        <name>Sacramento Casa Program Inc</name>
        <styleUrl>#icon-1742-FBC02D-labelson-nodesc</styleUrl>
        <Point>
          <coordinates>
            -121.4065715,38.5506292,0
          </coordinates>
        </Point>
      </Placemark>
      <Placemark>
        <name>Dallas CASA</name>
        <styleUrl>#icon-1742-FBC02D-labelson-nodesc</styleUrl>
        <Point>
          <coordinates>
            -96.7871677,32.7879795,0
          </coordinates>
        </Point>
      </Placemark>
      <Placemark>
        <name>KIDS MATTER INC.</name>
        <styleUrl>#icon-1742-FBC02D-labelson-nodesc</styleUrl>
        <Point>
          <coordinates>
            -87.9139444,43.0549789,0
          </coordinates>
        </Point>
      </Placemark>
      <Placemark>
        <name>A Baby Step Adoption</name>
        <styleUrl>#icon-1742-FBC02D-labelson-nodesc</styleUrl>
        <Point>
          <coordinates>
            -75.9261376,40.3187782,0
          </coordinates>
        </Point>
      </Placemark>
      <Placemark>
        <name>A Greater Hope</name>
        <styleUrl>#icon-1742-FBC02D-labelson-nodesc</styleUrl>
        <Point>
          <coordinates>
            -117.327191,34.5112136,0
          </coordinates>
        </Point>
      </Placemark>
      <Placemark>
        <name>A Loving Choice Adoption Associates</name>
        <styleUrl>#icon-1742-FBC02D-labelson-nodesc</styleUrl>
        <Point>
          <coordinates>
            -74.0619753,40.3348573,0
          </coordinates>
        </Point>
      </Placemark>
      <Placemark>
        <name>Acadia Adoption Center LLC</name>
        <styleUrl>#icon-1742-FBC02D-labelson-nodesc</styleUrl>
        <Point>
          <coordinates>
            -70.607741,43.9703628,0
          </coordinates>
        </Point>
      </Placemark>
      <Placemark>
        <name>Adoption Resource Associates</name>
        <styleUrl>#icon-1742-FBC02D-labelson-nodesc</styleUrl>
        <Point>
          <coordinates>
            -71.079308,42.3636836,0
          </coordinates>
        </Point>
      </Placemark>
      <Placemark>
        <name>Arbor Circle</name>
        <styleUrl>#icon-1742-FBC02D-labelson-nodesc</styleUrl>
        <Point>
          <coordinates>
            -85.63109,42.9830075,0
          </coordinates>
        </Point>
      </Placemark>
      <Placemark>
        <name>Child Crisis Arizona</name>
        <styleUrl>#icon-1742-FBC02D-labelson-nodesc</styleUrl>
        <Point>
          <coordinates>
            -111.8383849,33.4301962,0
          </coordinates>
        </Point>
      </Placemark>
      <Placemark>
        <name><![CDATA[Childrens Home & Aid]]></name>
        <styleUrl>#icon-1742-FBC02D-labelson-nodesc</styleUrl>
        <Point>
          <coordinates>
            -87.6673045,41.7791176,0
          </coordinates>
        </Point>
      </Placemark>
      <Placemark>
        <name>Community Youth Services</name>
        <styleUrl>#icon-1742-FBC02D-labelson-nodesc</styleUrl>
        <Point>
          <coordinates>
            -122.8938563,47.0460254,0
          </coordinates>
        </Point>
      </Placemark>
      <Placemark>
        <name>Crittenton Services (Headquarters Office)</name>
        <styleUrl>#icon-1742-FBC02D-labelson-nodesc</styleUrl>
        <Point>
          <coordinates>
            -117.9110062,33.8745483,0
          </coordinates>
        </Point>
      </Placemark>
      <Placemark>
        <name>Five Acres</name>
        <styleUrl>#icon-1742-FBC02D-labelson-nodesc</styleUrl>
        <Point>
          <coordinates>
            -118.1661104,34.1914469,0
          </coordinates>
        </Point>
      </Placemark>
      <Placemark>
        <name>Sycamores (Pasadena)</name>
        <styleUrl>#icon-1742-FBC02D-labelson-nodesc</styleUrl>
        <Point>
          <coordinates>
            -118.1407842,34.1603282,0
          </coordinates>
        </Point>
      </Placemark>
      <Placemark>
        <name>Jonathan’s Place</name>
        <styleUrl>#icon-1742-FBC02D-labelson-nodesc</styleUrl>
        <Point>
          <coordinates>
            -96.6026042,32.844263,0
          </coordinates>
        </Point>
      </Placemark>
      <Placemark>
        <name><![CDATA[Little City - Foster Care & Adoption - Chicago Office]]></name>
        <styleUrl>#icon-1742-FBC02D-labelson-nodesc</styleUrl>
        <Point>
          <coordinates>
            -87.7027605,41.8939135,0
          </coordinates>
        </Point>
      </Placemark>
      <Placemark>
        <name>Lund</name>
        <styleUrl>#icon-1742-FBC02D-labelson-nodesc</styleUrl>
        <Point>
          <coordinates>
            -73.2064807,44.4556228,0
          </coordinates>
        </Point>
      </Placemark>
      <Placemark>
        <name>Mck</name>
        <styleUrl>#icon-1742-FBC02D-labelson-nodesc</styleUrl>
        <Point>
          <coordinates>
            -117.8220369,34.0948593,0
          </coordinates>
        </Point>
      </Placemark>
      <Placemark>
        <name>Multi-Agency Alliance for Children</name>
        <styleUrl>#icon-1742-FBC02D-labelson-nodesc</styleUrl>
        <Point>
          <coordinates>
            -84.3864441,33.7599229,0
          </coordinates>
        </Point>
      </Placemark>
      <Placemark>
        <name>NAFI CT</name>
        <styleUrl>#icon-1742-FBC02D-labelson-nodesc</styleUrl>
        <Point>
          <coordinates>
            -72.7998121,41.7088737,0
          </coordinates>
        </Point>
      </Placemark>
      <Placemark>
        <name>NOAS</name>
        <styleUrl>#icon-1742-FBC02D-labelson-nodesc</styleUrl>
        <Point>
          <coordinates>
            -80.7537228,41.2368293,0
          </coordinates>
        </Point>
      </Placemark>
      <Placemark>
        <name>Northwest Resource Associates</name>
        <styleUrl>#icon-1742-FBC02D-labelson-nodesc</styleUrl>
        <Point>
          <coordinates>
            -122.3354841,47.6077559,0
          </coordinates>
        </Point>
      </Placemark>
      <Placemark>
        <name><![CDATA[Optimist Youth Homes & Family Services]]></name>
        <styleUrl>#icon-1742-FBC02D-labelson-nodesc</styleUrl>
        <Point>
          <coordinates>
            -118.1882895,34.1284232,0
          </coordinates>
        </Point>
      </Placemark>
      <Placemark>
        <name>Pact, An Adoption Alliance</name>
        <styleUrl>#icon-1742-FBC02D-labelson-nodesc</styleUrl>
        <Point>
          <coordinates>
            -122.2867677,37.8376293,0
          </coordinates>
        </Point>
      </Placemark>
      <Placemark>
        <name>Seneca Family of Agencies - Monterey County</name>
        <styleUrl>#icon-1742-FBC02D-labelson-nodesc</styleUrl>
        <Point>
          <coordinates>
            -121.6604249,36.6162766,0
          </coordinates>
        </Point>
      </Placemark>
      <Placemark>
        <name>S.T.A.R. Programs</name>
        <styleUrl>#icon-1742-FBC02D-labelson-nodesc</styleUrl>
        <Point>
          <coordinates>
            -121.9273925,37.3121355,0
          </coordinates>
        </Point>
      </Placemark>
      <Placemark>
        <name>The Center for Youth and Family Solutions</name>
        <styleUrl>#icon-1742-FBC02D-labelson-nodesc</styleUrl>
        <Point>
          <coordinates>
            -89.6340219,40.7284806,0
          </coordinates>
        </Point>
      </Placemark>
      <Placemark>
        <name>Utah Foster Care</name>
        <styleUrl>#icon-1742-FBC02D-labelson-nodesc</styleUrl>
        <Point>
          <coordinates>
            -111.900429,40.655842,0
          </coordinates>
        </Point>
      </Placemark>
      <Placemark>
        <name>Wayfinder Family Services</name>
        <styleUrl>#icon-1742-FBC02D-labelson-nodesc</styleUrl>
        <Point>
          <coordinates>
            -121.2906399,38.7181855,0
          </coordinates>
        </Point>
      </Placemark>
      <Placemark>
        <name>Your Adoptive Family</name>
        <styleUrl>#icon-1742-FBC02D-labelson-nodesc</styleUrl>
        <Point>
          <coordinates>
            -122.386418,47.5653765,0
          </coordinates>
        </Point>
      </Placemark>
      <Placemark>
        <name>Adoption Center</name>
        <styleUrl>#icon-1742-FBC02D-labelson-nodesc</styleUrl>
        <Point>
          <coordinates>
            -75.1695865,39.9536631,0
          </coordinates>
        </Point>
      </Placemark>
      <Placemark>
        <name>Massachussetts Adoption Resource Exchange, Inc. (MARE)</name>
        <styleUrl>#icon-1742-FBC02D-labelson-nodesc</styleUrl>
        <Point>
          <coordinates>
            -71.2106251,42.316339,0
          </coordinates>
        </Point>
      </Placemark>
      <Placemark>
        <name>Special Angels Adoption</name>
        <styleUrl>#icon-1742-FBC02D-labelson-nodesc</styleUrl>
        <Point>
          <coordinates>
            -82.637411,39.044436,0
          </coordinates>
        </Point>
      </Placemark>
      <Placemark>
        <name>Child Advocates of Silicon Valley</name>
        <styleUrl>#icon-1742-FBC02D-labelson-nodesc</styleUrl>
        <Point>
          <coordinates>
            -121.9158966,37.4282756,0
          </coordinates>
        </Point>
      </Placemark>
      <Placemark>
        <name>Norfolk CASA, Inc.</name>
        <styleUrl>#icon-1742-FBC02D-labelson-nodesc</styleUrl>
        <Point>
          <coordinates>
            -76.2854418,36.8461759,0
          </coordinates>
        </Point>
      </Placemark>
      <Placemark>
        <name>Texas CASA (Court Appointed Special Advocates)</name>
        <styleUrl>#icon-1742-FBC02D-labelson-nodesc</styleUrl>
        <Point>
          <coordinates>
            -97.722351,30.3515968,0
          </coordinates>
        </Point>
      </Placemark>
      <Placemark>
        <name>Tippecanoe County CASA</name>
        <styleUrl>#icon-1742-FBC02D-labelson-nodesc</styleUrl>
        <Point>
          <coordinates>
            -86.8935044,40.4186786,0
          </coordinates>
        </Point>
      </Placemark>
      <Placemark>
        <name>Voices for Children - Foster Youth Volunteer Program</name>
        <styleUrl>#icon-1742-FBC02D-labelson-nodesc</styleUrl>
        <Point>
          <coordinates>
            -117.1537549,32.79545,0
          </coordinates>
        </Point>
      </Placemark>
      <Placemark>
        <name>360 Youth Services</name>
        <styleUrl>#icon-1742-FBC02D-labelson-nodesc</styleUrl>
        <Point>
          <coordinates>
            -88.2028024,41.7906831,0
          </coordinates>
        </Point>
      </Placemark>
      <Placemark>
        <name>Adoption Options</name>
        <styleUrl>#icon-1742-FBC02D-labelson-nodesc</styleUrl>
        <Point>
          <coordinates>
            -104.941668,39.6920437,0
          </coordinates>
        </Point>
      </Placemark>
      <Placemark>
        <name>Adoption STAR</name>
        <styleUrl>#icon-1742-FBC02D-labelson-nodesc</styleUrl>
        <Point>
          <coordinates>
            -78.7725588,43.0117667,0
          </coordinates>
        </Point>
      </Placemark>
      <Placemark>
        <name>Adoptions From The Heart</name>
        <styleUrl>#icon-1742-FBC02D-labelson-nodesc</styleUrl>
        <Point>
          <coordinates>
            -75.2763249,40.0024849,0
          </coordinates>
        </Point>
      </Placemark>
      <Placemark>
        <name>Paths for Families</name>
        <styleUrl>#icon-1742-FBC02D-labelson-nodesc</styleUrl>
        <Point>
          <coordinates>
            -76.9350083,39.0462763,0
          </coordinates>
        </Point>
      </Placemark>
      <Placemark>
        <name>Amara</name>
        <styleUrl>#icon-1742-FBC02D-labelson-nodesc</styleUrl>
        <Point>
          <coordinates>
            -122.2887634,47.5492896,0
          </coordinates>
        </Point>
      </Placemark>
      <Placemark>
        <name>Aviva Family and Children’s Services</name>
        <styleUrl>#icon-1742-FBC02D-labelson-nodesc</styleUrl>
        <Point>
          <coordinates>
            -118.3455423,34.1035669,0
          </coordinates>
        </Point>
      </Placemark>
      <Placemark>
        <name><![CDATA[Bayfront Youth & Family Services]]></name>
        <styleUrl>#icon-1742-FBC02D-labelson-nodesc</styleUrl>
        <Point>
          <coordinates>
            -118.1816633,33.8187103,0
          </coordinates>
        </Point>
      </Placemark>
      <Placemark>
        <name><![CDATA[CHNK Behavioral Health - Administrative Office & Residential Services]]></name>
        <styleUrl>#icon-1742-FBC02D-labelson-nodesc</styleUrl>
        <Point>
          <coordinates>
            -84.5396598,39.0858886,0
          </coordinates>
        </Point>
      </Placemark>
      <Placemark>
        <name><![CDATA[Children's Home Society & Lutheran Social Service of Minnesota]]></name>
        <styleUrl>#icon-1742-FBC02D-labelson-nodesc</styleUrl>
        <Point>
          <coordinates>
            -93.2028308,44.9894999,0
          </coordinates>
        </Point>
      </Placemark>
      <Placemark>
        <name><![CDATA[Children's Home Society of Florida]]></name>
        <styleUrl>#icon-1742-FBC02D-labelson-nodesc</styleUrl>
        <Point>
          <coordinates>
            -81.3114454,28.4797746,0
          </coordinates>
        </Point>
      </Placemark>
      <Placemark>
        <name><![CDATA[Children's Service Society of Utah]]></name>
        <styleUrl>#icon-1742-FBC02D-labelson-nodesc</styleUrl>
        <Point>
          <coordinates>
            -111.8726697,40.674939,0
          </coordinates>
        </Point>
      </Placemark>
      <Placemark>
        <name>JustChoice</name>
        <styleUrl>#icon-1742-FBC02D-labelson-nodesc</styleUrl>
        <Point>
          <coordinates>
            -83.0184105,40.0879451,0
          </coordinates>
        </Point>
      </Placemark>
      <Placemark>
        <name>Creative Community Services, Inc.</name>
        <styleUrl>#icon-1742-FBC02D-labelson-nodesc</styleUrl>
        <Point>
          <coordinates>
            -84.1952956,33.912891,0
          </coordinates>
        </Point>
      </Placemark>
      <Placemark>
        <name>Every Child Inc.</name>
        <styleUrl>#icon-1742-FBC02D-labelson-nodesc</styleUrl>
        <Point>
          <coordinates>
            -79.9854566,40.4378396,0
          </coordinates>
        </Point>
      </Placemark>
      <Placemark>
        <name>Extraordinary Families</name>
        <styleUrl>#icon-1742-FBC02D-labelson-nodesc</styleUrl>
        <Point>
          <coordinates>
            -118.3021634,34.0759167,0
          </coordinates>
        </Point>
      </Placemark>
      <Placemark>
        <name>Forever Families Through Adoption, Inc.</name>
        <styleUrl>#icon-1742-FBC02D-labelson-nodesc</styleUrl>
        <Point>
          <coordinates>
            -73.6798131,41.0041248,0
          </coordinates>
        </Point>
      </Placemark>
      <Placemark>
        <name>FosterAdopt Connect</name>
        <styleUrl>#icon-1742-FBC02D-labelson-nodesc</styleUrl>
        <Point>
          <coordinates>
            -94.3617514,39.0507742,0
          </coordinates>
        </Point>
      </Placemark>
      <Placemark>
        <name>Fostering Futures</name>
        <styleUrl>#icon-1742-FBC02D-labelson-nodesc</styleUrl>
        <Point>
          <coordinates>
            -83.682712,42.2572669,0
          </coordinates>
        </Point>
      </Placemark>
      <Placemark>
        <name>Friends In Adoption</name>
        <styleUrl>#icon-1742-FBC02D-labelson-nodesc</styleUrl>
        <Point>
          <coordinates>
            -73.2088472,43.6105005,0
          </coordinates>
        </Point>
      </Placemark>
      <Placemark>
        <name>Hands Across The Water</name>
        <styleUrl>#icon-1742-FBC02D-labelson-nodesc</styleUrl>
        <Point>
          <coordinates>
            -83.7394097,42.2095689,0
          </coordinates>
        </Point>
      </Placemark>
      <Placemark>
        <name>JFCS</name>
        <styleUrl>#icon-1742-FBC02D-labelson-nodesc</styleUrl>
        <Point>
          <coordinates>
            -75.0767602,40.0408083,0
          </coordinates>
        </Point>
      </Placemark>
      <Placemark>
        <name>Lawrence Hall Youth Services</name>
        <styleUrl>#icon-1742-FBC02D-labelson-nodesc</styleUrl>
        <Point>
          <coordinates>
            -87.6037935,41.8110155,0
          </coordinates>
        </Point>
      </Placemark>
      <Placemark>
        <name><![CDATA[Lighthouse Youth & Family Services]]></name>
        <styleUrl>#icon-1742-FBC02D-labelson-nodesc</styleUrl>
        <Point>
          <coordinates>
            -84.5006666,39.1262924,0
          </coordinates>
        </Point>
      </Placemark>
      <Placemark>
        <name>Lutheran Child and Family Services of Illinois (LCFS)</name>
        <styleUrl>#icon-1742-FBC02D-labelson-nodesc</styleUrl>
        <Point>
          <coordinates>
            -87.9817605,41.8465738,0
          </coordinates>
        </Point>
      </Placemark>
      <Placemark>
        <name><![CDATA[Miriam's Promise]]></name>
        <styleUrl>#icon-1742-FBC02D-labelson-nodesc</styleUrl>
        <Point>
          <coordinates>
            -86.812667,36.1103984,0
          </coordinates>
        </Point>
      </Placemark>
      <Placemark>
        <name>Spence-Chapin Services to Families and Children</name>
        <styleUrl>#icon-1742-FBC02D-labelson-nodesc</styleUrl>
        <Point>
          <coordinates>
            -73.9882158,40.7352666,0
          </coordinates>
        </Point>
      </Placemark>
      <Placemark>
        <name><![CDATA[TLC Child & Family Services]]></name>
        <styleUrl>#icon-1742-FBC02D-labelson-nodesc</styleUrl>
        <Point>
          <coordinates>
            -122.846363,38.422041,0
          </coordinates>
        </Point>
      </Placemark>
      <Placemark>
        <name>Uplift Family Services</name>
        <styleUrl>#icon-1742-FBC02D-labelson-nodesc</styleUrl>
        <Point>
          <coordinates>
            -117.2898901,34.1100613,0
          </coordinates>
        </Point>
      </Placemark>
      <Placemark>
        <name>Vista Del Mar</name>
        <styleUrl>#icon-1742-FBC02D-labelson-nodesc</styleUrl>
        <Point>
          <coordinates>
            -118.4104507,34.0312498,0
          </coordinates>
        </Point>
      </Placemark>
      <Placemark>
        <name>Walden Family Services</name>
        <styleUrl>#icon-1742-FBC02D-labelson-nodesc</styleUrl>
        <Point>
          <coordinates>
            -117.1440973,32.8098393,0
          </coordinates>
        </Point>
      </Placemark>
      <Placemark>
        <name>Adams County Human Services Center</name>
        <styleUrl>#icon-1742-FBC02D-labelson-nodesc</styleUrl>
        <Point>
          <coordinates>
            -105.0034691,39.9111178,0
          </coordinates>
        </Point>
      </Placemark>
      <Placemark>
        <name>Colorado Department of Human Services</name>
        <styleUrl>#icon-1742-FBC02D-labelson-nodesc</styleUrl>
        <Point>
          <coordinates>
            -104.9852753,39.7413654,0
          </coordinates>
        </Point>
      </Placemark>
      <Placemark>
        <name>Monterey County Department of Social Services</name>
        <styleUrl>#icon-1742-FBC02D-labelson-nodesc</styleUrl>
        <Point>
          <coordinates>
            -121.6583078,36.6624073,0
          </coordinates>
        </Point>
      </Placemark>
      <Placemark>
        <name>Prince George’s County Social Services</name>
        <styleUrl>#icon-1742-FBC02D-labelson-nodesc</styleUrl>
        <Point>
          <coordinates>
            -76.8509514,38.8960201,0
          </coordinates>
        </Point>
      </Placemark>
      <Placemark>
        <name>Ramsey County Social Services</name>
        <styleUrl>#icon-1742-FBC02D-labelson-nodesc</styleUrl>
        <Point>
          <coordinates>
            -93.0920465,44.9496305,0
          </coordinates>
        </Point>
      </Placemark>
      <Placemark>
        <name>Washington County Department of Social Services and Child Support Enforcement</name>
        <styleUrl>#icon-1742-FBC02D-labelson-nodesc</styleUrl>
        <Point>
          <coordinates>
            -77.7185628,39.6439033,0
          </coordinates>
        </Point>
      </Placemark>
    </Folder>
    <Folder>
      <name>Affirming Mental Health that Accepts TRICARE</name>
      <Placemark>
        <name>Tobi L. Duncan, MSBS, Licensed Professional Counselor</name>
        <description>https://www.psychologytoday.com/us/therapists/tobi-l-duncan-lawton-ok/353684</description>
        <styleUrl>#icon-1737-097138-labelson</styleUrl>
        <Point>
          <coordinates>
            -98.4464724,34.5918832,0
          </coordinates>
        </Point>
      </Placemark>
      <Placemark>
        <name>Healing Hearts of Southwest Oklahoma</name>
        <description>https://www.psychologytoday.com/us/therapists/healing-hearts-of-sw-oklahoma-lawton-ok/361744</description>
        <styleUrl>#icon-1737-097138-labelson</styleUrl>
        <Point>
          <coordinates>
            -98.4113334,34.6092024,0
          </coordinates>
        </Point>
      </Placemark>
      <Placemark>
        <name>Oklahoma Kids Psychological Services Center</name>
        <description>https://www.psychologytoday.com/us/therapists/oklahoma-kids-psychological-services-center-pllc-oklahoma-city-ok/1202655</description>
        <styleUrl>#icon-1737-097138-labelson</styleUrl>
        <Point>
          <coordinates>
            -97.5693295,35.5377228,0
          </coordinates>
        </Point>
      </Placemark>
      <Placemark>
        <name>Absolute Confidential Counseling</name>
        <description>https://www.psychologytoday.com/us/therapists/absolute-confidential-counseling-pllc-oklahoma-city-ok/758346</description>
        <styleUrl>#icon-1737-097138-labelson</styleUrl>
        <Point>
          <coordinates>
            -97.5471464,35.3657887,0
          </coordinates>
        </Point>
      </Placemark>
      <Placemark>
        <name>Family Transitions, LLC</name>
        <description>https://www.psychologytoday.com/us/therapists/robby-snow-oklahoma-city-ok/718983</description>
        <styleUrl>#icon-1737-097138-labelson</styleUrl>
        <Point>
          <coordinates>
            -97.5486384,35.5218692,0
          </coordinates>
        </Point>
      </Placemark>
      <Placemark>
        <name>Victoria Ryan, LPC</name>
        <description>https://www.psychologytoday.com/us/therapists/robby-snow-oklahoma-city-ok/718983</description>
        <styleUrl>#icon-1737-097138-labelson</styleUrl>
        <Point>
          <coordinates>
            -97.4394777,35.2225668,0
          </coordinates>
        </Point>
      </Placemark>
      <Placemark>
        <name>Metro Family Therapy Counseling and Wellness Spa of Moore</name>
        <description>https://www.psychologytoday.com/us/therapists/metro-family-therapy-counseling-and-float-spa-moore-ok/281683</description>
        <styleUrl>#icon-1737-097138-labelson</styleUrl>
        <Point>
          <coordinates>
            -97.4676052,35.3338184,0
          </coordinates>
        </Point>
      </Placemark>
      <Placemark>
        <name>Brooke Yaffe @ Eclipse Counseling
</name>
        <description>https://www.psychologytoday.com/us/therapists/brooke-a-yaffe-oklahoma-city-ok/371609</description>
        <styleUrl>#icon-1737-097138-labelson</styleUrl>
        <Point>
          <coordinates>
            -97.5660814,35.3440026,0
          </coordinates>
        </Point>
      </Placemark>
      <Placemark>
        <name>Lynda Pauwels Osborn</name>
        <description>https://www.psychologytoday.com/us/therapists/lynda-pauwels-osborn-oklahoma-city-ok/979802</description>
        <styleUrl>#icon-1737-097138-labelson</styleUrl>
        <Point>
          <coordinates>
            -97.6182519,35.6049489,0
          </coordinates>
        </Point>
      </Placemark>
      <Placemark>
        <name>Latoya Jenkins</name>
        <description>https://www.psychologytoday.com/us/therapists/latoya-jenkins-oklahoma-city-ok/713784</description>
        <styleUrl>#icon-1737-097138-labelson</styleUrl>
        <Point>
          <coordinates>
            -97.5059583,35.4983742,0
          </coordinates>
        </Point>
      </Placemark>
      <Placemark>
        <name>Shantell Buckner</name>
        <description>https://www.psychologytoday.com/us/therapists/shantell-k-buckner-oklahoma-city/867451</description>
        <styleUrl>#icon-1737-097138-labelson</styleUrl>
        <Point>
          <coordinates>
            -97.5308859,35.3981492,0
          </coordinates>
        </Point>
      </Placemark>
      <Placemark>
        <name>Positively Psyched Counseling, LLC</name>
        <description>https://www.psychologytoday.com/us/therapists/positively-psyched-counseling-midwest-city-ok/988604</description>
        <styleUrl>#icon-1737-097138-labelson</styleUrl>
        <Point>
          <coordinates>
            -97.4080407,35.4684694,0
          </coordinates>
        </Point>
      </Placemark>
      <Placemark>
        <name>Mary E Skidmore</name>
        <description>https://www.psychologytoday.com/us/therapists/mary-e-skidmore-oklahoma-city-ok/118734</description>
        <styleUrl>#icon-1737-097138-labelson</styleUrl>
        <Point>
          <coordinates>
            -97.5457067,35.3657946,0
          </coordinates>
        </Point>
      </Placemark>
      <Placemark>
        <name>Impact Counseling Center</name>
        <description>https://www.psychologytoday.com/us/therapists/impact-counseling-center-noble-ok/246869</description>
        <styleUrl>#icon-1737-097138-labelson</styleUrl>
        <Point>
          <coordinates>
            -97.3945026,35.1386451,0
          </coordinates>
        </Point>
      </Placemark>
      <Placemark>
        <name>Integrated Therapy Solutions of Oklahoma, LLC</name>
        <description>https://www.psychologytoday.com/us/therapists/integrated-therapy-solutions-of-oklahoma-llc-moore-ok/477225</description>
        <styleUrl>#icon-1737-097138-labelson</styleUrl>
        <Point>
          <coordinates>
            -97.4963426,35.3428449,0
          </coordinates>
        </Point>
      </Placemark>
      <Placemark>
        <name>Gerry Funkhouser @ Metro Family Therapy Counseling and Wellness Spa of Moore
</name>
        <description>https://www.psychologytoday.com/us/therapists/gerry-funkhouser-moore-ok/929682</description>
        <styleUrl>#icon-1737-097138-labelson</styleUrl>
        <Point>
          <coordinates>
            -97.4676052,35.3338184,0
          </coordinates>
        </Point>
      </Placemark>
      <Placemark>
        <name>Dani Neiderhieser</name>
        <description>https://www.psychologytoday.com/us/therapists/dani-neiderhiser-murfreesboro-tn/999873</description>
        <styleUrl>#icon-1737-097138-labelson</styleUrl>
        <Point>
          <coordinates>
            -86.4210244,35.8640423,0
          </coordinates>
        </Point>
      </Placemark>
      <Placemark>
        <name>Lauren Hunt</name>
        <description>https://www.psychologytoday.com/us/therapists/lauren-hunt-murfreesboro-tn/1222391</description>
        <styleUrl>#icon-1737-097138-labelson</styleUrl>
        <Point>
          <coordinates>
            -86.4257476,35.850527,0
          </coordinates>
        </Point>
      </Placemark>
      <Placemark>
        <name>Danielle Gallo</name>
        <description>https://www.psychologytoday.com/us/therapists/danielle-gallo-murfreesboro-tn/1354918</description>
        <styleUrl>#icon-1737-097138-labelson</styleUrl>
        <Point>
          <coordinates>
            -86.4210244,35.8640423,0
          </coordinates>
        </Point>
      </Placemark>
      <Placemark>
        <name><![CDATA[LifeStance Therapists & Psychiatrists Mount Juliet - Kristin Cuzzourt]]></name>
        <description>https://www.psychologytoday.com/us/therapists/kristin-cuzzourt-mount-juliet-tn/1071249</description>
        <styleUrl>#icon-1737-097138-labelson</styleUrl>
        <Point>
          <coordinates>
            -86.5161552,36.1606185,0
          </coordinates>
        </Point>
      </Placemark>
      <Placemark>
        <name><![CDATA[LifeStance Therapists & Psychiatrists Mount Juliet - Zainab Suara]]></name>
        <description>https://www.psychologytoday.com/us/therapists/zainab-suara-mount-juliet-tn/1219245</description>
        <styleUrl>#icon-1737-097138-labelson</styleUrl>
        <Point>
          <coordinates>
            -86.5161552,36.1606185,0
          </coordinates>
        </Point>
      </Placemark>
      <Placemark>
        <name>Sabin Behavioral Health - Steven Hansen</name>
        <description>https://www.psychologytoday.com/us/therapists/steven-hansen-smyrna-tn/716625</description>
        <styleUrl>#icon-1737-097138-labelson</styleUrl>
        <Point>
          <coordinates>
            -86.3022457,36.2169765,0
          </coordinates>
        </Point>
      </Placemark>
      <Placemark>
        <name>Steven Hansen</name>
        <description>https://www.psychologytoday.com/us/therapists/steven-hansen-smyrna-tn/716625</description>
        <styleUrl>#icon-1737-097138-labelson</styleUrl>
        <Point>
          <coordinates>
            -86.5566424,35.979495,0
          </coordinates>
        </Point>
      </Placemark>
      <Placemark>
        <name>George Mawudeka Attipoe</name>
        <description>https://www.psychologytoday.com/us/therapists/george-mawudeka-attipoe-murfreesboro-tn/1130627</description>
        <styleUrl>#icon-1737-097138-labelson</styleUrl>
        <Point>
          <coordinates>
            -86.4210244,35.8640423,0
          </coordinates>
        </Point>
      </Placemark>
      <Placemark>
        <name>Zenith Mental Health LLC</name>
        <description>https://www.psychologytoday.com/us/therapists/zenith-consulting-psychological-services-llc-nashville-tn/701687</description>
        <styleUrl>#icon-1737-097138-labelson</styleUrl>
        <Point>
          <coordinates>
            -86.8065565,36.1509268,0
          </coordinates>
        </Point>
      </Placemark>
      <Placemark>
        <name>Allied Behavioral Health Solutions</name>
        <description>https://www.psychologytoday.com/us/therapists/allied-behavioral-health-solutions-nashville-tn/1174638</description>
        <styleUrl>#icon-1737-097138-labelson</styleUrl>
        <Point>
          <coordinates>
            -86.7993771,36.157034,0
          </coordinates>
        </Point>
      </Placemark>
      <Placemark>
        <name><![CDATA[Allied Behavioral Health Solutions & Advanced Therapy Solutions]]></name>
        <description>https://www.psychologytoday.com/us/therapists/allied-behavioral-health-solutions-nashville-tn/1174638</description>
        <styleUrl>#icon-1737-097138-labelson</styleUrl>
        <Point>
          <coordinates>
            -86.6999495,36.3307127,0
          </coordinates>
        </Point>
      </Placemark>
      <Placemark>
        <name>Melissa Buchanan</name>
        <description>https://www.psychologytoday.com/us/therapists/melissa-buchanan-nashville-tn/1286817</description>
        <styleUrl>#icon-1737-097138-labelson</styleUrl>
        <Point>
          <coordinates>
            -86.7816016,36.1626638,0
          </coordinates>
        </Point>
      </Placemark>
      <Placemark>
        <name>Connect Counseling Center</name>
        <description>https://www.psychologytoday.com/us/therapists/connect-counseling-center-llc-clarksville-tn-clarksville-tn/353569</description>
        <styleUrl>#icon-1737-097138-labelson</styleUrl>
        <Point>
          <coordinates>
            -87.270713,36.571471,0
          </coordinates>
        </Point>
      </Placemark>
      <Placemark>
        <name><![CDATA[LifeStance Therapists & Psychiatrists Hendersonville - Crystal Fondren]]></name>
        <description>https://www.psychologytoday.com/us/therapists/crystal-fondren-hendersonville-tn/956612</description>
        <styleUrl>#icon-1737-097138-labelson</styleUrl>
        <Point>
          <coordinates>
            -86.5989873,36.3142044,0
          </coordinates>
        </Point>
      </Placemark>
      <Placemark>
        <name>Emily Smith</name>
        <description>https://www.psychologytoday.com/us/therapists/emily-smith-nashville-tn/1054717</description>
        <styleUrl>#icon-1737-097138-labelson</styleUrl>
        <Point>
          <coordinates>
            -86.6894666,36.1480241,0
          </coordinates>
        </Point>
      </Placemark>
      <Placemark>
        <name>Norfolk Psychiatric Associates - Amy Echstenkamper</name>
        <description>https://www.psychologytoday.com/us/therapists/amy-echstenkamper-norfolk-va/970479</description>
        <styleUrl>#icon-1737-097138-labelson</styleUrl>
        <Point>
          <coordinates>
            -76.1869703,36.8466485,0
          </coordinates>
        </Point>
      </Placemark>
      <Placemark>
        <name>Bob Swope</name>
        <description>https://www.psychologytoday.com/us/therapists/robert-bob-e-swope-chattanooga-tn/185482</description>
        <styleUrl>#icon-1737-097138-labelson</styleUrl>
        <Point>
          <coordinates>
            -85.1596714,35.0461637,0
          </coordinates>
        </Point>
      </Placemark>
      <Placemark>
        <name><![CDATA[LifeStance Therapists & Psychiatrists Hendersonville - Leslie Halpern]]></name>
        <description>https://www.psychologytoday.com/us/therapists/leslie-halpern-hendersonville-tn/998492</description>
        <styleUrl>#icon-1737-097138-labelson</styleUrl>
        <Point>
          <coordinates>
            -86.5989873,36.3142044,0
          </coordinates>
        </Point>
      </Placemark>
      <Placemark>
        <name>Sarah Link</name>
        <description>https://www.psychologytoday.com/us/therapists/sarah-link-nashville-tn/1268792</description>
        <styleUrl>#icon-1737-097138-labelson</styleUrl>
        <Point>
          <coordinates>
            -86.8774646,36.1906219,0
          </coordinates>
        </Point>
      </Placemark>
      <Placemark>
        <name>Mesloh Counseling Center, LLC</name>
        <description>https://www.psychologytoday.com/us/therapists/mesloh-counseling-center-llc-shreveport-la/417932</description>
        <styleUrl>#icon-1737-097138-labelson</styleUrl>
        <Point>
          <coordinates>
            -93.7492601,32.5136402,0
          </coordinates>
        </Point>
      </Placemark>
      <Placemark>
        <name>Dr. Eddie Millhollon</name>
        <description>https://www.psychologytoday.com/us/therapists/eddie-p-millhollon-shreveport-la/332029</description>
        <styleUrl>#icon-1737-097138-labelson</styleUrl>
        <Point>
          <coordinates>
            -93.7475654,32.4991767,0
          </coordinates>
        </Point>
      </Placemark>
      <Placemark>
        <name>ASHLEY DREW LCSW,LLC</name>
        <description>https://www.psychologytoday.com/us/therapists/ashley-drew-shreveport-la/464712</description>
        <styleUrl>#icon-1737-097138-labelson</styleUrl>
        <Point>
          <coordinates>
            -93.7475654,32.4991767,0
          </coordinates>
        </Point>
      </Placemark>
      <Placemark>
        <name>Serenity Counseling Services,LLC - Amber Morrell</name>
        <description>https://www.psychologytoday.com/us/therapists/ashley-drew-shreveport-la/464712</description>
        <styleUrl>#icon-1737-097138-labelson</styleUrl>
        <Point>
          <coordinates>
            -93.7454989,32.497204,0
          </coordinates>
        </Point>
      </Placemark>
      <Placemark>
        <name>Dr. Sarah Drummond</name>
        <description>https://www.psychologytoday.com/us/therapists/sarah-w-drummond-shreveport-la/252413</description>
        <styleUrl>#icon-1737-097138-labelson</styleUrl>
        <Point>
          <coordinates>
            -93.7442702,32.456306,0
          </coordinates>
        </Point>
      </Placemark>
      <Placemark>
        <name>Heather L Howard</name>
        <description>https://www.psychologytoday.com/us/therapists/heather-l-howard-shreveport-la/963001</description>
        <styleUrl>#icon-1737-097138-labelson</styleUrl>
        <Point>
          <coordinates>
            -93.7234917,32.4562364,0
          </coordinates>
        </Point>
      </Placemark>
      <Placemark>
        <name>Lisa Stevenson, LPC</name>
        <description>https://www.psychologytoday.com/us/therapists/lisa-p-stevenson-bossier-city-la/349128</description>
        <styleUrl>#icon-1737-097138-labelson</styleUrl>
        <Point>
          <coordinates>
            -93.7475467,32.4992031,0
          </coordinates>
        </Point>
      </Placemark>
      <Placemark>
        <name>Shannon Boyce</name>
        <description>https://www.psychologytoday.com/us/therapists/shannon-boyce-choosing-change-counseling-llc-ruston-la/748971</description>
        <styleUrl>#icon-1737-097138-labelson</styleUrl>
        <Point>
          <coordinates>
            -92.6342191,32.5544261,0
          </coordinates>
        </Point>
      </Placemark>
      <Placemark>
        <name>Susan Vining</name>
        <description>https://www.psychologytoday.com/us/therapists/susan-mayes-vining-bossier-city-la/426594</description>
        <styleUrl>#icon-1737-097138-labelson</styleUrl>
        <Point>
          <coordinates>
            -93.7230135,32.5423178,0
          </coordinates>
        </Point>
      </Placemark>
      <Placemark>
        <name>Inspired Life Counseling</name>
        <description>https://www.psychologytoday.com/us/therapists/inspired-life-counseling-chico-ca/820992</description>
        <styleUrl>#icon-1737-097138-labelson</styleUrl>
        <Point>
          <coordinates>
            -121.8253096,39.7490148,0
          </coordinates>
        </Point>
      </Placemark>
      <Placemark>
        <name>Kadence Niziurski</name>
        <description>https://www.psychologytoday.com/us/therapists/kadence-niziurski-gold-river-ca/1404919</description>
        <styleUrl>#icon-1737-097138-labelson</styleUrl>
        <Point>
          <coordinates>
            -121.2608766,38.6225421,0
          </coordinates>
        </Point>
      </Placemark>
      <Placemark>
        <name>Noe Prado</name>
        <description>https://www.psychologytoday.com/us/therapists/noe-prado-south-gate-ca/1260653</description>
        <styleUrl>#icon-1737-097138-labelson</styleUrl>
        <Point>
          <coordinates>
            -118.2120161,33.954737,0
          </coordinates>
        </Point>
      </Placemark>
      <Placemark>
        <name>Sierra Therapy Center</name>
        <description>https://www.psychologytoday.com/us/therapists/sierra-therapy-center-grass-valley-ca/333527</description>
        <styleUrl>#icon-1737-097138-labelson</styleUrl>
        <Point>
          <coordinates>
            -121.0611524,39.2060844,0
          </coordinates>
        </Point>
      </Placemark>
      <Placemark>
        <name>Decinda Allen</name>
        <description>https://www.psychologytoday.com/us/therapists/decinda-allen-vallejo-ca/1185113</description>
        <styleUrl>#icon-1737-097138-labelson</styleUrl>
        <Point>
          <coordinates>
            -121.292459,38.6782547,0
          </coordinates>
        </Point>
      </Placemark>
      <Placemark>
        <name>Decinda Allen</name>
        <description>https://www.psychologytoday.com/us/therapists/decinda-allen-vallejo-ca/1185113</description>
        <styleUrl>#icon-1737-097138-labelson</styleUrl>
        <Point>
          <coordinates>
            -122.2566367,38.1040864,0
          </coordinates>
        </Point>
      </Placemark>
      <Placemark>
        <name>Kameron Kaveh</name>
        <description>https://www.psychologytoday.com/us/therapists/kameron-kaveh-fresno-ca/1108626</description>
        <styleUrl>#icon-1737-097138-labelson</styleUrl>
        <Point>
          <coordinates>
            -119.7871247,36.7377981,0
          </coordinates>
        </Point>
      </Placemark>
      <Placemark>
        <name>Kameron Kaveh</name>
        <description>https://www.psychologytoday.com/us/therapists/kameron-kaveh-fresno-ca/1108626</description>
        <styleUrl>#icon-1737-097138-labelson</styleUrl>
        <Point>
          <coordinates>
            -117.9047429,33.6638439,0
          </coordinates>
        </Point>
      </Placemark>
      <Placemark>
        <name>Mark Hayman-Martinez</name>
        <description>https://www.psychologytoday.com/us/therapists/mark-hayman-martinez-folsom-ca/1242815</description>
        <styleUrl>#icon-1737-097138-labelson</styleUrl>
        <Point>
          <coordinates>
            -121.1612945,38.6719495,0
          </coordinates>
        </Point>
      </Placemark>
      <Placemark>
        <name>Stephanie Fischer</name>
        <description>https://www.psychologytoday.com/us/therapists/stephanie-c-fischer-mft-sep-yuba-city-ca/369804</description>
        <styleUrl>#icon-1737-097138-labelson</styleUrl>
        <Point>
          <coordinates>
            -121.6299849,39.1449268,0
          </coordinates>
        </Point>
      </Placemark>
      <Placemark>
        <name>Desirae Giraldes</name>
        <description>https://www.psychologytoday.com/us/therapists/desirae-giraldes-lake-elsinore-ca/1103967</description>
        <styleUrl>#icon-1737-097138-labelson</styleUrl>
        <Point>
          <coordinates>
            -117.3276917,33.6680447,0
          </coordinates>
        </Point>
      </Placemark>
      <Placemark>
        <name>Nancy Garcia</name>
        <description>https://www.psychologytoday.com/us/therapists/nancy-garcia-huntington-beach-ca/1080169</description>
        <styleUrl>#icon-1737-097138-labelson</styleUrl>
        <Point>
          <coordinates>
            -121.2907796,37.9577016,0
          </coordinates>
        </Point>
      </Placemark>
      <Placemark>
        <name>Nancy Garcia</name>
        <description>https://www.psychologytoday.com/us/therapists/nancy-garcia-huntington-beach-ca/1080169</description>
        <styleUrl>#icon-1737-097138-labelson</styleUrl>
        <Point>
          <coordinates>
            -117.9988026,33.6594835,0
          </coordinates>
        </Point>
      </Placemark>
      <Placemark>
        <name>Nastacia Parham</name>
        <description>https://www.psychologytoday.com/us/therapists/nastacia-parham-livermore-ca/1214075</description>
        <styleUrl>#icon-1737-097138-labelson</styleUrl>
        <Point>
          <coordinates>
            -121.2257818,38.6785145,0
          </coordinates>
        </Point>
      </Placemark>
      <Placemark>
        <name>Nastacia Parham</name>
        <description>https://www.psychologytoday.com/us/therapists/nastacia-parham-livermore-ca/1214075</description>
        <styleUrl>#icon-1737-097138-labelson</styleUrl>
        <Point>
          <coordinates>
            -121.7684732,37.6818688,0
          </coordinates>
        </Point>
      </Placemark>
      <Placemark>
        <name>Ekaterini Angelis</name>
        <description>https://www.psychologytoday.com/us/therapists/ekaterini-angelis-san-fernando-ca/1323388</description>
        <styleUrl>#icon-1737-097138-labelson</styleUrl>
        <Point>
          <coordinates>
            -121.2880059,38.7521235,0
          </coordinates>
        </Point>
      </Placemark>
      <Placemark>
        <name>Ekaterini Angelis</name>
        <description>https://www.psychologytoday.com/us/therapists/ekaterini-angelis-san-fernando-ca/1323388</description>
        <styleUrl>#icon-1737-097138-labelson</styleUrl>
        <Point>
          <coordinates>
            -118.4389719,34.2819461,0
          </coordinates>
        </Point>
      </Placemark>
      <Placemark>
        <name>Danielle Dyer</name>
        <description>https://www.psychologytoday.com/us/therapists/danielle-dyer-ceres-ca/1214227</description>
        <styleUrl>#icon-1737-097138-labelson</styleUrl>
        <Point>
          <coordinates>
            -123.2077831,39.1501709,0
          </coordinates>
        </Point>
      </Placemark>
      <Placemark>
        <name>Danielle Dyer</name>
        <description>https://www.psychologytoday.com/us/therapists/danielle-dyer-ceres-ca/1214227</description>
        <styleUrl>#icon-1737-097138-labelson</styleUrl>
        <Point>
          <coordinates>
            -120.9568815,37.5947202,0
          </coordinates>
        </Point>
      </Placemark>
      <Placemark>
        <name>Michele Richter</name>
        <description>https://www.psychologytoday.com/us/therapists/michele-richter-roseville-ca/1092159</description>
        <styleUrl>#icon-1737-097138-labelson</styleUrl>
        <Point>
          <coordinates>
            -121.2970802,38.7538314,0
          </coordinates>
        </Point>
      </Placemark>
      <Placemark>
        <name>Michele Richter</name>
        <description>https://www.psychologytoday.com/us/therapists/michele-richter-roseville-ca/1092159</description>
        <styleUrl>#icon-1737-097138-labelson</styleUrl>
        <Point>
          <coordinates>
            -117.2519797,33.2035891,0
          </coordinates>
        </Point>
      </Placemark>
      <Placemark>
        <name>Blake Kerr</name>
        <description>https://www.psychologytoday.com/us/therapists/blake-kerr-garden-grove-ca/966786</description>
        <styleUrl>#icon-1737-097138-labelson</styleUrl>
        <Point>
          <coordinates>
            -121.0671794,39.2159588,0
          </coordinates>
        </Point>
      </Placemark>
      <Placemark>
        <name>Blake Kerr</name>
        <description>https://www.psychologytoday.com/us/therapists/blake-kerr-garden-grove-ca/966786</description>
        <styleUrl>#icon-1737-097138-labelson</styleUrl>
        <Point>
          <coordinates>
            -117.9607233,33.7753985,0
          </coordinates>
        </Point>
      </Placemark>
      <Placemark>
        <name>Ryan Tieu</name>
        <description>https://www.psychologytoday.com/us/therapists/ryan-tieu-fresno-ca/1223522</description>
        <styleUrl>#icon-1737-097138-labelson</styleUrl>
        <Point>
          <coordinates>
            -119.8058911,36.7966506,0
          </coordinates>
        </Point>
      </Placemark>
      <Placemark>
        <name>Ryan Tieu</name>
        <description>https://www.psychologytoday.com/us/therapists/ryan-tieu-fresno-ca/1223522</description>
        <styleUrl>#icon-1737-097138-labelson</styleUrl>
        <Point>
          <coordinates>
            -117.3923182,33.9714343,0
          </coordinates>
        </Point>
      </Placemark>
      <Placemark>
        <name><![CDATA[Lumen Health & Psychological Services Inc. - R. Ryan Gunton]]></name>
        <description>https://www.psychologytoday.com/us/therapists/r-ryan-gunton-citrus-heights-ca/203618</description>
        <styleUrl>#icon-1737-097138-labelson</styleUrl>
        <Point>
          <coordinates>
            -121.2917442,38.7190545,0
          </coordinates>
        </Point>
      </Placemark>
      <Placemark>
        <name>Lumen Health and Psychological Services - R. Ryan Gunton</name>
        <description>https://www.psychologytoday.com/us/therapists/kristen-nurkowski-hanford-ca/1150192</description>
        <styleUrl>#icon-1737-097138-labelson</styleUrl>
        <Point>
          <coordinates>
            -121.4116139,38.6093816,0
          </coordinates>
        </Point>
      </Placemark>
      <Placemark>
        <name>Kristen Nurkowski</name>
        <description>https://www.psychologytoday.com/us/therapists/kristen-nurkowski-hanford-ca/1150192</description>
        <styleUrl>#icon-1737-097138-labelson</styleUrl>
        <Point>
          <coordinates>
            -119.6466141,36.3389239,0
          </coordinates>
        </Point>
      </Placemark>
      <Placemark>
        <name>Kristen Nurkowski</name>
        <description>https://www.psychologytoday.com/us/therapists/kristen-nurkowski-hanford-ca/1150192</description>
        <styleUrl>#icon-1737-097138-labelson</styleUrl>
        <Point>
          <coordinates>
            -121.3039467,38.761997,0
          </coordinates>
        </Point>
      </Placemark>
      <Placemark>
        <name>Maria Campos De Ponce</name>
        <description>https://www.psychologytoday.com/us/therapists/maria-campos-de-ponce-san-diego-ca/1331134</description>
        <styleUrl>#icon-1737-097138-labelson</styleUrl>
        <Point>
          <coordinates>
            -119.8276389,34.4358294,0
          </coordinates>
        </Point>
      </Placemark>
      <Placemark>
        <name>Maria Campos De Ponce</name>
        <description>https://www.psychologytoday.com/us/therapists/maria-campos-de-ponce-san-diego-ca/1331134</description>
        <styleUrl>#icon-1737-097138-labelson</styleUrl>
        <Point>
          <coordinates>
            -117.0567934,32.7128574,0
          </coordinates>
        </Point>
      </Placemark>
      <Placemark>
        <name>Jaida Paolini</name>
        <description>https://www.psychologytoday.com/us/therapists/jaida-paolini-boulder-co/782457</description>
        <styleUrl>#icon-1737-097138-labelson</styleUrl>
        <Point>
          <coordinates>
            -105.278773,40.0210953,0
          </coordinates>
        </Point>
      </Placemark>
      <Placemark>
        <name>Mackenzie Clough</name>
        <description>https://www.psychologytoday.com/us/therapists/mackenzie-clough-westminster-co/877662</description>
        <styleUrl>#icon-1737-097138-labelson</styleUrl>
        <Point>
          <coordinates>
            -105.0467253,39.8327735,0
          </coordinates>
        </Point>
      </Placemark>
      <Placemark>
        <name>Westside Behavioral Care</name>
        <description>https://www.psychologytoday.com/us/therapists/westside-behavioral-care-therapists-in-lakewood-lakewood-co/764035</description>
        <styleUrl>#icon-1737-097138-labelson</styleUrl>
        <Point>
          <coordinates>
            -105.110035,39.7468157,0
          </coordinates>
        </Point>
      </Placemark>
      <Placemark>
        <name>Assessing Alternatives Counseling - Allison McCue-Napoli</name>
        <description><![CDATA[https://www.psychologytoday.com/us/therapists/assessing-alternatives-counseling-arvada-co/1080004<br><br>https://www.psychologytoday.com/us/therapists/allison-l-mccue-napoli-arvada-co/469415]]></description>
        <styleUrl>#icon-1737-097138-labelson</styleUrl>
        <Point>
          <coordinates>
            -105.1364943,39.7955565,0
          </coordinates>
        </Point>
      </Placemark>
      <Placemark>
        <name>Westside Behavioral Care</name>
        <description>https://www.psychologytoday.com/us/therapists/westside-behavioral-care-denver-co/120445</description>
        <styleUrl>#icon-1737-097138-labelson</styleUrl>
        <Point>
          <coordinates>
            -104.9966411,39.7502211,0
          </coordinates>
        </Point>
      </Placemark>
      <Placemark>
        <name>Annabelle Denmark</name>
        <description>https://www.psychologytoday.com/us/therapists/annabelle-denmark-lakewood-co/1292735</description>
        <styleUrl>#icon-1737-097138-labelson</styleUrl>
        <Point>
          <coordinates>
            -105.0977527,39.7038073,0
          </coordinates>
        </Point>
      </Placemark>
      <Placemark>
        <name>Annabelle Denmark</name>
        <description>https://www.psychologytoday.com/us/therapists/annabelle-denmark-lakewood-co/1292735</description>
        <styleUrl>#icon-1737-097138-labelson</styleUrl>
        <Point>
          <coordinates>
            -105.0920602,39.8122244,0
          </coordinates>
        </Point>
      </Placemark>
      <Placemark>
        <name><![CDATA[Family Care Center - Sloan's Lake - Shauna Ruda, Joshua Sanders, Shira Hecht]]></name>
        <description><![CDATA[https://www.psychologytoday.com/us/therapists/shauna-ruda-denver-co/1008970<br><br>https://www.psychologytoday.com/us/therapists/joshua-sanders-denver-co/991854<br><br>https://www.psychologytoday.com/us/therapists/shira-hecht-denver-co/1009629]]></description>
        <styleUrl>#icon-1737-097138-labelson</styleUrl>
        <Point>
          <coordinates>
            -105.0419516,39.741319,0
          </coordinates>
        </Point>
      </Placemark>
      <Placemark>
        <name>Assessing Alternative Counseling - Allison McCue-Napoli</name>
        <description><![CDATA[https://www.psychologytoday.com/us/therapists/assessing-alternatives-counseling-arvada-co/980699<br><br>https://www.psychologytoday.com/us/therapists/allison-l-mccue-napoli-arvada-co/469415]]></description>
        <styleUrl>#icon-1737-097138-labelson</styleUrl>
        <Point>
          <coordinates>
            -105.0822026,39.6752651,0
          </coordinates>
        </Point>
      </Placemark>
      <Placemark>
        <name>Evans Counseling Group</name>
        <description>https://www.psychologytoday.com/us/therapists/evans-counseling-group-denver-co/188834</description>
        <styleUrl>#icon-1737-097138-labelson</styleUrl>
        <Point>
          <coordinates>
            -104.9427625,39.6847885,0
          </coordinates>
        </Point>
      </Placemark>
      <Placemark>
        <name>Evans Counseling Group-Denver Highlands</name>
        <description>https://www.psychologytoday.com/us/therapists/evans-counseling-group-denver-co/188834</description>
        <styleUrl>#icon-1737-097138-labelson</styleUrl>
        <Point>
          <coordinates>
            -105.0163387,39.7535932,0
          </coordinates>
        </Point>
      </Placemark>
      <Placemark>
        <name>Maryah Harding</name>
        <description>https://www.psychologytoday.com/us/therapists/maryah-harding-chadron-ne/458250</description>
        <styleUrl>#icon-1737-097138-labelson</styleUrl>
        <Point>
          <coordinates>
            -103.0104658,42.8277824,0
          </coordinates>
        </Point>
      </Placemark>
      <Placemark>
        <name>Gregory Sayre</name>
        <description>https://www.psychologytoday.com/us/therapists/gregory-sayre-denver-co/1174044</description>
        <styleUrl>#icon-1737-097138-labelson</styleUrl>
        <Point>
          <coordinates>
            -105.0419258,39.7412981,0
          </coordinates>
        </Point>
      </Placemark>
      <Placemark>
        <name>Silver Lake Psychology</name>
        <description>https://www.psychologytoday.com/us/therapists/silver-lake-psychology-denver-co/835193</description>
        <styleUrl>#icon-1737-097138-labelson</styleUrl>
        <Point>
          <coordinates>
            -104.987072,39.7421313,0
          </coordinates>
        </Point>
      </Placemark>
      <Placemark>
        <name>Desert Wise</name>
        <description>https://www.psychologytoday.com/us/therapists/desert-wise-albuquerque-nm/914453</description>
        <styleUrl>#icon-1737-097138-labelson</styleUrl>
        <Point>
          <coordinates>
            -106.533267,35.0921596,0
          </coordinates>
        </Point>
      </Placemark>
      <Placemark>
        <name>The Or Factor - Kimberly Byrne</name>
        <description>https://www.psychologytoday.com/us/therapists/kimberly-byrne-roswell-nm/762526</description>
        <styleUrl>#icon-1737-097138-labelson</styleUrl>
        <Point>
          <coordinates>
            -104.5266577,33.3970103,0
          </coordinates>
        </Point>
      </Placemark>
      <Placemark>
        <name>The Or Factor Kimberly Byrne</name>
        <description>https://www.psychologytoday.com/us/therapists/kimberly-byrne-roswell-nm/762526</description>
        <styleUrl>#icon-1737-097138-labelson</styleUrl>
        <Point>
          <coordinates>
            -101.9042835,33.4983178,0
          </coordinates>
        </Point>
      </Placemark>
      <Placemark>
        <name>Krystal Serpas</name>
        <description>https://www.psychologytoday.com/us/therapists/krystal-serpas-steens-ms/1365116</description>
        <styleUrl>#icon-1737-097138-labelson</styleUrl>
        <Point>
          <coordinates>
            -88.3176069,33.5656933,0
          </coordinates>
        </Point>
      </Placemark>
      <Placemark>
        <name>KS Hudgins Professional Counseling and Consulting Group, LLC</name>
        <description>https://www.psychologytoday.com/us/therapists/kimberly-shelton-hudgins-columbus-ms/1018423</description>
        <styleUrl>#icon-1737-097138-labelson</styleUrl>
        <Point>
          <coordinates>
            -88.4279554,33.4931886,0
          </coordinates>
        </Point>
      </Placemark>
      <Placemark>
        <name>Todd Hendrix</name>
        <description>https://www.psychologytoday.com/us/therapists/todd-tj-hendrix-oxford-ms/1179033</description>
        <styleUrl>#icon-1737-097138-labelson</styleUrl>
        <Point>
          <coordinates>
            -89.5718743,34.3647984,0
          </coordinates>
        </Point>
      </Placemark>
      <Placemark>
        <name>Julia M-Lopez Winkel</name>
        <description>https://www.psychologytoday.com/us/therapists/julia-m-lopez-winkel-north-las-vegas-nv/1240410</description>
        <styleUrl>#icon-1737-097138-labelson</styleUrl>
        <Point>
          <coordinates>
            -115.1140284,36.2119407,0
          </coordinates>
        </Point>
      </Placemark>
      <Placemark>
        <name>Julia M-Lopez Winkel</name>
        <description>https://www.psychologytoday.com/us/therapists/julia-m-lopez-winkel-north-las-vegas-nv/1240410</description>
        <styleUrl>#icon-1737-097138-labelson</styleUrl>
        <Point>
          <coordinates>
            -114.9984087,36.0543194,0
          </coordinates>
        </Point>
      </Placemark>
      <Placemark>
        <name>Christina Lopez</name>
        <description>https://www.psychologytoday.com/us/therapists/christina-lopez-las-vegas-nv/327555</description>
        <styleUrl>#icon-1737-097138-labelson</styleUrl>
        <Point>
          <coordinates>
            -115.227751,36.2138224,0
          </coordinates>
        </Point>
      </Placemark>
      <Placemark>
        <name>Insight Therapy Solutions - Dr. Erick Arguello</name>
        <description>https://www.psychologytoday.com/us/therapists/erick-arguello-las-vegas-nv/794987</description>
        <styleUrl>#icon-1737-097138-labelson</styleUrl>
        <Point>
          <coordinates>
            -115.1788187,36.146167,0
          </coordinates>
        </Point>
      </Placemark>
      <Placemark>
        <name>Insight Therapy Center Erick Arguello</name>
        <description>https://www.psychologytoday.com/us/therapists/erick-arguello-las-vegas-nv/794987</description>
        <styleUrl>#icon-1737-097138-labelson</styleUrl>
        <Point>
          <coordinates>
            -115.1401406,36.1907218,0
          </coordinates>
        </Point>
      </Placemark>
      <Placemark>
        <name>Dr. Laura Deitsch</name>
        <description>https://www.psychologytoday.com/us/therapists/laura-deitsch-las-vegas-nv/140204</description>
        <styleUrl>#icon-1737-097138-labelson</styleUrl>
        <Point>
          <coordinates>
            -115.1314699,36.2404809,0
          </coordinates>
        </Point>
      </Placemark>
      <Placemark>
        <name>Jane Heenan</name>
        <description>https://www.psychologytoday.com/us/therapists/jane-heenan-las-vegas-nv/199353</description>
        <styleUrl>#icon-1737-097138-labelson</styleUrl>
        <Point>
          <coordinates>
            -115.2534055,36.2046007,0
          </coordinates>
        </Point>
      </Placemark>
      <Placemark>
        <name>Deborah Oberman</name>
        <description>https://www.psychologytoday.com/us/therapists/deborah-a-oberman-waterbury-ct/112601</description>
        <styleUrl>#icon-1737-097138-labelson</styleUrl>
        <Point>
          <coordinates>
            -115.0414556,36.1252283,0
          </coordinates>
        </Point>
      </Placemark>
      <Placemark>
        <name>Deborah Oberman</name>
        <description>https://www.psychologytoday.com/us/therapists/deborah-a-oberman-waterbury-ct/112601</description>
        <styleUrl>#icon-1737-097138-labelson</styleUrl>
        <Point>
          <coordinates>
            -73.0557892,41.5462889,0
          </coordinates>
        </Point>
      </Placemark>
      <Placemark>
        <name>Tessa Stine</name>
        <description>https://www.psychologytoday.com/us/therapists/tessa-stine-las-vegas-nv/1257129</description>
        <styleUrl>#icon-1737-097138-labelson</styleUrl>
        <Point>
          <coordinates>
            -115.093666,36.1239468,0
          </coordinates>
        </Point>
      </Placemark>
      <Placemark>
        <name>Life Change Therapy LLC</name>
        <description>https://www.psychologytoday.com/us/therapists/life-change-therapy-llc-las-vegas-nv/805681</description>
        <styleUrl>#icon-1737-097138-labelson</styleUrl>
        <Point>
          <coordinates>
            -115.2304131,36.2576752,0
          </coordinates>
        </Point>
      </Placemark>
      <Placemark>
        <name>Milagros Severin-Ruiz</name>
        <description>https://www.psychologytoday.com/us/therapists/milagros-severin-ruiz-las-vegas-nv/380605</description>
        <styleUrl>#icon-1737-097138-labelson</styleUrl>
        <Point>
          <coordinates>
            -115.2792271,36.1987734,0
          </coordinates>
        </Point>
      </Placemark>
      <Placemark>
        <name>Letty Fields Comprehensive Gender Services</name>
        <description>https://www.psychologytoday.com/us/therapists/arizonanationwide-comprehensive-gender-services-tucson-az/287664</description>
        <styleUrl>#icon-1737-097138-labelson</styleUrl>
        <Point>
          <coordinates>
            -110.9726911,32.2859996,0
          </coordinates>
        </Point>
      </Placemark>
      <Placemark>
        <name>Counseling Consulting, LLC</name>
        <description>https://www.psychologytoday.com/us/therapists/counseling-consulting-llc-tucson-az/805712</description>
        <styleUrl>#icon-1737-097138-labelson</styleUrl>
        <Point>
          <coordinates>
            -110.8816211,32.2178878,0
          </coordinates>
        </Point>
      </Placemark>
      <Placemark>
        <name>HeartShift Counseling</name>
        <description>https://www.psychologytoday.com/us/therapists/heartshift-counseling-tucson-az/419512</description>
        <styleUrl>#icon-1737-097138-labelson</styleUrl>
        <Point>
          <coordinates>
            -110.9563916,32.2922897,0
          </coordinates>
        </Point>
      </Placemark>
      <Placemark>
        <name>Entune Behavioral Health - Amber Moriconi</name>
        <description><![CDATA[https://www.psychologytoday.com/us/therapists/entune-behavioral-health-tucson-az/952656<br><br>https://www.psychologytoday.com/us/therapists/amber-moriconi-tucson-az/1285486]]></description>
        <styleUrl>#icon-1737-097138-labelson</styleUrl>
        <Point>
          <coordinates>
            -110.8736469,32.2480209,0
          </coordinates>
        </Point>
      </Placemark>
      <Placemark>
        <name>Entune Behavioral Health - Amber Moriconi</name>
        <description><![CDATA[https://www.psychologytoday.com/us/therapists/entune-behavioral-health-tucson-az/952656<br><br>https://www.psychologytoday.com/us/therapists/amber-moriconi-tucson-az/1285486]]></description>
        <styleUrl>#icon-1737-097138-labelson</styleUrl>
        <Point>
          <coordinates>
            -110.8573684,32.2438812,0
          </coordinates>
        </Point>
      </Placemark>
      <Placemark>
        <name>Pathways to Connection, LLC</name>
        <description>https://www.psychologytoday.com/us/therapists/pathways-to-connection-llc-peoria-az/739000</description>
        <styleUrl>#icon-1737-097138-labelson</styleUrl>
        <Point>
          <coordinates>
            -112.2503239,33.5704697,0
          </coordinates>
        </Point>
      </Placemark>
      <Placemark>
        <name>Arizona Family Therapy, LLC - Jody Cummins</name>
        <description>https://www.psychologytoday.com/us/therapists/jody-cummins-tucson-az/1129678</description>
        <styleUrl>#icon-1737-097138-labelson</styleUrl>
        <Point>
          <coordinates>
            -110.9364599,32.2421472,0
          </coordinates>
        </Point>
      </Placemark>
      <Placemark>
        <name>Adam Cerami</name>
        <description>https://www.psychologytoday.com/us/therapists/adam-cerami-tucson-az/1326210</description>
        <styleUrl>#icon-1737-097138-labelson</styleUrl>
        <Point>
          <coordinates>
            -110.9255722,32.23455,0
          </coordinates>
        </Point>
      </Placemark>
      <Placemark>
        <name>Innervision</name>
        <description>https://www.psychologytoday.com/us/therapists/innervision-counseling-tucson-az/1000889</description>
        <styleUrl>#icon-1737-097138-labelson</styleUrl>
        <Point>
          <coordinates>
            -110.8937829,32.2337544,0
          </coordinates>
        </Point>
      </Placemark>
      <Placemark>
        <name>Rob Zonfrelli</name>
        <description>https://www.psychologytoday.com/us/therapists/rob-zonfrelli-tucson-az/365429</description>
        <styleUrl>#icon-1737-097138-labelson</styleUrl>
        <Point>
          <coordinates>
            -110.7683859,32.1553383,0
          </coordinates>
        </Point>
      </Placemark>
      <Placemark>
        <name>Christine Heinsich, Two Wings Therapy</name>
        <description>https://www.psychologytoday.com/us/therapists/christine-heinisch-tucson-az/218064</description>
        <styleUrl>#icon-1737-097138-labelson</styleUrl>
        <Point>
          <coordinates>
            -110.9689853,32.2319085,0
          </coordinates>
        </Point>
      </Placemark>
      <Placemark>
        <name>Hope Rising Health Services - Sue Katzmire</name>
        <description>https://www.psychologytoday.com/us/therapists/sue-katzmire-newark-de/369777</description>
        <styleUrl>#icon-1737-097138-labelson</styleUrl>
        <Point>
          <coordinates>
            -75.7418469,39.6841078,0
          </coordinates>
        </Point>
      </Placemark>
      <Placemark>
        <name>Ilyssa Boseski</name>
        <description>https://www.psychologytoday.com/us/therapists/ilyssa-boseski-wilmington-de/739187</description>
        <styleUrl>#icon-1737-097138-labelson</styleUrl>
        <Point>
          <coordinates>
            -75.4855948,39.7879924,0
          </coordinates>
        </Point>
      </Placemark>
      <Placemark>
        <name>Futrell Counseling and Consulting LLC</name>
        <description>https://www.psychologytoday.com/us/therapists/futrell-counseling-consulting-llc-dover-de/935171</description>
        <styleUrl>#icon-1737-097138-labelson</styleUrl>
        <Point>
          <coordinates>
            -75.5363809,39.1586898,0
          </coordinates>
        </Point>
      </Placemark>
      <Placemark>
        <name>Kristen Pitzer</name>
        <description>https://www.psychologytoday.com/us/therapists/kristen-pitzer-abilene-tx/363387</description>
        <styleUrl>#icon-1737-097138-labelson</styleUrl>
        <Point>
          <coordinates>
            -99.6564092,32.3249863,0
          </coordinates>
        </Point>
      </Placemark>
      <Placemark>
        <name>Roy Benjamin Morrison</name>
        <description>https://www.psychologytoday.com/us/therapists/roy-benjamin-morrison-abilene-tx/65001</description>
        <styleUrl>#icon-1737-097138-labelson</styleUrl>
        <Point>
          <coordinates>
            -99.7655496,32.4535614,0
          </coordinates>
        </Point>
      </Placemark>
      <Placemark>
        <name>David Eugene Stuckey</name>
        <description>https://www.psychologytoday.com/us/therapists/david-eugene-stuckey-abilene-tx/489645</description>
        <styleUrl>#icon-1737-097138-labelson</styleUrl>
        <Point>
          <coordinates>
            -99.7341541,32.4482858,0
          </coordinates>
        </Point>
      </Placemark>
      <Placemark>
        <name>Lovell Counseling Services</name>
        <description>https://www.psychologytoday.com/us/therapists/lovell-counseling-services-pc-stephenville-tx/266563</description>
        <styleUrl>#icon-1737-097138-labelson</styleUrl>
        <Point>
          <coordinates>
            -98.1975695,32.2227307,0
          </coordinates>
        </Point>
      </Placemark>
      <Placemark>
        <name>Village Therapy</name>
        <description>https://www.psychologytoday.com/us/therapists/village-therapy-san-angelo-tx/968075</description>
        <styleUrl>#icon-1737-097138-labelson</styleUrl>
        <Point>
          <coordinates>
            -100.4508956,31.4846812,0
          </coordinates>
        </Point>
      </Placemark>
      <Placemark>
        <name>New leaf services</name>
        <description>https://www.psychologytoday.com/us/therapists/new-leaf-services-llc-granbury-tx/323759</description>
        <styleUrl>#icon-1737-097138-labelson</styleUrl>
        <Point>
          <coordinates>
            -97.7629349,32.4368227,0
          </coordinates>
        </Point>
      </Placemark>
      <Placemark>
        <name>Shaina Fawn</name>
        <description>https://www.psychologytoday.com/us/therapists/shaina-gonzales-bakersfield-ca/1291299</description>
        <styleUrl>#icon-1737-097138-labelson</styleUrl>
        <Point>
          <coordinates>
            -118.7897558,35.4516124,0
          </coordinates>
        </Point>
      </Placemark>
      <Placemark>
        <name>Jessica Gilligan</name>
        <description>https://www.psychologytoday.com/us/therapists/jessica-gilligan-bakersfield-ca/1163332</description>
        <styleUrl>#icon-1737-097138-labelson</styleUrl>
        <Point>
          <coordinates>
            -119.0576298,35.3515611,0
          </coordinates>
        </Point>
      </Placemark>
      <Placemark>
        <name>April Jannise</name>
        <description>https://www.psychologytoday.com/us/therapists/april-jannise-bakersfield-ca/1227040</description>
        <styleUrl>#icon-1737-097138-labelson</styleUrl>
        <Point>
          <coordinates>
            -117.2970026,34.1402037,0
          </coordinates>
        </Point>
      </Placemark>
      <Placemark>
        <name>Alicia Aguirre</name>
        <description>https://www.psychologytoday.com/us/therapists/alicia-aguirre-bakersfield-ca/1049911</description>
        <styleUrl>#icon-1737-097138-labelson</styleUrl>
        <Point>
          <coordinates>
            -119.0168962,35.3873576,0
          </coordinates>
        </Point>
      </Placemark>
      <Placemark>
        <name>Kristina Holt-Reber</name>
        <description>https://www.psychologytoday.com/us/therapists/kristina-holt-reber-bakersfield-ca/1185308</description>
        <styleUrl>#icon-1737-097138-labelson</styleUrl>
        <Point>
          <coordinates>
            -118.9062794,35.5217431,0
          </coordinates>
        </Point>
      </Placemark>
      <Placemark>
        <name>Edlord Posadas</name>
        <description>https://www.psychologytoday.com/us/therapists/edlord-posadas-los-angeles-ca/1285330</description>
        <styleUrl>#icon-1737-097138-labelson</styleUrl>
        <Point>
          <coordinates>
            -118.2585096,34.0796167,0
          </coordinates>
        </Point>
      </Placemark>
      <Placemark>
        <name>Robin Chancer</name>
        <description>https://www.psychologytoday.com/us/therapists/robin-chancer-los-angeles-ca/1081279</description>
        <styleUrl>#icon-1737-097138-labelson</styleUrl>
        <Point>
          <coordinates>
            -118.8130675,35.0626492,0
          </coordinates>
        </Point>
      </Placemark>
      <Placemark>
        <name>Kelly Lloyd</name>
        <description>https://www.psychologytoday.com/us/therapists/kelly-lloyd-sylmar-ca/1094791</description>
        <styleUrl>#icon-1737-097138-labelson</styleUrl>
        <Point>
          <coordinates>
            -119.1623231,35.7949326,0
          </coordinates>
        </Point>
      </Placemark>
      <Placemark>
        <name>Jacqueline Johnson</name>
        <description>https://www.psychologytoday.com/us/therapists/jacqueline-johnson-long-beach-ca/998200</description>
        <styleUrl>#icon-1737-097138-labelson</styleUrl>
        <Point>
          <coordinates>
            -119.1623231,35.7949326,0
          </coordinates>
        </Point>
      </Placemark>
      <Placemark>
        <name>Therapeutic Time Inc</name>
        <description><![CDATA[Dr. Trisha Rich-Thurm<br><br>https://www.psychologytoday.com/us/therapists/trisha-rich-thurm-palmdale-ca/116397]]></description>
        <styleUrl>#icon-1737-097138-labelson</styleUrl>
        <Point>
          <coordinates>
            -118.1492709,34.6429988,0
          </coordinates>
        </Point>
      </Placemark>
      <Placemark>
        <name>Kristen Nurkowski</name>
        <description>https://www.psychologytoday.com/us/therapists/kristen-nurkowski-hanford-ca/1150192</description>
        <styleUrl>#icon-1737-097138-labelson</styleUrl>
        <Point>
          <coordinates>
            -119.6499162,36.2808234,0
          </coordinates>
        </Point>
      </Placemark>
      <Placemark>
        <name>Aliyah Payne</name>
        <description>https://www.psychologytoday.com/us/therapists/aliyah-payne-mission-viejo-ca/1003519</description>
        <styleUrl>#icon-1737-097138-labelson</styleUrl>
        <Point>
          <coordinates>
            -117.6728185,33.6062809,0
          </coordinates>
        </Point>
      </Placemark>
      <Placemark>
        <name>Evelyn Alicea-Samaniego</name>
        <description>https://www.psychologytoday.com/us/therapists/evelyn-alicea-samaniego-montebello-ca/1203856</description>
        <styleUrl>#icon-1737-097138-labelson</styleUrl>
        <Point>
          <coordinates>
            -118.1064156,34.0149091,0
          </coordinates>
        </Point>
      </Placemark>
      <Placemark>
        <name>Karen Miller</name>
        <description>https://www.psychologytoday.com/us/therapists/karen-miller-northridge-ca/1338150</description>
        <styleUrl>#icon-1737-097138-labelson</styleUrl>
        <Point>
          <coordinates>
            -118.5622893,34.2894584,0
          </coordinates>
        </Point>
      </Placemark>
      <Placemark>
        <name>Lisa Miller</name>
        <description>https://www.psychologytoday.com/us/therapists/lisa-miller-los-angeles-ca/1215427</description>
        <styleUrl>#icon-1737-097138-labelson</styleUrl>
        <Point>
          <coordinates>
            -118.2818967,34.002058,0
          </coordinates>
        </Point>
      </Placemark>
      <Placemark>
        <name>Rosalind Daniel</name>
        <description>https://www.psychologytoday.com/us/therapists/rosalind-daniel-pico-rivera-ca/1150667</description>
        <styleUrl>#icon-1737-097138-labelson</styleUrl>
        <Point>
          <coordinates>
            -118.0947106,33.9870228,0
          </coordinates>
        </Point>
      </Placemark>
      <Placemark>
        <name>Adrienne Parker-Morano</name>
        <description>https://www.psychologytoday.com/us/therapists/adrienne-parker-morano-garden-grove-ca/1114622</description>
        <styleUrl>#icon-1737-097138-labelson</styleUrl>
        <Point>
          <coordinates>
            -117.9776173,33.7897841,0
          </coordinates>
        </Point>
      </Placemark>
      <Placemark>
        <name>Elizabeth Mour</name>
        <description>https://www.psychologytoday.com/us/therapists/elizabeth-mour-sanger-ca/979907</description>
        <styleUrl>#icon-1737-097138-labelson</styleUrl>
        <Point>
          <coordinates>
            -119.4411476,36.7916817,0
          </coordinates>
        </Point>
      </Placemark>
      <Placemark>
        <name>Catherine Harris</name>
        <description>https://www.psychologytoday.com/us/therapists/catherine-harris-sonoma-ca/1217466</description>
        <styleUrl>#icon-1737-097138-labelson</styleUrl>
        <Point>
          <coordinates>
            -122.4693688,38.2315738,0
          </coordinates>
        </Point>
      </Placemark>
      <Placemark>
        <name>Stepping Stones Professional Counseling</name>
        <description><![CDATA[Regina Bright<br><br>https://www.psychologytoday.com/us/therapists/regina-bright-fort-walton-beach-fl/97033]]></description>
        <styleUrl>#icon-1737-097138-labelson</styleUrl>
        <Point>
          <coordinates>
            -86.6543655,30.4114627,0
          </coordinates>
        </Point>
      </Placemark>
      <Placemark>
        <name>Piedmont Place Health and Wellness</name>
        <description><![CDATA[David M. Zimmerman<br><br>https://www.psychologytoday.com/us/therapists/david-m-zimmerman-pensacola-fl/104716]]></description>
        <styleUrl>#icon-1737-097138-labelson</styleUrl>
        <Point>
          <coordinates>
            -87.1899433,30.4930442,0
          </coordinates>
        </Point>
      </Placemark>
      <Placemark>
        <name>Michelle Long</name>
        <description>https://www.psychologytoday.com/us/therapists/michelle-long-crestview-fl/1024438</description>
        <styleUrl>#icon-1737-097138-labelson</styleUrl>
        <Point>
          <coordinates>
            -86.5688088,30.7666942,0
          </coordinates>
        </Point>
      </Placemark>
      <Placemark>
        <name><![CDATA[Katie O'Brien]]></name>
        <description>https://www.psychologytoday.com/us/therapists/katie-obrien-shalimar-fl/736637</description>
        <styleUrl>#icon-1737-097138-labelson</styleUrl>
        <Point>
          <coordinates>
            -86.5775699,30.4475216,0
          </coordinates>
        </Point>
      </Placemark>
      <Placemark>
        <name>Marcy Calvert Thompson</name>
        <description>https://www.psychologytoday.com/us/therapists/marcy-calvert-thompson-pensacola-fl/716760</description>
        <styleUrl>#icon-1737-097138-labelson</styleUrl>
        <Point>
          <coordinates>
            -87.2126981,30.4144884,0
          </coordinates>
        </Point>
      </Placemark>
      <Placemark>
        <name>Christa Moody</name>
        <description>https://www.psychologytoday.com/us/therapists/christa-moody-ms-lmhc-ncc-cimhp-pensacola-fl/127048</description>
        <styleUrl>#icon-1737-097138-labelson</styleUrl>
        <Point>
          <coordinates>
            -87.1904171,30.4925438,0
          </coordinates>
        </Point>
      </Placemark>
      <Placemark>
        <name>Michelle Kistler</name>
        <description>https://www.psychologytoday.com/us/therapists/michelle-kistler-pensacola-fl/884002</description>
        <styleUrl>#icon-1737-097138-labelson</styleUrl>
        <Point>
          <coordinates>
            -87.2278552,30.4975589,0
          </coordinates>
        </Point>
      </Placemark>
      <Placemark>
        <name>Lisa Herring</name>
        <description>https://www.psychologytoday.com/us/therapists/lisa-herring-panama-city-fl/1131861</description>
        <styleUrl>#icon-1737-097138-labelson</styleUrl>
        <Point>
          <coordinates>
            -85.6600637,30.1564524,0
          </coordinates>
        </Point>
      </Placemark>
      <Placemark>
        <name>Dawn Nicholson</name>
        <description>https://www.psychologytoday.com/us/therapists/dawn-nicholson-pensacola-fl/1042209</description>
        <styleUrl>#icon-1737-097138-labelson</styleUrl>
        <Point>
          <coordinates>
            -87.2034888,30.4666232,0
          </coordinates>
        </Point>
      </Placemark>
      <Placemark>
        <name>Green Wave Family Wellness Center</name>
        <description><![CDATA[Janet Justice<br><br>https://www.psychologytoday.com/us/therapists/janet-justice-panama-city-fl/234645]]></description>
        <styleUrl>#icon-1737-097138-labelson</styleUrl>
        <Point>
          <coordinates>
            -85.6628517,30.1595581,0
          </coordinates>
        </Point>
      </Placemark>
      <Placemark>
        <name>Virginia Redmond</name>
        <description>https://www.psychologytoday.com/us/therapists/virginia-redmond-fairbanks-ak/975184</description>
        <styleUrl>#icon-1737-097138-labelson</styleUrl>
        <Point>
          <coordinates>
            -147.7566155,64.8356985,0
          </coordinates>
        </Point>
      </Placemark>
      <Placemark>
        <name>Larry Moen</name>
        <description>https://www.psychologytoday.com/us/therapists/lawrence-larry-moen-fairbanks-ak/285209</description>
        <styleUrl>#icon-1737-097138-labelson</styleUrl>
        <Point>
          <coordinates>
            -147.8119424,64.8453565,0
          </coordinates>
        </Point>
      </Placemark>
      <Placemark>
        <name>Counseling Collective of Alaska</name>
        <description>https://www.psychologytoday.com/us/therapists/counseling-collective-of-alaska-fairbanks-ak/1076342</description>
        <styleUrl>#icon-1737-097138-labelson</styleUrl>
        <Point>
          <coordinates>
            -147.8076281,64.8372726,0
          </coordinates>
        </Point>
      </Placemark>
      <Placemark>
        <name>GE Family Services</name>
        <description><![CDATA[Tia Kraus<br><br>https://www.psychologytoday.com/us/therapists/ge-family-services-fairbanks-ak/1261475]]></description>
        <styleUrl>#icon-1737-097138-labelson</styleUrl>
        <Point>
          <coordinates>
            -147.6944441,64.8450953,0
          </coordinates>
        </Point>
      </Placemark>
      <Placemark>
        <name><![CDATA[Quest Counseling & Wellness]]></name>
        <description><![CDATA[Sally Caldwell<br><br>https://www.psychologytoday.com/us/therapists/sally-caldwell-fairbanks-ak/270657]]></description>
        <styleUrl>#icon-1737-097138-labelson</styleUrl>
        <Point>
          <coordinates>
            -147.7597863,64.8362071,0
          </coordinates>
        </Point>
      </Placemark>
      <Placemark>
        <name>Dr. Katrina Rast</name>
        <description>https://www.psychologytoday.com/us/therapists/katrina-rast-fairbanks-ak/937834</description>
        <styleUrl>#icon-1737-097138-labelson</styleUrl>
        <Point>
          <coordinates>
            -148.3542567,64.8773986,0
          </coordinates>
        </Point>
      </Placemark>
      <Placemark>
        <name>Riverside Therapy</name>
        <description>https://www.psychologytoday.com/us/therapists/riverside-therapy-llc-fairbanks-ak/753453</description>
        <styleUrl>#icon-1737-097138-labelson</styleUrl>
        <Point>
          <coordinates>
            -147.7489363,64.8388243,0
          </coordinates>
        </Point>
      </Placemark>
      <Placemark>
        <name>Spruce Canyon Wellness</name>
        <description><![CDATA[Michele Clodfelter<br><br>https://www.psychologytoday.com/us/therapists/michele-m-clodfelder-spearfish-sd/327562]]></description>
        <styleUrl>#icon-1737-097138-labelson</styleUrl>
        <Point>
          <coordinates>
            -103.8161907,44.4752626,0
          </coordinates>
        </Point>
      </Placemark>
      <Placemark>
        <name>Jeni Rae Peters</name>
        <description>https://www.psychologytoday.com/us/therapists/jeni-rae-peters-rapid-city-sd/1220324</description>
        <styleUrl>#icon-1737-097138-labelson</styleUrl>
        <Point>
          <coordinates>
            -103.2274356,44.0780812,0
          </coordinates>
        </Point>
      </Placemark>
      <Placemark>
        <name>E. Jason Stamper</name>
        <description>https://www.psychologytoday.com/us/therapists/e-jason-stamper-rapid-city-sd/970535</description>
        <styleUrl>#icon-1737-097138-labelson</styleUrl>
        <Point>
          <coordinates>
            -103.2536778,44.0815861,0
          </coordinates>
        </Point>
      </Placemark>
      <Placemark>
        <name>Stephanie Beard</name>
        <description>https://www.psychologytoday.com/us/therapists/stephanie-beard-rapid-city-sd/1123726</description>
        <styleUrl>#icon-1737-097138-labelson</styleUrl>
        <Point>
          <coordinates>
            -103.4049445,44.0219841,0
          </coordinates>
        </Point>
      </Placemark>
      <Placemark>
        <name>Alicia Tibbs</name>
        <description>https://www.psychologytoday.com/us/therapists/alicia-tibbs-spearfish-sd/1220758</description>
        <styleUrl>#icon-1737-097138-labelson</styleUrl>
        <Point>
          <coordinates>
            -103.8887969,44.5209391,0
          </coordinates>
        </Point>
      </Placemark>
      <Placemark>
        <name>Christine Alexanian</name>
        <description>https://www.psychologytoday.com/us/therapists/christine-g-alexanian-spokane-wa/199898</description>
        <styleUrl>#icon-1737-097138-labelson</styleUrl>
        <Point>
          <coordinates>
            -117.4382248,47.6501027,0
          </coordinates>
        </Point>
      </Placemark>
      <Placemark>
        <name><![CDATA[LifeStance Therapists & Psychiatrists Spokane]]></name>
        <description>https://www.psychologytoday.com/us/therapists/lifestance-health-spokane-wa/1406997</description>
        <styleUrl>#icon-1737-097138-labelson</styleUrl>
        <Point>
          <coordinates>
            -117.422607,47.659798,0
          </coordinates>
        </Point>
      </Placemark>
      <Placemark>
        <name>Charmed Counseling</name>
        <description>https://www.psychologytoday.com/us/therapists/charmed-counseling-spokane-wa/144829</description>
        <styleUrl>#icon-1737-097138-labelson</styleUrl>
        <Point>
          <coordinates>
            -117.4301411,47.6516984,0
          </coordinates>
        </Point>
      </Placemark>
      <Placemark>
        <name>SW Counseling Services</name>
        <description>https://www.psychologytoday.com/us/therapists/sw-counseling-services-spokane-wa/94965</description>
        <styleUrl>#icon-1737-097138-labelson</styleUrl>
        <Point>
          <coordinates>
            -117.4087567,47.704472,0
          </coordinates>
        </Point>
      </Placemark>
      <Placemark>
        <name>Sandra Kay Robinson</name>
        <description>https://www.psychologytoday.com/us/therapists/sandra-kay-robinson-spokane-valley-wa/1277291</description>
        <styleUrl>#icon-1737-097138-labelson</styleUrl>
        <Point>
          <coordinates>
            -117.2807593,47.6589389,0
          </coordinates>
        </Point>
      </Placemark>
      <Placemark>
        <name><![CDATA[LifeStance Therapists & Psychiatrists Spokane]]></name>
        <description><![CDATA[Brennan Champagne<br><br>https://www.psychologytoday.com/us/therapists/brennan-champagne-spokane-wa/1147554]]></description>
        <styleUrl>#icon-1737-097138-labelson</styleUrl>
        <Point>
          <coordinates>
            -117.422607,47.659798,0
          </coordinates>
        </Point>
      </Placemark>
      <Placemark>
        <name>Sarah X Winn</name>
        <description>https://www.psychologytoday.com/us/therapists/sarah-x-winn-spokane-wa/270892</description>
        <styleUrl>#icon-1737-097138-labelson</styleUrl>
        <Point>
          <coordinates>
            -117.4121157,47.7445047,0
          </coordinates>
        </Point>
      </Placemark>
      <Placemark>
        <name>Mary J Caruso</name>
        <description>https://www.psychologytoday.com/us/therapists/mary-j-caruso-spokane-wa/217089</description>
        <styleUrl>#icon-1737-097138-labelson</styleUrl>
        <Point>
          <coordinates>
            -117.4118601,47.7445489,0
          </coordinates>
        </Point>
      </Placemark>
      <Placemark>
        <name>Jaeden Roberts</name>
        <description>https://www.psychologytoday.com/us/therapists/jaeden-roberts-healing-arts-spokane-wa/138424</description>
        <styleUrl>#icon-1737-097138-labelson</styleUrl>
        <Point>
          <coordinates>
            -117.4424808,47.652333,0
          </coordinates>
        </Point>
      </Placemark>
      <Placemark>
        <name><![CDATA[LifeStance Therapists & Psychiatrists Spokane]]></name>
        <description><![CDATA[Jewels Lambert<br><br>https://www.psychologytoday.com/us/therapists/jewels-lambert-spokane-wa/1258707]]></description>
        <styleUrl>#icon-1737-097138-labelson</styleUrl>
        <Point>
          <coordinates>
            -117.422607,47.659798,0
          </coordinates>
        </Point>
      </Placemark>
      <Placemark>
        <name>HEART TO HEART COUNSELING</name>
        <description>https://www.psychologytoday.com/us/therapists/heart-to-heart-counseling-and-coaching-spokane-wa/46582</description>
        <styleUrl>#icon-1737-097138-labelson</styleUrl>
        <Point>
          <coordinates>
            -117.4314754,47.6710056,0
          </coordinates>
        </Point>
      </Placemark>
      <Placemark>
        <name>Caitlin Halterman</name>
        <description>https://www.psychologytoday.com/us/therapists/caitlin-h-halterman-spokane-wa/797750</description>
        <styleUrl>#icon-1737-097138-labelson</styleUrl>
        <Point>
          <coordinates>
            -117.4130184,47.7295654,0
          </coordinates>
        </Point>
      </Placemark>
      <Placemark>
        <name><![CDATA[Heartfelt Counseling & Hypnotherapy]]></name>
        <description><![CDATA[Kathy Jo M. Avery<br><br>https://www.psychologytoday.com/us/therapists/kathy-jo-m-avery-spokane-wa/56946]]></description>
        <styleUrl>#icon-1737-097138-labelson</styleUrl>
        <Point>
          <coordinates>
            -117.3735587,47.5998997,0
          </coordinates>
        </Point>
      </Placemark>
      <Placemark>
        <name><![CDATA[LifeStance Therapists & Psychiatrists Spokane]]></name>
        <description><![CDATA[Sheree Lobdell<br><br>https://www.psychologytoday.com/us/therapists/sheree-lobdell-spokane-wa/1213712]]></description>
        <styleUrl>#icon-1737-097138-labelson</styleUrl>
        <Point>
          <coordinates>
            -117.422607,47.659798,0
          </coordinates>
        </Point>
      </Placemark>
      <Placemark>
        <name>Trisha Spencer </name>
        <description>https://www.psychologytoday.com/us/therapists/trisha-spencer-mental-health-pllc-spokane-wa/1167751</description>
        <styleUrl>#icon-1737-097138-labelson</styleUrl>
        <Point>
          <coordinates>
            -117.4075809,47.6422556,0
          </coordinates>
        </Point>
      </Placemark>
      <Placemark>
        <name>Mrs. Jennifer Harp</name>
        <description>https://www.psychologytoday.com/us/therapists/jennifer-erin-harp-cheyenne-wy/101427</description>
        <styleUrl>#icon-1737-097138-labelson</styleUrl>
        <Point>
          <coordinates>
            -104.8309778,41.1457579,0
          </coordinates>
        </Point>
      </Placemark>
      <Placemark>
        <name>Jennifer L. Mumaugh, MSW</name>
        <description>https://www.psychologytoday.com/us/therapists/jennifer-mumaugh-cheyenne-wy/366884</description>
        <styleUrl>#icon-1737-097138-labelson</styleUrl>
        <Point>
          <coordinates>
            -104.7756814,41.1390641,0
          </coordinates>
        </Point>
      </Placemark>
      <Placemark>
        <name>Mindy Faulkner-Wann</name>
        <description>https://www.psychologytoday.com/us/therapists/mindy-falkner-wann-cheyenne-wy/416229</description>
        <styleUrl>#icon-1737-097138-labelson</styleUrl>
        <Point>
          <coordinates>
            -104.8151626,41.1330029,0
          </coordinates>
        </Point>
      </Placemark>
      <Placemark>
        <name>Jeremy Bay</name>
        <description>https://www.psychologytoday.com/us/therapists/jeremy-bay-cheyenne-wy/1254465</description>
        <styleUrl>#icon-1737-097138-labelson</styleUrl>
        <Point>
          <coordinates>
            -104.8048134,41.1518799,0
          </coordinates>
        </Point>
      </Placemark>
      <Placemark>
        <name><![CDATA[Hope's Beacon]]></name>
        <description><![CDATA[Kellie Bouldin<br><br>https://www.psychologytoday.com/us/therapists/kellie-bouldin-cheyenne-wy/840227]]></description>
        <styleUrl>#icon-1737-097138-labelson</styleUrl>
        <Point>
          <coordinates>
            -104.7846387,41.1379509,0
          </coordinates>
        </Point>
      </Placemark>
      <Placemark>
        <name>Anne Fitzgerald (Bunn), PHD, LLC</name>
        <description>https://www.psychologytoday.com/us/therapists/anne-fitzgerald-bunn-phd-llc-laramie-wy/62737</description>
        <styleUrl>#icon-1737-097138-labelson</styleUrl>
        <Point>
          <coordinates>
            -105.5902619,41.3258097,0
          </coordinates>
        </Point>
      </Placemark>
      <Placemark>
        <name>Lifesong Counseling</name>
        <description><![CDATA[Shelly A Foster<br>https://www.psychologytoday.com/us/therapists/shelly-a-foster-fort-collins-co/237342]]></description>
        <styleUrl>#icon-1737-097138-labelson</styleUrl>
        <Point>
          <coordinates>
            -104.7963383,41.1395526,0
          </coordinates>
        </Point>
      </Placemark>
      <Placemark>
        <name>Kevin Grunig</name>
        <description>https://www.psychologytoday.com/us/therapists/kevin-larry-grunig-cheyenne-wy/1011500</description>
        <styleUrl>#icon-1737-097138-labelson</styleUrl>
        <Point>
          <coordinates>
            -104.7999107,41.1063532,0
          </coordinates>
        </Point>
      </Placemark>
      <Placemark>
        <name>James Pfeifer</name>
        <description>https://www.psychologytoday.com/us/therapists/pfeifer-counseling-services-fargo-nd/853339</description>
        <styleUrl>#icon-1737-097138-labelson</styleUrl>
        <Point>
          <coordinates>
            -96.8507446,46.8411178,0
          </coordinates>
        </Point>
      </Placemark>
      <Placemark>
        <name>Dakota Family Services</name>
        <description><![CDATA[April M. Morris<br><br>https://www.psychologytoday.com/us/therapists/april-m-morris-dakota-family-services-fargo-nd/1045912]]></description>
        <styleUrl>#icon-1737-097138-labelson</styleUrl>
        <Point>
          <coordinates>
            -96.8059589,46.7808659,0
          </coordinates>
        </Point>
      </Placemark>
      <Placemark>
        <name>Allen Irish-Zabolotny</name>
        <description>https://www.psychologytoday.com/us/therapists/allen-irish-zabolotny-fargo-nd/429650</description>
        <styleUrl>#icon-1737-097138-labelson</styleUrl>
        <Point>
          <coordinates>
            -96.8663306,46.8418657,0
          </coordinates>
        </Point>
      </Placemark>
      <Placemark>
        <name>Liberty McClead</name>
        <description>https://www.psychologytoday.com/us/therapists/liberty-mcclead-moorhead-mn/400147</description>
        <styleUrl>#icon-1737-097138-labelson</styleUrl>
        <Point>
          <coordinates>
            -96.7688062,46.8507087,0
          </coordinates>
        </Point>
      </Placemark>
      <Placemark>
        <name>Sarah Connell</name>
        <description>https://www.psychologytoday.com/us/therapists/sarah-connell-moorhead-mn/908701</description>
        <styleUrl>#icon-1737-097138-labelson</styleUrl>
        <Point>
          <coordinates>
            -96.7668322,46.8433852,0
          </coordinates>
        </Point>
      </Placemark>
      <Placemark>
        <name>Caitlin Pollestad</name>
        <description>https://www.psychologytoday.com/us/therapists/caitlin-pollestad-west-fargo-nd/441964</description>
        <styleUrl>#icon-1737-097138-labelson</styleUrl>
        <Point>
          <coordinates>
            -96.8768348,46.8614054,0
          </coordinates>
        </Point>
      </Placemark>
      <Placemark>
        <name>Leading Light Behavioral Health, Inc.</name>
        <description>https://www.psychologytoday.com/us/therapists/leading-light-behav-hlth-evaluations-brockton-ma/464334</description>
        <styleUrl>#icon-1737-097138-labelson</styleUrl>
        <Point>
          <coordinates>
            -71.0119359,42.0605466,0
          </coordinates>
        </Point>
      </Placemark>
      <Placemark>
        <name>Alden Bucci</name>
        <description>https://www.psychologytoday.com/us/therapists/alden-bucci-framingham-ma/1348152</description>
        <styleUrl>#icon-1737-097138-labelson</styleUrl>
        <Point>
          <coordinates>
            -71.4052697,42.2829714,0
          </coordinates>
        </Point>
      </Placemark>
      <Placemark>
        <name>Michelle Troyer</name>
        <description>https://www.psychologytoday.com/us/therapists/michelle-troyer-chelmsford-ma/1402501</description>
        <styleUrl>#icon-1737-097138-labelson</styleUrl>
        <Point>
          <coordinates>
            -71.35953,42.6243446,0
          </coordinates>
        </Point>
      </Placemark>
      <Placemark>
        <name>Sebastien Labissiere</name>
        <description>https://www.psychologytoday.com/us/therapists/sebastien-labissiere-woburn-ma/1241336</description>
        <styleUrl>#icon-1737-097138-labelson</styleUrl>
        <Point>
          <coordinates>
            -71.1242799,42.501016,0
          </coordinates>
        </Point>
      </Placemark>
      <Placemark>
        <name>Susan Davis</name>
        <description>https://www.psychologytoday.com/us/therapists/susan-davis-ma-lmhc-cambridge-ma/58662</description>
        <styleUrl>#icon-1737-097138-labelson</styleUrl>
        <Point>
          <coordinates>
            -71.1010773,42.3641984,0
          </coordinates>
        </Point>
      </Placemark>
      <Placemark>
        <name>Streff Associates</name>
        <description>https://www.psychologytoday.com/us/therapists/streff-associates-stow-ma/401961</description>
        <styleUrl>#icon-1737-097138-labelson</styleUrl>
        <Point>
          <coordinates>
            -71.4877245,42.4333584,0
          </coordinates>
        </Point>
      </Placemark>
      <Placemark>
        <name>Veronica van Essche</name>
        <description>https://www.psychologytoday.com/us/therapists/veronica-van-essche-cambridge-ma/491048</description>
        <styleUrl>#icon-1737-097138-labelson</styleUrl>
        <Point>
          <coordinates>
            -71.1073143,42.367968,0
          </coordinates>
        </Point>
      </Placemark>
      <Placemark>
        <name>LaRochante International</name>
        <description>https://www.psychologytoday.com/us/therapists/larochante-intl-counseling-services-randolph-ma/244780</description>
        <styleUrl>#icon-1737-097138-labelson</styleUrl>
        <Point>
          <coordinates>
            -71.0569504,42.1649361,0
          </coordinates>
        </Point>
      </Placemark>
      <Placemark>
        <name>George Beilin</name>
        <description>https://www.psychologytoday.com/us/therapists/george-beilin-beverly-ma/112482</description>
        <styleUrl>#icon-1737-097138-labelson</styleUrl>
        <Point>
          <coordinates>
            -70.8740494,42.5636433,0
          </coordinates>
        </Point>
      </Placemark>
      <Placemark>
        <name>Parker Eyster</name>
        <description>https://www.psychologytoday.com/us/therapists/parker-eyster-boston-ma/1264332</description>
        <styleUrl>#icon-1737-097138-labelson</styleUrl>
        <Point>
          <coordinates>
            -71.0832041,42.3464868,0
          </coordinates>
        </Point>
      </Placemark>
      <Placemark>
        <name>Jenny Ventura Mind and Body Behavioral Health Center, LLC</name>
        <description>https://www.psychologytoday.com/us/therapists/jenny-t-ventura-canton-ma/141278</description>
        <styleUrl>#icon-1737-097138-labelson</styleUrl>
        <Point>
          <coordinates>
            -71.1465691,42.1531607,0
          </coordinates>
        </Point>
      </Placemark>
      <Placemark>
        <name>David Z Pfeffer</name>
        <description>https://www.psychologytoday.com/us/therapists/david-z-pfeffer-deerfield-beach-fl/110037</description>
        <styleUrl>#icon-1737-097138-labelson</styleUrl>
        <Point>
          <coordinates>
            -71.0533518,42.3564979,0
          </coordinates>
        </Point>
      </Placemark>
      <Placemark>
        <name>Gracy Ankrah</name>
        <description>https://www.psychologytoday.com/us/therapists/gracy-ankrah-worcester-ma/1248721</description>
        <styleUrl>#icon-1737-097138-labelson</styleUrl>
        <Point>
          <coordinates>
            -71.8012966,42.2765782,0
          </coordinates>
        </Point>
      </Placemark>
      <Placemark>
        <name>Advance Psychotherapy Practice</name>
        <description>https://www.psychologytoday.com/us/therapists/advance-psychotherapy-practice-amherst-ma/966398</description>
        <styleUrl>#icon-1737-097138-labelson</styleUrl>
        <Point>
          <coordinates>
            -72.5203441,42.3764197,0
          </coordinates>
        </Point>
      </Placemark>
      <Placemark>
        <name>Westfield Counseling Services</name>
        <description>https://www.psychologytoday.com/us/therapists/westfield-counseling-services-westfield-ma/167893</description>
        <styleUrl>#icon-1737-097138-labelson</styleUrl>
        <Point>
          <coordinates>
            -72.7554842,42.1194192,0
          </coordinates>
        </Point>
      </Placemark>
      <Placemark>
        <name>Wendi Hayden</name>
        <description>https://www.psychologytoday.com/us/therapists/wendi-hayden-west-haven-ut/1390497</description>
        <styleUrl>#icon-1737-097138-labelson</styleUrl>
        <Point>
          <coordinates>
            -112.0636137,41.179004,0
          </coordinates>
        </Point>
      </Placemark>
      <Placemark>
        <name>Jonah Finch, Advanced Awareness Counseling, LLC.</name>
        <description>https://www.psychologytoday.com/us/therapists/jonah-finch-sandy-ut/417113</description>
        <styleUrl>#icon-1737-097138-labelson</styleUrl>
        <Point>
          <coordinates>
            -111.8920371,40.5854682,0
          </coordinates>
        </Point>
      </Placemark>
      <Placemark>
        <name>Tj Michael Harmon Advanced Awareness Counseling LLC</name>
        <description>https://www.psychologytoday.com/us/therapists/tj-michael-harmon-murray-ut/882142</description>
        <styleUrl>#icon-1737-097138-labelson</styleUrl>
        <Point>
          <coordinates>
            -111.8726114,40.6544417,0
          </coordinates>
        </Point>
      </Placemark>
      <Placemark>
        <name>Kellie Fitke</name>
        <description>https://www.psychologytoday.com/us/therapists/kellie-fitke-murray-ut/1117013</description>
        <styleUrl>#icon-1737-097138-labelson</styleUrl>
        <Point>
          <coordinates>
            -111.8722363,40.6546653,0
          </coordinates>
        </Point>
      </Placemark>
      <Placemark>
        <name>Jemma Elder</name>
        <description>https://www.psychologytoday.com/us/therapists/jemma-ender-sandy-ut/1113941</description>
        <styleUrl>#icon-1737-097138-labelson</styleUrl>
        <Point>
          <coordinates>
            -111.8909619,40.5854786,0
          </coordinates>
        </Point>
      </Placemark>
      <Placemark>
        <name>Michelle Inauen at Collaborative Counseling LLC</name>
        <description>https://www.psychologytoday.com/us/therapists/collaborative-counseling-llc-farmington-ut/716708</description>
        <styleUrl>#icon-1737-097138-labelson</styleUrl>
        <Point>
          <coordinates>
            -111.931732,40.9812177,0
          </coordinates>
        </Point>
      </Placemark>
      <Placemark>
        <name>Heatherly A. Gardner</name>
        <description>https://www.psychologytoday.com/us/therapists/heatherly-a-gardner-vernal-ut/735519</description>
        <styleUrl>#icon-1737-097138-labelson</styleUrl>
        <Point>
          <coordinates>
            -109.5329372,40.4573169,0
          </coordinates>
        </Point>
      </Placemark>
      <Placemark>
        <name>Jessica Hale at Phoenix Rebellion Therapy</name>
        <description>https://www.psychologytoday.com/us/therapists/jessica-hale-murray-ut/1053321</description>
        <styleUrl>#icon-1737-097138-labelson</styleUrl>
        <Point>
          <coordinates>
            -111.8720575,40.6739008,0
          </coordinates>
        </Point>
      </Placemark>
      <Placemark>
        <name>Tristyn Wilkerson</name>
        <description>https://www.psychologytoday.com/us/therapists/tristyn-wilkerson-salt-lake-city-ut/1025070</description>
        <styleUrl>#icon-1737-097138-labelson</styleUrl>
        <Point>
          <coordinates>
            -111.8776483,40.7645622,0
          </coordinates>
        </Point>
      </Placemark>
      <Placemark>
        <name>Brysen Bocchino at Luminous Counseling</name>
        <description>https://www.psychologytoday.com/us/therapists/brysen-bocchino-bountiful-ut/737312</description>
        <styleUrl>#icon-1737-097138-labelson</styleUrl>
        <Point>
          <coordinates>
            -111.9016175,40.8540209,0
          </coordinates>
        </Point>
      </Placemark>
      <Placemark>
        <name>Maren Scriven Swensen at The Counseling Center</name>
        <description>https://www.psychologytoday.com/us/therapists/maren-scriven-swensen-layton-ut/1115913</description>
        <styleUrl>#icon-1737-097138-labelson</styleUrl>
        <Point>
          <coordinates>
            -111.9823307,41.0824359,0
          </coordinates>
        </Point>
      </Placemark>
      <Placemark>
        <name>Stephanie Harding</name>
        <description>https://www.psychologytoday.com/us/therapists/stephanie-harding-riverdale-ut/833313</description>
        <styleUrl>#icon-1737-097138-labelson</styleUrl>
        <Point>
          <coordinates>
            -112.0160355,41.1707217,0
          </coordinates>
        </Point>
      </Placemark>
      <Placemark>
        <name>TJ Grow at Holistic Elements</name>
        <description>https://www.psychologytoday.com/us/therapists/holistic-elements-murray-ut/89440</description>
        <styleUrl>#icon-1737-097138-labelson</styleUrl>
        <Point>
          <coordinates>
            -111.8864607,40.65051,0
          </coordinates>
        </Point>
      </Placemark>
      <Placemark>
        <name>Emily Young Bullock at Great Salt Lake Wellness Kaysville | Psychotherapy- Yoga- Ketamine</name>
        <description>https://www.psychologytoday.com/us/therapists/emily-young-bullock-kaysville-ut/270601</description>
        <styleUrl>#icon-1737-097138-labelson</styleUrl>
        <Point>
          <coordinates>
            -111.9445354,41.0408305,0
          </coordinates>
        </Point>
      </Placemark>
      <Placemark>
        <name>Aspire Counseling Network - Draper Lone Peak</name>
        <description>https://www.psychologytoday.com/us/therapists/aspire-counseling-network-draper-ut/85045</description>
        <styleUrl>#icon-1737-097138-labelson</styleUrl>
        <Point>
          <coordinates>
            -111.8939173,40.5342984,0
          </coordinates>
        </Point>
      </Placemark>
      <Placemark>
        <name>Jeffrey Peterson</name>
        <description>https://www.psychologytoday.com/us/therapists/jeffrey-peterson-kaysville-ut/1150875</description>
        <styleUrl>#icon-1737-097138-labelson</styleUrl>
        <Point>
          <coordinates>
            -111.944383,41.0405038,0
          </coordinates>
        </Point>
      </Placemark>
      <Placemark>
        <name>Sam Fuller</name>
        <description>https://www.psychologytoday.com/us/therapists/sam-fuller-kaysville-ut/981234</description>
        <styleUrl>#icon-1737-097138-labelson</styleUrl>
        <Point>
          <coordinates>
            -111.9450572,41.0409971,0
          </coordinates>
        </Point>
      </Placemark>
      <Placemark>
        <name>Erica Knight</name>
        <description>https://www.psychologytoday.com/us/therapists/erica-knight-bountiful-ut/922272</description>
        <styleUrl>#icon-1737-097138-labelson</styleUrl>
        <Point>
          <coordinates>
            -111.8449346,40.8684042,0
          </coordinates>
        </Point>
      </Placemark>
      <Placemark>
        <name>Ryan Leybas</name>
        <description>https://www.psychologytoday.com/us/therapists/ryan-leybas-salt-lake-city-ut/290813</description>
        <styleUrl>#icon-1737-097138-labelson</styleUrl>
        <Point>
          <coordinates>
            -111.8558197,40.7114757,0
          </coordinates>
        </Point>
      </Placemark>
      <Placemark>
        <name>Alameda Marriage And Family Therapy</name>
        <description>https://www.psychologytoday.com/us/therapists/alameda-marriage-family-therapy-iop-las-cruces-nm/366196</description>
        <styleUrl>#icon-1737-097138-labelson</styleUrl>
        <Point>
          <coordinates>
            -106.7830648,32.3139865,0
          </coordinates>
        </Point>
      </Placemark>
      <Placemark>
        <name>The Evolution Group</name>
        <description>https://www.psychologytoday.com/us/therapists/the-evolution-group-inc-gambling-albuquerque-nm/1219169</description>
        <styleUrl>#icon-1737-097138-labelson</styleUrl>
        <Point>
          <coordinates>
            -106.6445699,35.081949,0
          </coordinates>
        </Point>
      </Placemark>
      <Placemark>
        <name>Jonathan Boldt Nexus Counseling Center</name>
        <description>https://www.psychologytoday.com/us/therapists/jonathan-boldt-las-cruces-nm/462115</description>
        <styleUrl>#icon-1737-097138-labelson</styleUrl>
        <Point>
          <coordinates>
            -106.7799952,32.3039229,0
          </coordinates>
        </Point>
      </Placemark>
      <Placemark>
        <name>Terri Lynn Alvarez</name>
        <description>https://www.psychologytoday.com/us/therapists/terri-lynn-alvarez-las-cruces-nm/458616</description>
        <styleUrl>#icon-1737-097138-labelson</styleUrl>
        <Point>
          <coordinates>
            -106.8414374,32.2275136,0
          </coordinates>
        </Point>
      </Placemark>
      <Placemark>
        <name>Obrien Wimbish</name>
        <description>https://www.psychologytoday.com/us/therapists/obrien-wimbish-clinton-md/729407</description>
        <styleUrl>#icon-1737-097138-labelson</styleUrl>
        <Point>
          <coordinates>
            -76.8908147,38.7809532,0
          </coordinates>
        </Point>
      </Placemark>
      <Placemark>
        <name>Amenza Deberry</name>
        <description>https://www.psychologytoday.com/us/therapists/amenza-travis-j-deberry-rockville-md/1421335</description>
        <styleUrl>#icon-1737-097138-labelson</styleUrl>
        <Point>
          <coordinates>
            -77.1104749,39.039798,0
          </coordinates>
        </Point>
      </Placemark>
      <Placemark>
        <name><![CDATA[LifeStance Therapists & Psychiatrists Arnold]]></name>
        <description>https://www.psychologytoday.com/us/therapists/lifestance-health-arnold-md/1410464</description>
        <styleUrl>#icon-1737-097138-labelson</styleUrl>
        <Point>
          <coordinates>
            -76.501393,39.0272886,0
          </coordinates>
        </Point>
      </Placemark>
      <Placemark>
        <name><![CDATA[Doveal Goins at LifeStance Therapists & Psychiatrists Crofton]]></name>
        <description>https://www.psychologytoday.com/us/therapists/doveal-goins-crofton-md/1108772</description>
        <styleUrl>#icon-1737-097138-labelson</styleUrl>
        <Point>
          <coordinates>
            -76.6977517,39.0062787,0
          </coordinates>
        </Point>
      </Placemark>
      <Placemark>
        <name>Serenity Psychological Services</name>
        <description>https://www.psychologytoday.com/us/therapists/serenity-psychological-services-llc-bethesda-md/854432</description>
        <styleUrl>#icon-1737-097138-labelson</styleUrl>
        <Point>
          <coordinates>
            -77.1428399,39.027957,0
          </coordinates>
        </Point>
      </Placemark>
      <Placemark>
        <name><![CDATA[Donovan Maisel LifeStance Therapists & Psychiatrists Annapolis]]></name>
        <description>https://www.psychologytoday.com/us/therapists/donovan-maisel-annapolis-md/1144522</description>
        <styleUrl>#icon-1737-097138-labelson</styleUrl>
        <Point>
          <coordinates>
            -76.537243,38.995261,0
          </coordinates>
        </Point>
      </Placemark>
      <Placemark>
        <name><![CDATA[Laurie Scheidle at LifeStance Therapists & Psychiatrists Arnold]]></name>
        <description>https://www.psychologytoday.com/us/therapists/laurie-scheidle-arnold-md/1108778</description>
        <styleUrl>#icon-1737-097138-labelson</styleUrl>
        <Point>
          <coordinates>
            -76.501393,39.0272886,0
          </coordinates>
        </Point>
      </Placemark>
      <Placemark>
        <name>LaCole Cole</name>
        <description>https://www.psychologytoday.com/us/therapists/lacole-cole-waldorf-md/278816</description>
        <styleUrl>#icon-1737-097138-labelson</styleUrl>
        <Point>
          <coordinates>
            -76.9101924,38.623489,0
          </coordinates>
        </Point>
      </Placemark>
      <Placemark>
        <name>Therapy Café</name>
        <description>https://www.psychologytoday.com/us/therapists/therapy-cafe-prince-frederick-md/238007</description>
        <styleUrl>#icon-1737-097138-labelson</styleUrl>
        <Point>
          <coordinates>
            -76.583183,38.5373665,0
          </coordinates>
        </Point>
      </Placemark>
      <Placemark>
        <name>Savannah Coffey</name>
        <description>https://www.psychologytoday.com/us/therapists/savannah-coffey-charleston-sc/1175706</description>
        <styleUrl>#icon-1737-097138-labelson</styleUrl>
        <Point>
          <coordinates>
            -79.9516688,32.8031753,0
          </coordinates>
        </Point>
      </Placemark>
      <Placemark>
        <name>Candace Harms</name>
        <description>https://www.psychologytoday.com/us/therapists/candace-harms-summerville-sc/1332343</description>
        <styleUrl>#icon-1737-097138-labelson</styleUrl>
        <Point>
          <coordinates>
            -80.1752895,33.023298,0
          </coordinates>
        </Point>
      </Placemark>
      <Placemark>
        <name>Butterfly Effect Counseling LLC</name>
        <description>https://www.psychologytoday.com/us/therapists/butterfly-effect-counseling-llc-summerville-sc/1056104</description>
        <styleUrl>#icon-1737-097138-labelson</styleUrl>
        <Point>
          <coordinates>
            -80.1752895,33.023298,0
          </coordinates>
        </Point>
      </Placemark>
      <Placemark>
        <name>Zach Ho</name>
        <description>https://www.psychologytoday.com/us/therapists/zach-ho-goose-creek-sc/1421428</description>
        <styleUrl>#icon-1737-097138-labelson</styleUrl>
        <Point>
          <coordinates>
            -80.052968,33.010121,0
          </coordinates>
        </Point>
      </Placemark>
      <Placemark>
        <name><![CDATA[LifeStance Therapists & Psychiatrists Charleston]]></name>
        <description>https://www.psychologytoday.com/us/therapists/lifestance-health-charleston-sc/1411041</description>
        <styleUrl>#icon-1737-097138-labelson</styleUrl>
        <Point>
          <coordinates>
            -80.0197808,32.8453565,0
          </coordinates>
        </Point>
      </Placemark>
      <Placemark>
        <name><![CDATA[Joseph Ritchey at LifeStance Therapists & Psychiatrists Summerville]]></name>
        <description>https://www.psychologytoday.com/us/therapists/joseph-ritchey-summerville-sc/1175936</description>
        <styleUrl>#icon-1737-097138-labelson</styleUrl>
        <Point>
          <coordinates>
            -80.1755365,33.0271581,0
          </coordinates>
        </Point>
      </Placemark>
      <Placemark>
        <name><![CDATA[Flavia Fernicola at LifeStance Therapists & Psychiatrists Myrtle Beach]]></name>
        <description>https://www.psychologytoday.com/us/therapists/flavia-fernicola-myrtle-beach-sc/1236675</description>
        <styleUrl>#icon-1737-097138-labelson</styleUrl>
        <Point>
          <coordinates>
            -78.8777615,33.700603,0
          </coordinates>
        </Point>
      </Placemark>
      <Placemark>
        <name>Harvey Counseling Services, LLC</name>
        <description>https://www.psychologytoday.com/us/therapists/harvey-counseling-services-goose-creek-sc/286820</description>
        <styleUrl>#icon-1737-097138-labelson</styleUrl>
        <Point>
          <coordinates>
            -80.0422932,33.0086668,0
          </coordinates>
        </Point>
      </Placemark>
      <Placemark>
        <name>Mandy Carr</name>
        <description>https://www.psychologytoday.com/us/therapists/mandy-carr-north-charleston-sc/273963</description>
        <styleUrl>#icon-1737-097138-labelson</styleUrl>
        <Point>
          <coordinates>
            -80.0435575,32.9664545,0
          </coordinates>
        </Point>
      </Placemark>
      <Placemark>
        <name>Sandi Cross at Renewed Minds Counseling</name>
        <description>https://www.psychologytoday.com/us/therapists/sandi-cross-goose-creek-sc/314678</description>
        <styleUrl>#icon-1737-097138-labelson</styleUrl>
        <Point>
          <coordinates>
            -80.0599594,33.0331996,0
          </coordinates>
        </Point>
      </Placemark>
      <Placemark>
        <name>Dr. Whitney Windham at Turning Point Counseling and Assessment</name>
        <description>https://www.psychologytoday.com/us/therapists/whitney-windham-charleston-sc/216790</description>
        <styleUrl>#icon-1737-097138-labelson</styleUrl>
        <Point>
          <coordinates>
            -79.9729906,32.7555205,0
          </coordinates>
        </Point>
      </Placemark>
      <Placemark>
        <name>Devin Griffin at Wildflower Center for Counseling</name>
        <description>https://www.psychologytoday.com/us/therapists/devin-griffin-mount-pleasant-sc/1018153</description>
        <styleUrl>#icon-1737-097138-labelson</styleUrl>
        <Point>
          <coordinates>
            -79.8771085,32.8106942,0
          </coordinates>
        </Point>
      </Placemark>
      <Placemark>
        <name>Ashlin Blum</name>
        <description>https://www.psychologytoday.com/us/therapists/ashlin-blum-mount-pleasant-sc/475228</description>
        <styleUrl>#icon-1737-097138-labelson</styleUrl>
        <Point>
          <coordinates>
            -79.8917383,32.8012868,0
          </coordinates>
        </Point>
      </Placemark>
      <Placemark>
        <name>Compass Counseling, LLC</name>
        <description>https://www.psychologytoday.com/us/therapists/compass-counseling-llc-summerville-sc/404159</description>
        <styleUrl>#icon-1737-097138-labelson</styleUrl>
        <Point>
          <coordinates>
            -80.1594219,32.9641912,0
          </coordinates>
        </Point>
      </Placemark>
      <Placemark>
        <name>Amy Gann at Summerville Behavioral Health</name>
        <description>https://www.psychologytoday.com/us/therapists/amy-gann-summerville-sc/1025057</description>
        <styleUrl>#icon-1737-097138-labelson</styleUrl>
        <Point>
          <coordinates>
            -80.1755012,33.0229964,0
          </coordinates>
        </Point>
      </Placemark>
      <Placemark>
        <name>Christopher Mark Glanzer</name>
        <description>https://www.psychologytoday.com/us/therapists/christopher-mark-glanzer-ketchikan-ak/896523</description>
        <styleUrl>#icon-1737-097138-labelson</styleUrl>
        <Point>
          <coordinates>
            -131.6481089,55.3425873,0
          </coordinates>
        </Point>
      </Placemark>
      <Placemark>
        <name>Kristi Seymour at Mountain River Counseling</name>
        <description>https://www.psychologytoday.com/us/therapists/kristi-seymour-wasilla-ak/200073</description>
        <styleUrl>#icon-1737-097138-labelson</styleUrl>
        <Point>
          <coordinates>
            -149.4287189,61.5826533,0
          </coordinates>
        </Point>
      </Placemark>
      <Placemark>
        <name>Sirpa Gorman</name>
        <description>https://www.psychologytoday.com/us/therapists/sirpa-t-gorman-eagle-river-ak/50491</description>
        <styleUrl>#icon-1737-097138-labelson</styleUrl>
        <Point>
          <coordinates>
            -149.5635219,61.3280367,0
          </coordinates>
        </Point>
      </Placemark>
      <Placemark>
        <name>Jaime Spatrisano</name>
        <description>https://www.psychologytoday.com/us/therapists/spatrisano-psychological-services-llc-anchorage-ak/1288081</description>
        <styleUrl>#icon-1737-097138-labelson</styleUrl>
        <Point>
          <coordinates>
            -149.8859732,61.1947754,0
          </coordinates>
        </Point>
      </Placemark>
      <Placemark>
        <name>Deborah Osmanson</name>
        <description>https://www.psychologytoday.com/us/therapists/deborah-osmanson-omaha-ne/355219</description>
        <styleUrl>#icon-1737-097138-labelson</styleUrl>
        <Point>
          <coordinates>
            -149.0129717,61.6136721,0
          </coordinates>
        </Point>
      </Placemark>
      <Placemark>
        <name>Refocus Intensive Therapy Program</name>
        <description>https://www.psychologytoday.com/us/therapists/refocus-intensive-therapy-program-wasilla-ak/1226011</description>
        <styleUrl>#icon-1737-097138-labelson</styleUrl>
        <Point>
          <coordinates>
            -149.4449596,61.5718313,0
          </coordinates>
        </Point>
      </Placemark>
      <Placemark>
        <name>Michelle Jeanne Yep Martin</name>
        <description>https://www.psychologytoday.com/us/therapists/michelle-jeanne-yep-martin-anchorage-ak/460498</description>
        <styleUrl>#icon-1737-097138-labelson</styleUrl>
        <Point>
          <coordinates>
            -149.8917427,61.1958796,0
          </coordinates>
        </Point>
      </Placemark>
      <Placemark>
        <name>Marianne D Holman</name>
        <description>https://www.psychologytoday.com/us/therapists/marianne-d-holman-anchorage-ak/278039</description>
        <styleUrl>#icon-1737-097138-labelson</styleUrl>
        <Point>
          <coordinates>
            -149.8358582,61.1828811,0
          </coordinates>
        </Point>
      </Placemark>
      <Placemark>
        <name>BLK Haven Corp</name>
        <description>https://www.psychologytoday.com/us/therapists/blk-haven-corp-san-diego-ca/1142729</description>
        <styleUrl>#icon-1737-097138-labelson</styleUrl>
        <Point>
          <coordinates>
            -157.9583246,21.34853,0
          </coordinates>
        </Point>
      </Placemark>
      <Placemark>
        <name>Ben Sleight</name>
        <description>https://www.psychologytoday.com/us/therapists/ben-sleight-kapolei-hi/1109828</description>
        <styleUrl>#icon-1737-097138-labelson</styleUrl>
        <Point>
          <coordinates>
            -158.0835221,21.3487298,0
          </coordinates>
        </Point>
      </Placemark>
      <Placemark>
        <name>Basem Darish</name>
        <description>https://www.psychologytoday.com/us/therapists/basem-darwish-kenner-la/463251</description>
        <styleUrl>#icon-1737-097138-labelson</styleUrl>
        <Point>
          <coordinates>
            -157.8390944,21.3433967,0
          </coordinates>
        </Point>
      </Placemark>
      <Placemark>
        <name>Steven Philip Katz</name>
        <description>https://www.psychologytoday.com/us/therapists/steven-phillip-katz-kailua-hi/94913</description>
        <styleUrl>#icon-1737-097138-labelson</styleUrl>
        <Point>
          <coordinates>
            -157.7496761,21.3930281,0
          </coordinates>
        </Point>
      </Placemark>
      <Placemark>
        <name>Tia Claypool</name>
        <description>https://www.psychologytoday.com/us/therapists/tia-claypool-ewa-beach-hi/831022</description>
        <styleUrl>#icon-1737-097138-labelson</styleUrl>
        <Point>
          <coordinates>
            -158.0119801,21.3389545,0
          </coordinates>
        </Point>
      </Placemark>
      <Placemark>
        <name>Sasha Kariel</name>
        <description>https://www.psychologytoday.com/us/therapists/sasha-kariel-haleiwa-hi/177537</description>
        <styleUrl>#icon-1737-097138-labelson</styleUrl>
        <Point>
          <coordinates>
            -158.0596746,21.6164792,0
          </coordinates>
        </Point>
      </Placemark>
      <Placemark>
        <name>National Center for Psychological Services</name>
        <description>https://www.psychologytoday.com/us/therapists/national-center-for-psychological-services-inc-aiea-hi/747635</description>
        <styleUrl>#icon-1737-097138-labelson</styleUrl>
        <Point>
          <coordinates>
            -158.0312627,21.4956804,0
          </coordinates>
        </Point>
      </Placemark>
      <Placemark>
        <name>National Center for Psychological Services</name>
        <description>https://www.psychologytoday.com/us/therapists/national-center-for-psychological-services-inc-aiea-hi/747635</description>
        <styleUrl>#icon-1737-097138-labelson</styleUrl>
        <Point>
          <coordinates>
            -157.9302883,21.3794561,0
          </coordinates>
        </Point>
      </Placemark>
      <Placemark>
        <name>AiNoa Psychological Services LLC Dr. Aleksandra Tosovic-Yamashiroya, PsyD</name>
        <description>https://www.psychologytoday.com/us/therapists/aleksandra-tosovic-yamashiroya-ewa-beach-hi/723948</description>
        <styleUrl>#icon-1737-097138-labelson</styleUrl>
        <Point>
          <coordinates>
            -158.0474935,21.3605022,0
          </coordinates>
        </Point>
      </Placemark>
      <Placemark>
        <name>Serenity Counseling Services Hawaii</name>
        <description>https://www.psychologytoday.com/us/therapists/serenity-counseling-services-hawaii-aiea-hi/281633</description>
        <styleUrl>#icon-1737-097138-labelson</styleUrl>
        <Point>
          <coordinates>
            -157.9314579,21.3784533,0
          </coordinates>
        </Point>
      </Placemark>
      <Placemark>
        <name>Mindful Living Group</name>
        <description>https://www.psychologytoday.com/us/therapists/mindful-living-group-kihei-hi/176075</description>
        <styleUrl>#icon-1737-097138-labelson</styleUrl>
        <Point>
          <coordinates>
            -158.0212245,21.4803421,0
          </coordinates>
        </Point>
      </Placemark>
      <Placemark>
        <name>Mindful Living Group</name>
        <description>https://www.psychologytoday.com/us/therapists/mindful-living-group-kihei-hi/176075</description>
        <styleUrl>#icon-1737-097138-labelson</styleUrl>
        <Point>
          <coordinates>
            -156.4387039,20.7515652,0
          </coordinates>
        </Point>
      </Placemark>
      <Placemark>
        <name>Nicole Knapp - Xplor Counseling LLC</name>
        <description>https://www.psychologytoday.com/us/therapists/nicole-knapp-xplor-counseling-llc-honolulu-hi/1274061</description>
        <styleUrl>#icon-1737-097138-labelson</styleUrl>
        <Point>
          <coordinates>
            -157.8755875,21.3185893,0
          </coordinates>
        </Point>
      </Placemark>
      <Placemark>
        <name>Ellyn M Tong at Hawaii Community Counseling Services</name>
        <description>https://www.psychologytoday.com/us/therapists/ellyn-m-tong-pearl-city-hi/334221</description>
        <styleUrl>#icon-1737-097138-labelson</styleUrl>
        <Point>
          <coordinates>
            -157.9541794,21.3885604,0
          </coordinates>
        </Point>
      </Placemark>
      <Placemark>
        <name>Dominguez Psychotherapy and Counseling Center</name>
        <description>https://www.psychologytoday.com/us/therapists/dominguez-psychotherapy-and-counseling-center-el-paso-tx/1089791</description>
        <styleUrl>#icon-1737-097138-labelson</styleUrl>
        <Point>
          <coordinates>
            -106.4864399,31.7601058,0
          </coordinates>
        </Point>
      </Placemark>
      <Placemark>
        <name>Dominguez Psychotherapy</name>
        <description>https://www.psychologytoday.com/us/therapists/dominguez-psychotherapy-and-counseling-center-el-paso-tx/1089791</description>
        <styleUrl>#icon-1737-097138-labelson</styleUrl>
        <Point>
          <coordinates>
            -98.5167735,29.4258766,0
          </coordinates>
        </Point>
      </Placemark>
      <Placemark>
        <name>Dr. Laura Condon at Family Care Center - Alamo Heights Clinic</name>
        <description>https://www.psychologytoday.com/us/therapists/laura-condon-san-antonio-tx/1372739</description>
        <styleUrl>#icon-1737-097138-labelson</styleUrl>
        <Point>
          <coordinates>
            -98.4758937,29.5072966,0
          </coordinates>
        </Point>
      </Placemark>
      <Placemark>
        <name>Lindsay Minarovic</name>
        <description>https://www.psychologytoday.com/us/therapists/lindsay-minarovic-san-antonio-tx/491247</description>
        <styleUrl>#icon-1737-097138-labelson</styleUrl>
        <Point>
          <coordinates>
            -98.5677666,29.4851832,0
          </coordinates>
        </Point>
      </Placemark>
      <Placemark>
        <name>Kelly Martin </name>
        <description>https://www.psychologytoday.com/us/therapists/kelly-martin-schertz-tx/255957</description>
        <styleUrl>#icon-1737-097138-labelson</styleUrl>
        <Point>
          <coordinates>
            -98.2688665,29.5539297,0
          </coordinates>
        </Point>
      </Placemark>
      <Placemark>
        <name><![CDATA[Carrie George at LifeStance Therapists & Psychiatrists San Antonio]]></name>
        <description>https://www.psychologytoday.com/us/therapists/carrie-george-san-antonio-tx/1280867</description>
        <styleUrl>#icon-1737-097138-labelson</styleUrl>
        <Point>
          <coordinates>
            -98.4926597,29.618272,0
          </coordinates>
        </Point>
      </Placemark>
      <Placemark>
        <name>Dr. Angelo Cano Sampson Evolución Counseling Practice, PLLC</name>
        <description>https://www.psychologytoday.com/us/therapists/angela-cano-sampson-san-antonio-tx/767783</description>
        <styleUrl>#icon-1737-097138-labelson</styleUrl>
        <Point>
          <coordinates>
            -98.5807551,29.5224018,0
          </coordinates>
        </Point>
      </Placemark>
      <Placemark>
        <name>Ellie Mental Health</name>
        <description>https://www.psychologytoday.com/us/therapists/ellie-mental-health-san-antonio-san-antonio-tx/1020894</description>
        <styleUrl>#icon-1737-097138-labelson</styleUrl>
        <Point>
          <coordinates>
            -98.5496456,29.5146519,0
          </coordinates>
        </Point>
      </Placemark>
      <Placemark>
        <name>Ellie Mental Health</name>
        <description>https://www.psychologytoday.com/us/therapists/ellie-mental-health-san-antonio-san-antonio-tx/1020894</description>
        <styleUrl>#icon-1737-097138-labelson</styleUrl>
        <Point>
          <coordinates>
            -98.5676327,29.5140555,0
          </coordinates>
        </Point>
      </Placemark>
      <Placemark>
        <name><![CDATA[Kristi Tanaka LifeStance Therapists & Psychiatrists San Antonio]]></name>
        <description>https://www.psychologytoday.com/us/therapists/kristi-k-tanaka-san-antonio-tx/1241777</description>
        <styleUrl>#icon-1737-097138-labelson</styleUrl>
        <Point>
          <coordinates>
            -98.4926597,29.618272,0
          </coordinates>
        </Point>
      </Placemark>
      <Placemark>
        <name>Maureen Sullivan King</name>
        <description>https://www.psychologytoday.com/us/therapists/maureen-sullivan-king-san-antonio-tx/72317</description>
        <styleUrl>#icon-1737-097138-labelson</styleUrl>
        <Point>
          <coordinates>
            -98.4662456,29.5018999,0
          </coordinates>
        </Point>
      </Placemark>
      <Placemark>
        <name>Sherry Rantz</name>
        <description>https://www.psychologytoday.com/us/therapists/sherry-rantz-san-antonio-tx/66278</description>
        <styleUrl>#icon-1737-097138-labelson</styleUrl>
        <Point>
          <coordinates>
            -98.5205312,29.566316,0
          </coordinates>
        </Point>
      </Placemark>
      <Placemark>
        <name>Restoration House - Texas Alcohol and Drug Offender Education Classes</name>
        <description>https://www.psychologytoday.com/us/therapists/restoration-house-texas-houston-tx/1006661</description>
        <styleUrl>#icon-1737-097138-labelson</styleUrl>
        <Point>
          <coordinates>
            -97.7276346,31.1182576,0
          </coordinates>
        </Point>
      </Placemark>
      <Placemark>
        <name>No Stress, No Stigma Private Practice</name>
        <description>https://www.psychologytoday.com/us/therapists/no-stress-no-stigma-private-practice--redmond-wa/1181623</description>
        <styleUrl>#icon-1737-097138-labelson</styleUrl>
        <Point>
          <coordinates>
            -122.3576434,47.6247605,0
          </coordinates>
        </Point>
      </Placemark>
      <Placemark>
        <name>TouchPoint Counseling</name>
        <description>https://www.psychologytoday.com/us/therapists/touchpoint-counseling-gig-harbor-wa/809777</description>
        <styleUrl>#icon-1737-097138-labelson</styleUrl>
        <Point>
          <coordinates>
            -122.5930891,47.3223742,0
          </coordinates>
        </Point>
      </Placemark>
      <Placemark>
        <name>TouchPoint Counseling</name>
        <description>https://www.psychologytoday.com/us/therapists/touchpoint-counseling-gig-harbor-wa/809777</description>
        <styleUrl>#icon-1737-097138-labelson</styleUrl>
        <Point>
          <coordinates>
            -122.2538524,47.195273,0
          </coordinates>
        </Point>
      </Placemark>
      <Placemark>
        <name>Karen M Buckley</name>
        <description>https://www.psychologytoday.com/us/therapists/karen-m-buckley-olympia-wa/164582</description>
        <styleUrl>#icon-1737-097138-labelson</styleUrl>
        <Point>
          <coordinates>
            -122.8647735,47.044931,0
          </coordinates>
        </Point>
      </Placemark>
      <Placemark>
        <name><![CDATA[Mahina Johnson at LifeStance Therapists & Psychiatrists Olympia]]></name>
        <description>https://www.psychologytoday.com/us/therapists/mahina-johnson-olympia-wa/1131705</description>
        <styleUrl>#icon-1737-097138-labelson</styleUrl>
        <Point>
          <coordinates>
            -122.9030147,47.0486876,0
          </coordinates>
        </Point>
      </Placemark>
      <Placemark>
        <name>Bethany Sutton at Pacific Roots Therapy</name>
        <description>https://www.psychologytoday.com/us/therapists/bethany-sutton-puyallup-wa/466672</description>
        <styleUrl>#icon-1737-097138-labelson</styleUrl>
        <Point>
          <coordinates>
            -122.2940574,47.1908914,0
          </coordinates>
        </Point>
      </Placemark>
      <Placemark>
        <name>Wentworth Marriage and Family Therapy</name>
        <description>https://www.psychologytoday.com/us/therapists/wentworth-marriage-family-therapy-yelm-wa/432794</description>
        <styleUrl>#icon-1737-097138-labelson</styleUrl>
        <Point>
          <coordinates>
            -122.4989727,46.7996585,0
          </coordinates>
        </Point>
      </Placemark>
      <Placemark>
        <name><![CDATA[LifeStance Therapists & Psychiatrists Tacoma]]></name>
        <description>https://www.psychologytoday.com/us/therapists/lifestance-health-tacoma-wa/1410998</description>
        <styleUrl>#icon-1737-097138-labelson</styleUrl>
        <Point>
          <coordinates>
            -122.4825302,47.2378106,0
          </coordinates>
        </Point>
      </Placemark>
      <Placemark>
        <name>Circle in a Square Counseling</name>
        <description>https://www.psychologytoday.com/us/therapists/circle-in-a-square-counseling-university-place-wa/159268</description>
        <styleUrl>#icon-1737-097138-labelson</styleUrl>
        <Point>
          <coordinates>
            -122.82583,46.9989424,0
          </coordinates>
        </Point>
      </Placemark>
      <Placemark>
        <name><![CDATA[Christina Sand at LifeStance Therapists & Psychiatrists Renton]]></name>
        <description>https://www.psychologytoday.com/us/therapists/christina-sand-renton-wa/1258689</description>
        <styleUrl>#icon-1737-097138-labelson</styleUrl>
        <Point>
          <coordinates>
            -122.2369469,47.4735321,0
          </coordinates>
        </Point>
      </Placemark>
      <Placemark>
        <name>Joyce Moody</name>
        <description>https://www.psychologytoday.com/us/therapists/joyce-moody-licsw-tacoma-wa/87486</description>
        <styleUrl>#icon-1737-097138-labelson</styleUrl>
        <Point>
          <coordinates>
            -122.471286,47.21777,0
          </coordinates>
        </Point>
      </Placemark>
      <Placemark>
        <name><![CDATA[Wendy Long at LifeStance Therapists & Psychiatrists Renton]]></name>
        <description>https://www.psychologytoday.com/us/therapists/wendy-long-renton-wa/1252236</description>
        <styleUrl>#icon-1737-097138-labelson</styleUrl>
        <Point>
          <coordinates>
            -122.213424,47.4461643,0
          </coordinates>
        </Point>
      </Placemark>
      <Placemark>
        <name>Benjamin Dobbeck</name>
        <description>https://www.psychologytoday.com/us/therapists/benjamin-r-dobbeck-tukwila-wa/216369</description>
        <styleUrl>#icon-1737-097138-labelson</styleUrl>
        <Point>
          <coordinates>
            -122.2525965,47.4691328,0
          </coordinates>
        </Point>
      </Placemark>
      <Placemark>
        <name><![CDATA[Ray Morales at LifeStance Therapists & Psychiatrists Olympia]]></name>
        <description>https://www.psychologytoday.com/us/therapists/ray-morales-olympia-wa/1147544</description>
        <styleUrl>#icon-1737-097138-labelson</styleUrl>
        <Point>
          <coordinates>
            -122.9030147,47.0486876,0
          </coordinates>
        </Point>
      </Placemark>
      <Placemark>
        <name><![CDATA[Veronica (Roni) Friang LifeStance Therapists & Psychiatrists Renton]]></name>
        <description>https://www.psychologytoday.com/us/therapists/veronica-roni-friang-renton-wa/1258700</description>
        <styleUrl>#icon-1737-097138-labelson</styleUrl>
        <Point>
          <coordinates>
            -122.2369469,47.4735321,0
          </coordinates>
        </Point>
      </Placemark>
      <Placemark>
        <name>Pathways Mental Health Services</name>
        <description>https://www.psychologytoday.com/us/therapists/pathways-mental-health-services-pllc-olympia-wa/1211125</description>
        <styleUrl>#icon-1737-097138-labelson</styleUrl>
        <Point>
          <coordinates>
            -122.9527969,47.0457681,0
          </coordinates>
        </Point>
      </Placemark>
      <Placemark>
        <name>Jill Cole</name>
        <description>https://www.psychologytoday.com/us/therapists/jill-cole-seattle-wa/64431</description>
        <styleUrl>#icon-1737-097138-labelson</styleUrl>
        <Point>
          <coordinates>
            -122.3017687,47.6652498,0
          </coordinates>
        </Point>
      </Placemark>
      <Placemark>
        <name><![CDATA[Graham Murtaugh at LifeStance Therapists & Psychiatrists Tacoma]]></name>
        <description>https://www.psychologytoday.com/us/therapists/graham-murtaugh-tacoma-wa/1258669</description>
        <styleUrl>#icon-1737-097138-labelson</styleUrl>
        <Point>
          <coordinates>
            -122.4825302,47.2378106,0
          </coordinates>
        </Point>
      </Placemark>
      <Placemark>
        <name>Counseling Services For Wellbeing</name>
        <description>https://www.psychologytoday.com/us/therapists/counseling-services-for-wellbeing-burien-wa/722666</description>
        <styleUrl>#icon-1737-097138-labelson</styleUrl>
        <Point>
          <coordinates>
            -122.3359331,47.4609817,0
          </coordinates>
        </Point>
      </Placemark>
      <Placemark>
        <name>Counseling Services for Wellbeing - Smokey Point</name>
        <description>https://www.psychologytoday.com/us/therapists/counseling-services-for-wellbeing-burien-wa/722666</description>
        <styleUrl>#icon-1737-097138-labelson</styleUrl>
        <Point>
          <coordinates>
            -122.1843611,48.1537667,0
          </coordinates>
        </Point>
      </Placemark>
      <Placemark>
        <name>Holly Fedele</name>
        <description>https://www.psychologytoday.com/us/therapists/holly-fedele-biloxi-ms/1058290</description>
        <styleUrl>#icon-1737-097138-labelson</styleUrl>
        <Point>
          <coordinates>
            -88.9292046,30.443505,0
          </coordinates>
        </Point>
      </Placemark>
      <Placemark>
        <name>Charla Ann Wilson</name>
        <description>https://www.psychologytoday.com/us/therapists/charla-ann-wilson-gulfport-ms/273294</description>
        <styleUrl>#icon-1737-097138-labelson</styleUrl>
        <Point>
          <coordinates>
            -89.0963331,30.3697076,0
          </coordinates>
        </Point>
      </Placemark>
      <Placemark>
        <name>Veronica Davis at LPC Services, LLC</name>
        <description>https://www.psychologytoday.com/us/therapists/veronica-davis-mobile-al/235747</description>
        <styleUrl>#icon-1737-097138-labelson</styleUrl>
        <Point>
          <coordinates>
            -88.1175298,30.6691447,0
          </coordinates>
        </Point>
      </Placemark>
      <Placemark>
        <name>Alvin M. Baker Jr</name>
        <description>https://www.psychologytoday.com/us/therapists/alvin-m-baker-jr-ocean-springs-ms/804390</description>
        <styleUrl>#icon-1737-097138-labelson</styleUrl>
        <Point>
          <coordinates>
            -88.8265295,30.4152062,0
          </coordinates>
        </Point>
      </Placemark>
      <Placemark>
        <name>Psycamore Psychiatric Programs</name>
        <description>https://www.psychologytoday.com/us/therapists/psycamore-in-flowood-southaven-biloxi-flowood-ms/290895</description>
        <styleUrl>#icon-1737-097138-labelson</styleUrl>
        <Point>
          <coordinates>
            -90.1066531,32.3235994,0
          </coordinates>
        </Point>
      </Placemark>
      <Placemark>
        <name>Cynthia Graham at Rivers Psychotherapy Services</name>
        <description>https://www.psychologytoday.com/us/therapists/cynthia-e-graham-gulfport-ms/479681</description>
        <styleUrl>#icon-1737-097138-labelson</styleUrl>
        <Point>
          <coordinates>
            -89.0432373,30.386087,0
          </coordinates>
        </Point>
      </Placemark>
      <Placemark>
        <name>Southern Behavioral Medicine Associates</name>
        <description>https://www.psychologytoday.com/us/therapists/geralyn-datz-hattiesburg-ms/236186</description>
        <styleUrl>#icon-1737-097138-labelson</styleUrl>
        <Point>
          <coordinates>
            -89.3561156,31.3307436,0
          </coordinates>
        </Point>
      </Placemark>
      <Placemark>
        <name>Jaysa P Jones</name>
        <description>https://www.psychologytoday.com/us/therapists/jaysa-p-jones-albuquerque-nm/275461</description>
        <styleUrl>#icon-1737-097138-labelson</styleUrl>
        <Point>
          <coordinates>
            -106.6409198,35.1338614,0
          </coordinates>
        </Point>
      </Placemark>
      <Placemark>
        <name>Zoe Cornwell at Grace Therapy Services, LLC</name>
        <description>https://www.psychologytoday.com/us/therapists/zoe-cornwell-richland-wa/1166956</description>
        <styleUrl>#icon-1737-097138-labelson</styleUrl>
        <Point>
          <coordinates>
            -106.5969798,35.131938,0
          </coordinates>
        </Point>
      </Placemark>
      <Placemark>
        <name>Cottonwood Counseling LLC</name>
        <description>https://www.psychologytoday.com/us/therapists/cottonwood-counseling-albuquerque-nm/437890</description>
        <styleUrl>#icon-1737-097138-labelson</styleUrl>
        <Point>
          <coordinates>
            -106.6793545,35.1571207,0
          </coordinates>
        </Point>
      </Placemark>
      <Placemark>
        <name>Cottonwood Counseling</name>
        <description>https://www.psychologytoday.com/us/therapists/cottonwood-counseling-albuquerque-nm/437890</description>
        <styleUrl>#icon-1737-097138-labelson</styleUrl>
        <Point>
          <coordinates>
            -106.5857543,35.1294903,0
          </coordinates>
        </Point>
      </Placemark>
      <Placemark>
        <name>Timothy P Varner</name>
        <description>https://www.psychologytoday.com/us/therapists/timothy-p-varner-albuquerque-nm/341843</description>
        <styleUrl>#icon-1737-097138-labelson</styleUrl>
        <Point>
          <coordinates>
            -106.632249,35.0838053,0
          </coordinates>
        </Point>
      </Placemark>
      <Placemark>
        <name>Mandala Integrated Therapy</name>
        <description>https://www.psychologytoday.com/us/therapists/michelle-a-tafoya-albuquerque-nm/701662</description>
        <styleUrl>#icon-1737-097138-labelson</styleUrl>
        <Point>
          <coordinates>
            -106.5852122,35.1965753,0
          </coordinates>
        </Point>
      </Placemark>
      <Placemark>
        <name>Discovering Greatness, LLC</name>
        <description>https://www.psychologytoday.com/us/therapists/discovering-greatness-llc-albuquerque-nm/346477</description>
        <styleUrl>#icon-1737-097138-labelson</styleUrl>
        <Point>
          <coordinates>
            -106.6556147,35.2369773,0
          </coordinates>
        </Point>
      </Placemark>
      <Placemark>
        <name>Discovering Greatness, LLC</name>
        <description>https://www.psychologytoday.com/us/therapists/discovering-greatness-llc-albuquerque-nm/346477</description>
        <styleUrl>#icon-1737-097138-labelson</styleUrl>
        <Point>
          <coordinates>
            -106.6550251,35.0833265,0
          </coordinates>
        </Point>
      </Placemark>
      <Placemark>
        <name>Jon Edward Rabka at Follow Your Bliss Endeavors LLC</name>
        <description>https://www.psychologytoday.com/us/therapists/jon-edward-rabka-albuquerque-nm/153623</description>
        <styleUrl>#icon-1737-097138-labelson</styleUrl>
        <Point>
          <coordinates>
            -106.6973603,35.2578759,0
          </coordinates>
        </Point>
      </Placemark>
      <Placemark>
        <name>Waves Behavioral Health</name>
        <description>https://www.psychologytoday.com/us/therapists/waves-behavioral-health-albuquerque-nm/917298</description>
        <styleUrl>#icon-1737-097138-labelson</styleUrl>
        <Point>
          <coordinates>
            -106.5356861,35.1753516,0
          </coordinates>
        </Point>
      </Placemark>
      <Placemark>
        <name>Waves Behavioral Health</name>
        <description>https://www.psychologytoday.com/us/therapists/waves-behavioral-health-albuquerque-nm/917298</description>
        <styleUrl>#icon-1737-097138-labelson</styleUrl>
        <Point>
          <coordinates>
            -106.6683968,35.1977334,0
          </coordinates>
        </Point>
      </Placemark>
      <Placemark>
        <name>Beth Roth</name>
        <description>https://www.psychologytoday.com/us/therapists/beth-roth-albuquerque-nm/267275</description>
        <styleUrl>#icon-1737-097138-labelson</styleUrl>
        <Point>
          <coordinates>
            -106.6703963,35.1029697,0
          </coordinates>
        </Point>
      </Placemark>
      <Placemark>
        <name>Whole Self Counseling</name>
        <description>https://www.psychologytoday.com/us/therapists/whole-self-counseling-albuquerque-nm/1124875</description>
        <styleUrl>#icon-1737-097138-labelson</styleUrl>
        <Point>
          <coordinates>
            -106.5612359,35.1302461,0
          </coordinates>
        </Point>
      </Placemark>
      <Placemark>
        <name>High Desert Healing</name>
        <description>https://www.psychologytoday.com/us/therapists/high-desert-healing-llc-albuquerque-nm/401024</description>
        <styleUrl>#icon-1737-097138-labelson</styleUrl>
        <Point>
          <coordinates>
            -106.604566,35.128958,0
          </coordinates>
        </Point>
      </Placemark>
      <Placemark>
        <name>A Harriet Bugel at True Color Counseling</name>
        <description>https://www.psychologytoday.com/us/therapists/a-harriette-bugel-albuquerque-nm/75018</description>
        <styleUrl>#icon-1737-097138-labelson</styleUrl>
        <Point>
          <coordinates>
            -106.6044475,35.0631855,0
          </coordinates>
        </Point>
      </Placemark>
      <Placemark>
        <name>Duke City Mind Institute</name>
        <description>https://www.psychologytoday.com/us/therapists/duke-city-mind-institute-llc-albuquerque-nm/989313</description>
        <styleUrl>#icon-1737-097138-labelson</styleUrl>
        <Point>
          <coordinates>
            -106.584071,35.144488,0
          </coordinates>
        </Point>
      </Placemark>
      <Placemark>
        <name>Odyssey Counseling</name>
        <description>https://www.psychologytoday.com/us/therapists/odyssey-counseling-llc-albuquerque-nm/101206</description>
        <styleUrl>#icon-1737-097138-labelson</styleUrl>
        <Point>
          <coordinates>
            -106.6355094,35.1235582,0
          </coordinates>
        </Point>
      </Placemark>
      <Placemark>
        <name>Amber Roberts</name>
        <description>https://www.psychologytoday.com/us/therapists/amber-roberts-albuquerque-nm/782535</description>
        <styleUrl>#icon-1737-097138-labelson</styleUrl>
        <Point>
          <coordinates>
            -106.7470536,35.1509567,0
          </coordinates>
        </Point>
      </Placemark>
      <Placemark>
        <name>Cynthia Sontag</name>
        <description>https://www.psychologytoday.com/us/therapists/cynthia-sontag-albuquerque-nm/106330</description>
        <styleUrl>#icon-1737-097138-labelson</styleUrl>
        <Point>
          <coordinates>
            -106.6045473,35.1154674,0
          </coordinates>
        </Point>
      </Placemark>
      <Placemark>
        <name>Tor Travis</name>
        <description>https://www.psychologytoday.com/us/therapists/tor-travis-santa-fe-nm/771871</description>
        <styleUrl>#icon-1737-097138-labelson</styleUrl>
        <Point>
          <coordinates>
            -105.7585908,35.4578674,0
          </coordinates>
        </Point>
      </Placemark>
      <Placemark>
        <name>Ellie Mental Health</name>
        <description>https://www.psychologytoday.com/us/therapists/ellie-mental-health-albuquerque-albuquerque-nm/1239834</description>
        <styleUrl>#icon-1737-097138-labelson</styleUrl>
        <Point>
          <coordinates>
            -106.5893381,35.1023302,0
          </coordinates>
        </Point>
      </Placemark>
      <Placemark>
        <name>Ellie Mental Health</name>
        <description>https://www.psychologytoday.com/us/therapists/ellie-mental-health-albuquerque-albuquerque-nm/1239834</description>
        <styleUrl>#icon-1737-097138-labelson</styleUrl>
        <Point>
          <coordinates>
            -105.940559,35.6593079,0
          </coordinates>
        </Point>
      </Placemark>
      <Placemark>
        <name>Korinna Dennehey at Discovering Greatness, LLC</name>
        <description>https://www.psychologytoday.com/us/therapists/korinna-dennehey-albuquerque-nm/866888</description>
        <styleUrl>#icon-1737-097138-labelson</styleUrl>
        <Point>
          <coordinates>
            -106.6556147,35.2369773,0
          </coordinates>
        </Point>
      </Placemark>
      <Placemark>
        <name>Korinna Dennehey at Discovering Greatness, LLC</name>
        <description>https://www.psychologytoday.com/us/therapists/korinna-dennehey-albuquerque-nm/866888</description>
        <styleUrl>#icon-1737-097138-labelson</styleUrl>
        <Point>
          <coordinates>
            -106.6550251,35.0833265,0
          </coordinates>
        </Point>
      </Placemark>
      <Placemark>
        <name>Small Steps Child Counseling</name>
        <description>https://www.psychologytoday.com/us/therapists/small-steps-child-counseling-albuquerque-nm/104271</description>
        <styleUrl>#icon-1737-097138-labelson</styleUrl>
        <Point>
          <coordinates>
            -106.6293241,35.0902253,0
          </coordinates>
        </Point>
      </Placemark>
      <Placemark>
        <name>Ronda Swindle @ Chenal Family Therapy
</name>
        <description>https://www.psychologytoday.com/us/therapists/rhonda-swindle-little-rock-ar/196573</description>
        <styleUrl>#icon-1737-097138-labelson</styleUrl>
        <Point>
          <coordinates>
            -92.3877928,34.7532133,0
          </coordinates>
        </Point>
      </Placemark>
      <Placemark>
        <name>Rhonda Swindle @ Chenal Family Therapy
</name>
        <description>https://www.psychologytoday.com/us/therapists/rhonda-swindle-little-rock-ar/196573</description>
        <styleUrl>#icon-1737-097138-labelson</styleUrl>
        <Point>
          <coordinates>
            -92.420244,35.068059,0
          </coordinates>
        </Point>
      </Placemark>
      <Placemark>
        <name>Kailah Tidwell @ Moonlight Mental Health</name>
        <description>https://www.psychologytoday.com/us/therapists/kailah-tidwell-little-rock-ar/1397703</description>
        <styleUrl>#icon-1737-097138-labelson</styleUrl>
        <Point>
          <coordinates>
            -92.339983,34.7591575,0
          </coordinates>
        </Point>
      </Placemark>
      <Placemark>
        <name>Amy Lasiter Kozlowski @ Psychiatric Associates of Arkansas</name>
        <description>https://www.psychologytoday.com/us/therapists/nancy-lasiter-kozlowski-little-rock-ar/232212</description>
        <styleUrl>#icon-1737-097138-labelson</styleUrl>
        <Point>
          <coordinates>
            -92.3810502,34.7443376,0
          </coordinates>
        </Point>
      </Placemark>
      <Placemark>
        <name>Hillcrest Therapy Center</name>
        <description>https://www.psychologytoday.com/us/therapists/hillcrest-therapy-center-little-rock-ar/323985</description>
        <styleUrl>#icon-1737-097138-labelson</styleUrl>
        <Point>
          <coordinates>
            -92.3446505,34.7554932,0
          </coordinates>
        </Point>
      </Placemark>
      <Placemark>
        <name>Kellee McCoy Argenta Counseling and Wellness (North Little Rock)</name>
        <description>https://www.psychologytoday.com/us/therapists/kellee-mccoy-north-little-rock-ar/296459</description>
        <styleUrl>#icon-1737-097138-labelson</styleUrl>
        <Point>
          <coordinates>
            -92.2678856,34.758686,0
          </coordinates>
        </Point>
      </Placemark>
      <Placemark>
        <name>Kellee McCoy @ Argenta Counseling and Wellness (Little Rock)</name>
        <description>https://www.psychologytoday.com/us/therapists/kellee-mccoy-north-little-rock-ar/296459</description>
        <styleUrl>#icon-1737-097138-labelson</styleUrl>
        <Point>
          <coordinates>
            -92.3980877,34.746385,0
          </coordinates>
        </Point>
      </Placemark>
      <Placemark>
        <name>Moonlight Mental Health</name>
        <description>https://www.psychologytoday.com/us/therapists/moonlight-mental-health-benton-ar/367056</description>
        <styleUrl>#icon-1737-097138-labelson</styleUrl>
        <Point>
          <coordinates>
            -92.5873131,34.5619053,0
          </coordinates>
        </Point>
      </Placemark>
      <Placemark>
        <name>Moonlight Mental Health</name>
        <description>https://www.psychologytoday.com/us/therapists/moonlight-mental-health-benton-ar/367056</description>
        <styleUrl>#icon-1737-097138-labelson</styleUrl>
        <Point>
          <coordinates>
            -92.339983,34.7591575,0
          </coordinates>
        </Point>
      </Placemark>
      <Placemark>
        <name>Paula Mainard @ In Sync Counseling</name>
        <description>https://www.psychologytoday.com/us/therapists/paula-m-mainard-conway-ar/976242</description>
        <styleUrl>#icon-1737-097138-labelson</styleUrl>
        <Point>
          <coordinates>
            -92.4372019,35.0874851,0
          </coordinates>
        </Point>
      </Placemark>
      <Placemark>
        <name>Paula Mainard @ In Sync Counseling</name>
        <description>https://www.psychologytoday.com/us/therapists/paula-m-mainard-conway-ar/976242</description>
        <styleUrl>#icon-1737-097138-labelson</styleUrl>
        <Point>
          <coordinates>
            -92.387461,35.2332161,0
          </coordinates>
        </Point>
      </Placemark>
      <Placemark>
        <name>Heather R. Morrow
</name>
        <description>https://www.psychologytoday.com/us/therapists/heather-r-morrow-bryant-ar/1163529</description>
        <styleUrl>#icon-1737-097138-labelson</styleUrl>
        <Point>
          <coordinates>
            -92.4993262,34.6158272,0
          </coordinates>
        </Point>
      </Placemark>
      <Placemark>
        <name>Blue Sky Hope And Recovery</name>
        <description>https://www.psychologytoday.com/us/therapists/blue-sky-hope-and-recovery-bryant-ar/421767</description>
        <styleUrl>#icon-1737-097138-labelson</styleUrl>
        <Point>
          <coordinates>
            -92.5074327,34.6184539,0
          </coordinates>
        </Point>
      </Placemark>
      <Placemark>
        <name>Jennifer Heard
</name>
        <description>https://www.psychologytoday.com/us/therapists/jennifer-heard-north-little-rock-ar/1005861</description>
        <styleUrl>#icon-1737-097138-labelson</styleUrl>
        <Point>
          <coordinates>
            -92.2367425,34.7962045,0
          </coordinates>
        </Point>
      </Placemark>
      <Placemark>
        <name>Holly Colclasure @ Chenal Family Therapy - Cabot Office</name>
        <description>https://www.psychologytoday.com/us/therapists/holly-colclasure-cabot-ar/723113</description>
        <styleUrl>#icon-1737-097138-labelson</styleUrl>
        <Point>
          <coordinates>
            -92.0079993,34.9569133,0
          </coordinates>
        </Point>
      </Placemark>
      <Placemark>
        <name>Robert Yerton
</name>
        <description>https://www.psychologytoday.com/us/therapists/robert-yerton-greenbrier-ar/985402</description>
        <styleUrl>#icon-1737-097138-labelson</styleUrl>
        <Point>
          <coordinates>
            -92.3874946,35.2332437,0
          </coordinates>
        </Point>
      </Placemark>
      <Placemark>
        <name>Robert Yerton @ In Sync Counseling</name>
        <description>https://www.psychologytoday.com/us/therapists/robert-yerton-greenbrier-ar/985402</description>
        <styleUrl>#icon-1737-097138-labelson</styleUrl>
        <Point>
          <coordinates>
            -92.4373521,35.0875861,0
          </coordinates>
        </Point>
      </Placemark>
      <Placemark>
        <name>Jennifer Downey-Rutledge @ Chenal Family Therapy - Cabot Office</name>
        <description>https://www.psychologytoday.com/us/therapists/jennifer-downey-rutledge-cabot-ar/874884</description>
        <styleUrl>#icon-1737-097138-labelson</styleUrl>
        <Point>
          <coordinates>
            -92.0080664,34.957021,0
          </coordinates>
        </Point>
      </Placemark>
      <Placemark>
        <name>Tierney Linville @ In Sync Counseling</name>
        <description>https://www.psychologytoday.com/us/therapists/tierney-linville-conway-ar/1178986</description>
        <styleUrl>#icon-1737-097138-labelson</styleUrl>
        <Point>
          <coordinates>
            -92.4371161,35.087349,0
          </coordinates>
        </Point>
      </Placemark>
      <Placemark>
        <name>Tierney Linville @ In Sync Counseling</name>
        <description>https://www.psychologytoday.com/us/therapists/tierney-linville-conway-ar/1178986</description>
        <styleUrl>#icon-1737-097138-labelson</styleUrl>
        <Point>
          <coordinates>
            -92.3877104,35.2332391,0
          </coordinates>
        </Point>
      </Placemark>
      <Placemark>
        <name>Brandi Rogers @ Because You Matter Counseling PLLC</name>
        <description>https://www.psychologytoday.com/us/therapists/brandi-rodgers-conway-ar/204231</description>
        <styleUrl>#icon-1737-097138-labelson</styleUrl>
        <Point>
          <coordinates>
            -92.3976727,35.0904812,0
          </coordinates>
        </Point>
      </Placemark>
      <Placemark>
        <name><![CDATA[Conway Counseling & Wellness Center, PLLC]]></name>
        <description>https://www.psychologytoday.com/us/therapists/conway-counseling-wellness-center-pllc-conway-ar/344185</description>
        <styleUrl>#icon-1737-097138-labelson</styleUrl>
        <Point>
          <coordinates>
            -92.4423764,35.0689879,0
          </coordinates>
        </Point>
      </Placemark>
      <Placemark>
        <name><![CDATA[Conway Counseling & Wellness Center - Clinton]]></name>
        <description>https://www.psychologytoday.com/us/therapists/conway-counseling-wellness-center-pllc-conway-ar/344185</description>
        <styleUrl>#icon-1737-097138-labelson</styleUrl>
        <Point>
          <coordinates>
            -92.4540964,35.5751468,0
          </coordinates>
        </Point>
      </Placemark>
      <Placemark>
        <name><![CDATA[Chelsea Farrar @ Conway Counseling & Wellness Center - Clinton]]></name>
        <description>https://www.psychologytoday.com/us/therapists/chelsea-farrar-clinton-ar/404289</description>
        <styleUrl>#icon-1737-097138-labelson</styleUrl>
        <Point>
          <coordinates>
            -92.4540092,35.5751915,0
          </coordinates>
        </Point>
      </Placemark>
      <Placemark>
        <name>Amy Melissa Johnson
</name>
        <description>https://www.psychologytoday.com/us/therapists/amy-melissa-johnson-conway-ar/1351439</description>
        <styleUrl>#icon-1737-097138-labelson</styleUrl>
        <Point>
          <coordinates>
            -92.3975172,35.0904525,0
          </coordinates>
        </Point>
      </Placemark>
      <Placemark>
        <name>Laurie Geurin @ Chenal Family Therapy - Hot Springs Office</name>
        <description>https://www.psychologytoday.com/us/therapists/laurie-geurin-hot-springs-ar/872258</description>
        <styleUrl>#icon-1737-097138-labelson</styleUrl>
        <Point>
          <coordinates>
            -93.0367583,34.4937335,0
          </coordinates>
        </Point>
      </Placemark>
      <Placemark>
        <name>Juan Moriel In Riverside
</name>
        <description>https://www.psychologytoday.com/us/therapists/juan-moriel-in-riverside-riverside-ca/67132</description>
        <styleUrl>#icon-1737-097138-labelson</styleUrl>
        <Point>
          <coordinates>
            -117.385425,33.9532611,0
          </coordinates>
        </Point>
      </Placemark>
      <Placemark>
        <name>William Huntley
</name>
        <description>https://www.psychologytoday.com/us/therapists/william-huntley-yorba-linda-ca/1206861</description>
        <styleUrl>#icon-1737-097138-labelson</styleUrl>
        <Point>
          <coordinates>
            -117.8132571,33.8885035,0
          </coordinates>
        </Point>
      </Placemark>
      <Placemark>
        <name>William Huntley
</name>
        <description>https://www.psychologytoday.com/us/therapists/william-huntley-yorba-linda-ca/1206861</description>
        <styleUrl>#icon-1737-097138-labelson</styleUrl>
        <Point>
          <coordinates>
            -117.9379952,33.7742692,0
          </coordinates>
        </Point>
      </Placemark>
      <Placemark>
        <name>Kyung St Laurence
</name>
        <description>https://www.psychologytoday.com/us/therapists/kyung-st-laurence-el-cajon-ca/1091876</description>
        <styleUrl>#icon-1737-097138-labelson</styleUrl>
        <Point>
          <coordinates>
            -116.9638573,32.7959275,0
          </coordinates>
        </Point>
      </Placemark>
      <Placemark>
        <name>Kyung St. Laurence
</name>
        <description>https://www.psychologytoday.com/us/therapists/kyung-st-laurence-el-cajon-ca/1091876</description>
        <styleUrl>#icon-1737-097138-labelson</styleUrl>
        <Point>
          <coordinates>
            -117.0841955,32.6400541,0
          </coordinates>
        </Point>
      </Placemark>
      <Placemark>
        <name>R Boris Greenberg
</name>
        <description>https://www.psychologytoday.com/us/therapists/r-boris-greenberg-tarzana-ca/61338</description>
        <styleUrl>#icon-1737-097138-labelson</styleUrl>
        <Point>
          <coordinates>
            -118.5447573,34.1722605,0
          </coordinates>
        </Point>
      </Placemark>
      <Placemark>
        <name>Cheryl L Davis
</name>
        <description>https://www.psychologytoday.com/us/therapists/cheryl-l-davis-san-clemente-ca/1261041</description>
        <styleUrl>#icon-1737-097138-labelson</styleUrl>
        <Point>
          <coordinates>
            -117.5848025,33.4154744,0
          </coordinates>
        </Point>
      </Placemark>
      <Placemark>
        <name>Cheryl L Davis
</name>
        <description>https://www.psychologytoday.com/us/therapists/cheryl-l-davis-san-clemente-ca/1261041</description>
        <styleUrl>#icon-1737-097138-labelson</styleUrl>
        <Point>
          <coordinates>
            -117.8956062,34.0566376,0
          </coordinates>
        </Point>
      </Placemark>
      <Placemark>
        <name>Jennifer Hardy
</name>
        <description>https://www.psychologytoday.com/us/therapists/jennifer-hardy-salinas-ca/1244215</description>
        <styleUrl>#icon-1737-097138-labelson</styleUrl>
        <Point>
          <coordinates>
            -121.6397184,36.7272444,0
          </coordinates>
        </Point>
      </Placemark>
      <Placemark>
        <name>Jennifer Hardy
</name>
        <description>https://www.psychologytoday.com/us/therapists/jennifer-hardy-salinas-ca/1244215</description>
        <styleUrl>#icon-1737-097138-labelson</styleUrl>
        <Point>
          <coordinates>
            -122.4523855,37.6904558,0
          </coordinates>
        </Point>
      </Placemark>
      <Placemark>
        <name>Jess Quessenerry
</name>
        <description>https://www.psychologytoday.com/us/therapists/jess-quessenberry-north-highlands-ca/1140191</description>
        <styleUrl>#icon-1737-097138-labelson</styleUrl>
        <Point>
          <coordinates>
            -121.3713164,38.6830879,0
          </coordinates>
        </Point>
      </Placemark>
      <Placemark>
        <name>Jess Quessenberry
</name>
        <description>https://www.psychologytoday.com/us/therapists/jess-quessenberry-north-highlands-ca/1140191</description>
        <styleUrl>#icon-1737-097138-labelson</styleUrl>
        <Point>
          <coordinates>
            -116.9777094,32.804114,0
          </coordinates>
        </Point>
      </Placemark>
      <Placemark>
        <name>Kayleigh Soto @ Bonmente
</name>
        <description>https://www.psychologytoday.com/us/therapists/kayleigh-soto-hermosa-beach-ca/872701</description>
        <styleUrl>#icon-1737-097138-labelson</styleUrl>
        <Point>
          <coordinates>
            -118.394314,33.8670086,0
          </coordinates>
        </Point>
      </Placemark>
      <Placemark>
        <name>Kayleigh Soto @ Bonmente
</name>
        <description>https://www.psychologytoday.com/us/therapists/kayleigh-soto-hermosa-beach-ca/872701</description>
        <styleUrl>#icon-1737-097138-labelson</styleUrl>
        <Point>
          <coordinates>
            -118.410958,33.8840789,0
          </coordinates>
        </Point>
      </Placemark>
      <Placemark>
        <name>Charity Miller
</name>
        <description>https://www.psychologytoday.com/us/therapists/charity-miller-los-angeles-ca/1163317</description>
        <styleUrl>#icon-1737-097138-labelson</styleUrl>
        <Point>
          <coordinates>
            -118.2468148,33.9697897,0
          </coordinates>
        </Point>
      </Placemark>
      <Placemark>
        <name>Charity Miller
</name>
        <description>https://www.psychologytoday.com/us/therapists/charity-miller-los-angeles-ca/1163317</description>
        <styleUrl>#icon-1737-097138-labelson</styleUrl>
        <Point>
          <coordinates>
            -118.2117257,34.0502898,0
          </coordinates>
        </Point>
      </Placemark>
      <Placemark>
        <name>Michelle Settergren
</name>
        <description>https://www.psychologytoday.com/us/therapists/michelle-settergren-pacifica-ca/1141690</description>
        <styleUrl>#icon-1737-097138-labelson</styleUrl>
        <Point>
          <coordinates>
            -122.4806894,37.6101767,0
          </coordinates>
        </Point>
      </Placemark>
      <Placemark>
        <name>Michelle Settergren
</name>
        <description>https://www.psychologytoday.com/us/therapists/michelle-settergren-pacifica-ca/1141690</description>
        <styleUrl>#icon-1737-097138-labelson</styleUrl>
        <Point>
          <coordinates>
            -121.6508764,36.7305464,0
          </coordinates>
        </Point>
      </Placemark>
      <Placemark>
        <name>Derek Scott Hoxby
</name>
        <description>https://www.psychologytoday.com/us/therapists/derek-scott-hoxby-torrance-ca/84087</description>
        <styleUrl>#icon-1737-097138-labelson</styleUrl>
        <Point>
          <coordinates>
            -118.3478841,33.8062009,0
          </coordinates>
        </Point>
      </Placemark>
      <Placemark>
        <name>Derek Scott Hoxby
</name>
        <description>https://www.psychologytoday.com/us/therapists/derek-scott-hoxby-torrance-ca/84087</description>
        <styleUrl>#icon-1737-097138-labelson</styleUrl>
        <Point>
          <coordinates>
            -117.8750976,33.78659,0
          </coordinates>
        </Point>
      </Placemark>
      <Placemark>
        <name>Surfside Online Therapy, Telehealth
</name>
        <description>https://www.psychologytoday.com/us/therapists/surfside-online-therapy-telehealth-westlake-village-ca/51454</description>
        <styleUrl>#icon-1737-097138-labelson</styleUrl>
        <Point>
          <coordinates>
            -118.828598,34.157956,0
          </coordinates>
        </Point>
      </Placemark>
      <Placemark>
        <name>Carolyn Brown @ Brown Life Light Psychology</name>
        <description>https://www.psychologytoday.com/us/therapists/carolyn-j-brown-gilbert-az/825232</description>
        <styleUrl>#icon-1737-097138-labelson</styleUrl>
        <Point>
          <coordinates>
            -111.7527615,33.3772028,0
          </coordinates>
        </Point>
      </Placemark>
      <Placemark>
        <name>Carolyn Brown @ Brown Life Light Psychology</name>
        <description>https://www.psychologytoday.com/us/therapists/carolyn-j-brown-gilbert-az/825232</description>
        <styleUrl>#icon-1737-097138-labelson</styleUrl>
        <Point>
          <coordinates>
            -111.9253742,33.5191126,0
          </coordinates>
        </Point>
      </Placemark>
      <Placemark>
        <name><![CDATA[Mike Greenwell @ Silver Star Wellness & Education Services, LLC]]></name>
        <description>https://www.psychologytoday.com/us/therapists/mike-greenwell-phoenix-az/484627</description>
        <styleUrl>#icon-1737-097138-labelson</styleUrl>
        <Point>
          <coordinates>
            -112.0580932,33.5177239,0
          </coordinates>
        </Point>
      </Placemark>
      <Placemark>
        <name>Integrated Mental Health Associates</name>
        <description>https://www.psychologytoday.com/us/therapists/integrated-mental-health-associates-scottsdale-az/241305</description>
        <styleUrl>#icon-1737-097138-labelson</styleUrl>
        <Point>
          <coordinates>
            -111.8960043,33.5557008,0
          </coordinates>
        </Point>
      </Placemark>
      <Placemark>
        <name>Marc Raciti @ Healing Wounds
</name>
        <description>https://www.psychologytoday.com/us/therapists/marc-raciti-scottsdale-az/817545</description>
        <styleUrl>#icon-1737-097138-labelson</styleUrl>
        <Point>
          <coordinates>
            -111.9054991,33.620738,0
          </coordinates>
        </Point>
      </Placemark>
      <Placemark>
        <name>Integrative Psychotherapy and Assessment Services</name>
        <description>https://www.psychologytoday.com/us/therapists/integrative-psychotherapy-and-assessment-services-phoenix-az/860818</description>
        <styleUrl>#icon-1737-097138-labelson</styleUrl>
        <Point>
          <coordinates>
            -112.1043184,33.5244447,0
          </coordinates>
        </Point>
      </Placemark>
      <Placemark>
        <name>Integrated Psychotherapy and Assessment Services
</name>
        <description>https://www.psychologytoday.com/us/therapists/integrative-psychotherapy-and-assessment-services-phoenix-az/860818</description>
        <styleUrl>#icon-1737-097138-labelson</styleUrl>
        <Point>
          <coordinates>
            -111.8066523,33.389144,0
          </coordinates>
        </Point>
      </Placemark>
      <Placemark>
        <name><![CDATA[Dr. Kia A. Watkins @ LifeStance Therapists & Psychiatrists Scottsdale]]></name>
        <description>https://www.psychologytoday.com/us/therapists/kia-a-watkins-scottsdale-az/1131773</description>
        <styleUrl>#icon-1737-097138-labelson</styleUrl>
        <Point>
          <coordinates>
            -111.9250923,33.5456059,0
          </coordinates>
        </Point>
      </Placemark>
      <Placemark>
        <name>Strategies for Success</name>
        <description>https://www.psychologytoday.com/us/therapists/strategies-for-success-chandler-az/491053</description>
        <styleUrl>#icon-1737-097138-labelson</styleUrl>
        <Point>
          <coordinates>
            -111.8852419,33.256762,0
          </coordinates>
        </Point>
      </Placemark>
      <Placemark>
        <name>Strategies for Success</name>
        <description>https://www.psychologytoday.com/us/therapists/strategies-for-success-chandler-az/491053</description>
        <styleUrl>#icon-1737-097138-labelson</styleUrl>
        <Point>
          <coordinates>
            -112.1420955,33.8667628,0
          </coordinates>
        </Point>
      </Placemark>
      <Placemark>
        <name>Bethany Schaudt
</name>
        <description>https://www.psychologytoday.com/us/therapists/betheny-schaudt-glendale-az/1147979</description>
        <styleUrl>#icon-1737-097138-labelson</styleUrl>
        <Point>
          <coordinates>
            -112.2349764,33.653619,0
          </coordinates>
        </Point>
      </Placemark>
      <Placemark>
        <name>Mosaic Counseling</name>
        <description>https://www.psychologytoday.com/us/therapists/gina-metroff-phoenix-az/99948</description>
        <styleUrl>#icon-1737-097138-labelson</styleUrl>
        <Point>
          <coordinates>
            -112.1004529,33.682299,0
          </coordinates>
        </Point>
      </Placemark>
      <Placemark>
        <name>Angela Wayne
</name>
        <description>https://www.psychologytoday.com/us/therapists/angela-wayne-avondale-az/746753</description>
        <styleUrl>#icon-1737-097138-labelson</styleUrl>
        <Point>
          <coordinates>
            -112.2827785,33.4650078,0
          </coordinates>
        </Point>
      </Placemark>
      <Placemark>
        <name>Brianne Bennett
</name>
        <description>https://www.psychologytoday.com/us/therapists/brianne-bennett-wickenburg-az/1254103</description>
        <styleUrl>#icon-1737-097138-labelson</styleUrl>
        <Point>
          <coordinates>
            -112.7559968,33.9932735,0
          </coordinates>
        </Point>
      </Placemark>
      <Placemark>
        <name>Brianne Bennett
</name>
        <description>https://www.psychologytoday.com/us/therapists/brianne-bennett-wickenburg-az/1254103</description>
        <styleUrl>#icon-1737-097138-labelson</styleUrl>
        <Point>
          <coordinates>
            -112.2139003,33.6385394,0
          </coordinates>
        </Point>
      </Placemark>
      <Placemark>
        <name>Dawn Marie Byrd @ Integrative Psychotherapy and Assessment Services</name>
        <description>https://www.psychologytoday.com/us/therapists/dawn-marie-byrd-phoenix-az/261805</description>
        <styleUrl>#icon-1737-097138-labelson</styleUrl>
        <Point>
          <coordinates>
            -112.1041521,33.5243866,0
          </coordinates>
        </Point>
      </Placemark>
      <Placemark>
        <name>Dawn Marie Byrd @ Integrated Psychotherapy and Assessment
</name>
        <description>https://www.psychologytoday.com/us/therapists/dawn-marie-byrd-phoenix-az/261805</description>
        <styleUrl>#icon-1737-097138-labelson</styleUrl>
        <Point>
          <coordinates>
            -111.8066007,33.3890947,0
          </coordinates>
        </Point>
      </Placemark>
      <Placemark>
        <name>Nicki Bartram
</name>
        <description>https://www.psychologytoday.com/us/therapists/nicki-bartram-cave-creek-az/743256</description>
        <styleUrl>#icon-1737-097138-labelson</styleUrl>
        <Point>
          <coordinates>
            -111.9293884,33.8312653,0
          </coordinates>
        </Point>
      </Placemark>
      <Placemark>
        <name>Diana Canfield @ Canfield Counseling</name>
        <description>https://www.psychologytoday.com/us/therapists/diana-canfield-mesa-az/138235</description>
        <styleUrl>#icon-1737-097138-labelson</styleUrl>
        <Point>
          <coordinates>
            -111.7523265,33.3817921,0
          </coordinates>
        </Point>
      </Placemark>
      <Placemark>
        <name>Diana Canfield @ Canfield Counseling
</name>
        <description>https://www.psychologytoday.com/us/therapists/diana-canfield-mesa-az/138235</description>
        <styleUrl>#icon-1737-097138-labelson</styleUrl>
        <Point>
          <coordinates>
            -112.0079394,33.58296,0
          </coordinates>
        </Point>
      </Placemark>
      <Placemark>
        <name>Maki Obana
</name>
        <description>https://www.psychologytoday.com/us/therapists/maki-obana-mesa-az/182553</description>
        <styleUrl>#icon-1737-097138-labelson</styleUrl>
        <Point>
          <coordinates>
            -111.8768568,33.380764,0
          </coordinates>
        </Point>
      </Placemark>
      <Placemark>
        <name>Carol Dickinson Connections Counseling and Consulting</name>
        <description>https://www.psychologytoday.com/us/therapists/carol-dickinson-emdr-and-trauma-specialist-buckeye-az/957692</description>
        <styleUrl>#icon-1737-097138-labelson</styleUrl>
        <Point>
          <coordinates>
            -112.5137711,33.4956782,0
          </coordinates>
        </Point>
      </Placemark>
      <Placemark>
        <name>Carol Dickinson
</name>
        <description>https://www.psychologytoday.com/us/therapists/carol-dickinson-emdr-and-trauma-specialist-buckeye-az/957692</description>
        <styleUrl>#icon-1737-097138-labelson</styleUrl>
        <Point>
          <coordinates>
            -112.5837766,33.3703197,0
          </coordinates>
        </Point>
      </Placemark>
      <Placemark>
        <name>Amanda Spirek @ Sea Glass Mental Health</name>
        <description>https://www.psychologytoday.com/us/therapists/amanda-spirek-scottsdale-az/1042361</description>
        <styleUrl>#icon-1737-097138-labelson</styleUrl>
        <Point>
          <coordinates>
            -111.9210052,33.5024366,0
          </coordinates>
        </Point>
      </Placemark>
      <Placemark>
        <name>Amanda Spirek
</name>
        <description>https://www.psychologytoday.com/us/therapists/amanda-spirek-scottsdale-az/1042361</description>
        <styleUrl>#icon-1737-097138-labelson</styleUrl>
        <Point>
          <coordinates>
            -112.1859866,33.5386523,0
          </coordinates>
        </Point>
      </Placemark>
      <Placemark>
        <name>Jennifer Anderson @ LifeStance Health
</name>
        <description>https://www.psychologytoday.com/us/therapists/jennifer-anderson-tampa-fl/1215502</description>
        <styleUrl>#icon-1737-097138-labelson</styleUrl>
        <Point>
          <coordinates>
            -82.505117,28.0780612,0
          </coordinates>
        </Point>
      </Placemark>
      <Placemark>
        <name>Terry Ann Dornak @ Gulf Coast Psych Therapy
</name>
        <description>https://www.psychologytoday.com/us/therapists/terry-ann-dornak-evanston-il/194307</description>
        <styleUrl>#icon-1737-097138-labelson</styleUrl>
        <Point>
          <coordinates>
            -82.6382707,27.8442456,0
          </coordinates>
        </Point>
      </Placemark>
      <Placemark>
        <name>Laura C. Franco, PhD at Life Solutions Services</name>
        <description>https://www.psychologytoday.com/us/therapists/laura-c-franco-brandon-fl/405824</description>
        <styleUrl>#icon-1737-097138-labelson</styleUrl>
        <Point>
          <coordinates>
            -82.2953984,27.9349299,0
          </coordinates>
        </Point>
      </Placemark>
      <Placemark>
        <name>Suzette Casabianca @ Approaching Calm Counseling
</name>
        <description>https://www.psychologytoday.com/us/therapists/suzette-casabianca-palm-harbor-fl/160766</description>
        <styleUrl>#icon-1737-097138-labelson</styleUrl>
        <Point>
          <coordinates>
            -82.7703631,28.0928301,0
          </coordinates>
        </Point>
      </Placemark>
      <Placemark>
        <name>Cindy Auchter @ Alliance Counseling Services</name>
        <description>https://www.psychologytoday.com/us/therapists/cindy-auchter-sarasota-fl/321852</description>
        <styleUrl>#icon-1737-097138-labelson</styleUrl>
        <Point>
          <coordinates>
            -82.4963222,27.3230969,0
          </coordinates>
        </Point>
      </Placemark>
      <Placemark>
        <name>Brandon Mental Health</name>
        <description>https://www.psychologytoday.com/us/therapists/pride-partners-in-consulting-l-l-c-brandon-fl/487107</description>
        <styleUrl>#icon-1737-097138-labelson</styleUrl>
        <Point>
          <coordinates>
            -82.2712061,27.9209737,0
          </coordinates>
        </Point>
      </Placemark>
      <Placemark>
        <name>Dr. Nixon @ ProWellness Academy
</name>
        <description>https://www.psychologytoday.com/us/therapists/dr-nixon-co-prowellness-academy-boca-raton-fl/1277794</description>
        <styleUrl>#icon-1737-097138-labelson</styleUrl>
        <Point>
          <coordinates>
            -80.1263771,26.368734,0
          </coordinates>
        </Point>
      </Placemark>
      <Placemark>
        <name>Dr. Nixon @ ProWellness Academy
</name>
        <description>https://www.psychologytoday.com/us/therapists/dr-nixon-co-prowellness-academy-boca-raton-fl/1277794</description>
        <styleUrl>#icon-1737-097138-labelson</styleUrl>
        <Point>
          <coordinates>
            -80.0856394,26.3559475,0
          </coordinates>
        </Point>
      </Placemark>
      <Placemark>
        <name>Lianna Malawski @ Tampa Bay Area Counseling
</name>
        <description>https://www.psychologytoday.com/us/therapists/lianna-malawski-tampa-fl/1141811</description>
        <styleUrl>#icon-1737-097138-labelson</styleUrl>
        <Point>
          <coordinates>
            -82.5047864,28.107719,0
          </coordinates>
        </Point>
      </Placemark>
      <Placemark>
        <name>Laurence Ford @ Person First Therapy
</name>
        <description>https://www.psychologytoday.com/us/therapists/laurence-ford-brandon-fl/301840</description>
        <styleUrl>#icon-1737-097138-labelson</styleUrl>
        <Point>
          <coordinates>
            -82.2880769,27.9383582,0
          </coordinates>
        </Point>
      </Placemark>
      <Placemark>
        <name>Melissa Milburn
</name>
        <description>https://www.psychologytoday.com/us/therapists/melissa-milburn-jacksonville-fl/1408303</description>
        <styleUrl>#icon-1737-097138-labelson</styleUrl>
        <Point>
          <coordinates>
            -81.6351702,30.1513206,0
          </coordinates>
        </Point>
      </Placemark>
      <Placemark>
        <name>Rosmer Mena @ Innerglow Center</name>
        <description>https://www.psychologytoday.com/us/therapists/rosmer-mena-lutz-fl/206775</description>
        <styleUrl>#icon-1737-097138-labelson</styleUrl>
        <Point>
          <coordinates>
            -82.3997974,28.1994878,0
          </coordinates>
        </Point>
      </Placemark>
      <Placemark>
        <name><![CDATA[India Esguerra @ Hope Psychotherapy & Consulting Services LLC]]></name>
        <description>https://www.psychologytoday.com/us/therapists/india-esguerra-wesley-chapel-fl/1407183</description>
        <styleUrl>#icon-1737-097138-labelson</styleUrl>
        <Point>
          <coordinates>
            -82.3777424,28.1931901,0
          </coordinates>
        </Point>
      </Placemark>
      <Placemark>
        <name><![CDATA[LifeStance Therapists & Psychiatrists Palm Harbor]]></name>
        <description>https://www.psychologytoday.com/us/therapists/lifestance-health-palm-harbor-fl/1406645</description>
        <styleUrl>#icon-1737-097138-labelson</styleUrl>
        <Point>
          <coordinates>
            -82.7402813,28.0872207,0
          </coordinates>
        </Point>
      </Placemark>
      <Placemark>
        <name>Leslie Manly
</name>
        <description>https://www.psychologytoday.com/us/therapists/leslie-manly-tampa-fl/908397</description>
        <styleUrl>#icon-1737-097138-labelson</styleUrl>
        <Point>
          <coordinates>
            -82.5125098,27.9609552,0
          </coordinates>
        </Point>
      </Placemark>
      <Placemark>
        <name>Julie Jackson
</name>
        <description>https://www.psychologytoday.com/us/therapists/julie-jackson-brandon-fl/1124612</description>
        <styleUrl>#icon-1737-097138-labelson</styleUrl>
        <Point>
          <coordinates>
            -82.3055757,27.9331273,0
          </coordinates>
        </Point>
      </Placemark>
      <Placemark>
        <name>Chaille Snyder @ Ellie Mental Health</name>
        <description>https://www.psychologytoday.com/us/therapists/chaille-snyder-wesley-chapel-fl/1387768</description>
        <styleUrl>#icon-1737-097138-labelson</styleUrl>
        <Point>
          <coordinates>
            -82.306918,28.2368308,0
          </coordinates>
        </Point>
      </Placemark>
      <Placemark>
        <name>Chaille Snyder
</name>
        <description>https://www.psychologytoday.com/us/therapists/chaille-snyder-wesley-chapel-fl/1387768</description>
        <styleUrl>#icon-1737-097138-labelson</styleUrl>
        <Point>
          <coordinates>
            -82.6789341,28.2107948,0
          </coordinates>
        </Point>
      </Placemark>
      <Placemark>
        <name>Robinson-Kyles Counseling</name>
        <description>https://www.psychologytoday.com/us/therapists/robinson-kyles-counseling-and-testing-services-lakeland-fl/210526</description>
        <styleUrl>#icon-1737-097138-labelson</styleUrl>
        <Point>
          <coordinates>
            -81.9319776,28.049613,0
          </coordinates>
        </Point>
      </Placemark>
      <Placemark>
        <name>New Life 360</name>
        <description>https://www.psychologytoday.com/us/therapists/new-life-360-inc-brandon-fl/407533</description>
        <styleUrl>#icon-1737-097138-labelson</styleUrl>
        <Point>
          <coordinates>
            -82.2666381,27.9369511,0
          </coordinates>
        </Point>
      </Placemark>
      <Placemark>
        <name>Destiny Marie Freiburg @ Transcendence Counseling</name>
        <description>https://www.psychologytoday.com/us/therapists/destiny-marie-freiburg-great-falls-mt/401893</description>
        <styleUrl>#icon-1737-097138-labelson</styleUrl>
        <Point>
          <coordinates>
            -111.2996406,47.5054266,0
          </coordinates>
        </Point>
      </Placemark>
      <Placemark>
        <name>Teslynn Anderson @ Rocky Front Counseling Services</name>
        <description>https://www.psychologytoday.com/us/therapists/teslynn-anderson-great-falls-mt/740562</description>
        <styleUrl>#icon-1737-097138-labelson</styleUrl>
        <Point>
          <coordinates>
            -111.294151,47.5038405,0
          </coordinates>
        </Point>
      </Placemark>
      <Placemark>
        <name>Dana M. DelGuerra
</name>
        <description>https://www.psychologytoday.com/us/therapists/dana-m-delguerra-great-falls-mt/252181</description>
        <styleUrl>#icon-1737-097138-labelson</styleUrl>
        <Point>
          <coordinates>
            -111.2803565,47.5154575,0
          </coordinates>
        </Point>
      </Placemark>
      <Placemark>
        <name>Janet Schneider
</name>
        <description>https://www.psychologytoday.com/us/therapists/janet-schneider-great-falls-mt/145611</description>
        <styleUrl>#icon-1737-097138-labelson</styleUrl>
        <Point>
          <coordinates>
            -111.3021505,47.505531,0
          </coordinates>
        </Point>
      </Placemark>
      <Placemark>
        <name>Anna Rolando
</name>
        <description>https://www.psychologytoday.com/us/therapists/anna-rolando-helena-mt/749952</description>
        <styleUrl>#icon-1737-097138-labelson</styleUrl>
        <Point>
          <coordinates>
            -111.9911301,46.5839434,0
          </coordinates>
        </Point>
      </Placemark>
      <Placemark>
        <name>CMP Power of Healing and Counseling
</name>
        <description>https://www.psychologytoday.com/us/therapists/cmp-power-of-healing-counseling-and-tc-llc-great-falls-mt/426743</description>
        <styleUrl>#icon-1737-097138-labelson</styleUrl>
        <Point>
          <coordinates>
            -111.2789961,47.50772,0
          </coordinates>
        </Point>
      </Placemark>
      <Placemark>
        <name>Georgia Hansen
</name>
        <description>https://www.psychologytoday.com/us/therapists/georgia-hansen-great-falls-mt/1177454</description>
        <styleUrl>#icon-1737-097138-labelson</styleUrl>
        <Point>
          <coordinates>
            -111.3003148,47.5049506,0
          </coordinates>
        </Point>
      </Placemark>
      <Placemark>
        <name>Healing Mountain Mental Health</name>
        <description>https://www.psychologytoday.com/us/therapists/healing-mountain-mental-health-helena-mt/705579</description>
        <styleUrl>#icon-1737-097138-labelson</styleUrl>
        <Point>
          <coordinates>
            -112.0389192,46.58852,0
          </coordinates>
        </Point>
      </Placemark>
      <Placemark>
        <name>A Better Way, LLC
</name>
        <description>https://www.psychologytoday.com/us/therapists/a-better-way-llc-montgomery-al/74096</description>
        <styleUrl>#icon-1737-097138-labelson</styleUrl>
        <Point>
          <coordinates>
            -86.167611,32.3495812,0
          </coordinates>
        </Point>
      </Placemark>
      <Placemark>
        <name>Yellow Bird Counseling, LLC</name>
        <description>https://www.psychologytoday.com/us/therapists/yellow-bird-counseling-llc-birmingham-al/424683</description>
        <styleUrl>#icon-1737-097138-labelson</styleUrl>
        <Point>
          <coordinates>
            -86.7902712,33.4882944,0
          </coordinates>
        </Point>
      </Placemark>
      <Placemark>
        <name><![CDATA[Harper's Innovative Counseling and Consulting, LLC
]]></name>
        <description>https://www.psychologytoday.com/us/therapists/harper-s-innovative-counseling-consulting-llc-ozark-al/856499</description>
        <styleUrl>#icon-1737-097138-labelson</styleUrl>
        <Point>
          <coordinates>
            -85.640289,31.459017,0
          </coordinates>
        </Point>
      </Placemark>
      <Placemark>
        <name>Sasha Johnson @ Inside and Out Consulting
</name>
        <description>https://www.psychologytoday.com/us/therapists/inside-and-out-consulting-powder-springs-ga/423674</description>
        <styleUrl>#icon-1737-097138-labelson</styleUrl>
        <Point>
          <coordinates>
            -84.683824,33.8595491,0
          </coordinates>
        </Point>
      </Placemark>
      <Placemark>
        <name>Sasha Johnson @ Inside and Out Consulting
</name>
        <description>https://www.psychologytoday.com/us/therapists/inside-and-out-consulting-powder-springs-ga/423674</description>
        <styleUrl>#icon-1737-097138-labelson</styleUrl>
        <Point>
          <coordinates>
            -84.7488967,33.9039976,0
          </coordinates>
        </Point>
      </Placemark>
      <Placemark>
        <name>Honest Counseling and Psychological Medicine
</name>
        <description>https://www.psychologytoday.com/us/therapists/honest-counseling-and-psychological-medicine-montgomery-al/922416</description>
        <styleUrl>#icon-1737-097138-labelson</styleUrl>
        <Point>
          <coordinates>
            -86.1429239,32.3581747,0
          </coordinates>
        </Point>
      </Placemark>
      <Placemark>
        <name>Jennifer Venable-Humphrey @ Gardenia Cove
</name>
        <description>https://www.psychologytoday.com/us/therapists/jennifer-venable-humphrey-montgomery-al/52621</description>
        <styleUrl>#icon-1737-097138-labelson</styleUrl>
        <Point>
          <coordinates>
            -86.175016,32.3478787,0
          </coordinates>
        </Point>
      </Placemark>
      <Placemark>
        <name>Amanda Ezell @ Prism Counseling Services, LLC</name>
        <description>https://www.psychologytoday.com/us/therapists/amanda-ezell-enterprise-al/384252</description>
        <styleUrl>#icon-1737-097138-labelson</styleUrl>
        <Point>
          <coordinates>
            -85.7928909,31.2975126,0
          </coordinates>
        </Point>
      </Placemark>
      <Placemark>
        <name>Chovan Counseling</name>
        <description>https://www.psychologytoday.com/us/therapists/chovan-counseling-inc-eufaula-al/257174</description>
        <styleUrl>#icon-1737-097138-labelson</styleUrl>
        <Point>
          <coordinates>
            -85.2701049,31.7271769,0
          </coordinates>
        </Point>
      </Placemark>
      <Placemark>
        <name>Ellie Mental Health</name>
        <description>https://www.psychologytoday.com/us/therapists/ellie-mental-health-of-dothan--dothan-al/1285141</description>
        <styleUrl>#icon-1737-097138-labelson</styleUrl>
        <Point>
          <coordinates>
            -85.4593375,31.244693,0
          </coordinates>
        </Point>
      </Placemark>
      <Placemark>
        <name>Melissa Snyder @ Pesek Counseling Services</name>
        <description>https://www.psychologytoday.com/us/therapists/melissa-snyder-helena-al/381088</description>
        <styleUrl>#icon-1737-097138-labelson</styleUrl>
        <Point>
          <coordinates>
            -86.83047,33.2736765,0
          </coordinates>
        </Point>
      </Placemark>
      <Placemark>
        <name>April Calvin @ In Touch Counseling Agency, LLC</name>
        <description>https://www.psychologytoday.com/us/therapists/in-touch-counseling-agency-april-calvin-birmingham-al/453186</description>
        <styleUrl>#icon-1737-097138-labelson</styleUrl>
        <Point>
          <coordinates>
            -86.806933,33.5198479,0
          </coordinates>
        </Point>
      </Placemark>
      <Placemark>
        <name>Lifecare Wellness Counseling</name>
        <description>https://www.psychologytoday.com/us/therapists/lifecare-wellness-counseling-tuscaloosa-al/984709</description>
        <styleUrl>#icon-1737-097138-labelson</styleUrl>
        <Point>
          <coordinates>
            -87.5617694,33.2130856,0
          </coordinates>
        </Point>
      </Placemark>
      <Placemark>
        <name>Turnmeika Smith @ Impact Therapy, LLC</name>
        <description>https://www.psychologytoday.com/us/therapists/turnmeika-smith-riverdale-ga/952375</description>
        <styleUrl>#icon-1737-097138-labelson</styleUrl>
        <Point>
          <coordinates>
            -84.4500389,33.5512399,0
          </coordinates>
        </Point>
      </Placemark>
      <Placemark>
        <name>Jade Witt @ Witt Counseling Services
</name>
        <description>https://www.psychologytoday.com/us/therapists/jade-witt-vestavia-hills-al/215853</description>
        <styleUrl>#icon-1737-097138-labelson</styleUrl>
        <Point>
          <coordinates>
            -86.7961321,33.4154028,0
          </coordinates>
        </Point>
      </Placemark>
      <Placemark>
        <name>Michelle McLendon
</name>
        <description>https://www.psychologytoday.com/us/therapists/michelle-mclendon-troy-al/718451</description>
        <styleUrl>#icon-1737-097138-labelson</styleUrl>
        <Point>
          <coordinates>
            -85.9653245,31.7888366,0
          </coordinates>
        </Point>
      </Placemark>
      <Placemark>
        <name>Michelle McLendon @ Starting Point Counseling</name>
        <description>https://www.psychologytoday.com/us/therapists/michelle-mclendon-troy-al/718451</description>
        <styleUrl>#icon-1737-097138-labelson</styleUrl>
        <Point>
          <coordinates>
            -85.964911,31.7887077,0
          </coordinates>
        </Point>
      </Placemark>
      <Placemark>
        <name>Serendipity Counseling</name>
        <description>https://www.psychologytoday.com/us/therapists/serendipity-counseling-anniston-al/1283731</description>
        <styleUrl>#icon-1737-097138-labelson</styleUrl>
        <Point>
          <coordinates>
            -85.8253499,33.6523291,0
          </coordinates>
        </Point>
      </Placemark>
      <Placemark>
        <name>Valerie Goin
</name>
        <description>https://www.psychologytoday.com/us/therapists/valerie-goin-rose-hill-ks/1231002</description>
        <styleUrl>#icon-1737-097138-labelson</styleUrl>
        <Point>
          <coordinates>
            -97.1357192,37.5739295,0
          </coordinates>
        </Point>
      </Placemark>
      <Placemark>
        <name>Encounter Freedom Therapy Center</name>
        <description>https://www.psychologytoday.com/us/therapists/encounter-freedom-therapy-center-wichita-ks/1018549</description>
        <styleUrl>#icon-1737-097138-labelson</styleUrl>
        <Point>
          <coordinates>
            -97.259671,37.693351,0
          </coordinates>
        </Point>
      </Placemark>
      <Placemark>
        <name>Shelby Batt @ Willow Tree, LLC</name>
        <description>https://www.psychologytoday.com/us/therapists/shelby-batt-wichita-ks/158307</description>
        <styleUrl>#icon-1737-097138-labelson</styleUrl>
        <Point>
          <coordinates>
            -97.4281503,37.7240295,0
          </coordinates>
        </Point>
      </Placemark>
      <Placemark>
        <name>Elizabeth Wine @ Willow Tree Wellness
</name>
        <description>https://www.psychologytoday.com/us/therapists/elizabeth-wine-wichita-ks/877908</description>
        <styleUrl>#icon-1737-097138-labelson</styleUrl>
        <Point>
          <coordinates>
            -97.4282153,37.7242363,0
          </coordinates>
        </Point>
      </Placemark>
      <Placemark>
        <name>Carrie D Couture @ Firefly Mental Health
</name>
        <description>https://www.psychologytoday.com/us/therapists/carrie-d-couture-wichita-ks/145976</description>
        <styleUrl>#icon-1737-097138-labelson</styleUrl>
        <Point>
          <coordinates>
            -97.4430567,37.7217424,0
          </coordinates>
        </Point>
      </Placemark>
      <Placemark>
        <name>John Theis
</name>
        <description>https://www.psychologytoday.com/us/therapists/john-theis-hutchinson-ks/341910</description>
        <styleUrl>#icon-1737-097138-labelson</styleUrl>
        <Point>
          <coordinates>
            -97.9322121,38.0524228,0
          </coordinates>
        </Point>
      </Placemark>
      <Placemark>
        <name>Patricia Riley @ A.B.L.E. Counseling Center</name>
        <description>https://www.psychologytoday.com/us/therapists/patricia-d-riley-wichita-ks/279476</description>
        <styleUrl>#icon-1737-097138-labelson</styleUrl>
        <Point>
          <coordinates>
            -97.3621508,37.717968,0
          </coordinates>
        </Point>
      </Placemark>
      <Placemark>
        <name>Beth Owens @ Kansas Behavioral Health LLC</name>
        <description>https://www.psychologytoday.com/us/therapists/beth-owens-wichita-ks/306357</description>
        <styleUrl>#icon-1737-097138-labelson</styleUrl>
        <Point>
          <coordinates>
            -97.2593152,37.7203766,0
          </coordinates>
        </Point>
      </Placemark>
      <Placemark>
        <name>Colleen Fulford @ Wellness Mind</name>
        <description>https://www.psychologytoday.com/us/therapists/colleen-fulford-wichita-ks/458711</description>
        <styleUrl>#icon-1737-097138-labelson</styleUrl>
        <Point>
          <coordinates>
            -97.2276599,37.6637787,0
          </coordinates>
        </Point>
      </Placemark>
      <Placemark>
        <name>ICT Therapyworks- Woodlawn Location</name>
        <description>https://www.psychologytoday.com/us/therapists/ict-therapyworks-wichita-ks/278070</description>
        <styleUrl>#icon-1737-097138-labelson</styleUrl>
        <Point>
          <coordinates>
            -97.262715,37.6955218,0
          </coordinates>
        </Point>
      </Placemark>
      <Placemark>
        <name>Dione Blue Pompa @ Wichita Therapy Stop</name>
        <description>https://www.psychologytoday.com/us/therapists/dione-bleu-pompa-wichita-ks/994793</description>
        <styleUrl>#icon-1737-097138-labelson</styleUrl>
        <Point>
          <coordinates>
            -97.4257324,37.6906575,0
          </coordinates>
        </Point>
      </Placemark>
      <Placemark>
        <name>Heather Devereaux
</name>
        <description>https://www.psychologytoday.com/us/therapists/heather-devereaux-wichita-ks/399401</description>
        <styleUrl>#icon-1737-097138-labelson</styleUrl>
        <Point>
          <coordinates>
            -97.3625155,37.7181962,0
          </coordinates>
        </Point>
      </Placemark>
      <Placemark>
        <name>Brianna Vollbracht
</name>
        <description>https://www.psychologytoday.com/us/therapists/brianna-vollbracht-wichita-ks/1354209</description>
        <styleUrl>#icon-1737-097138-labelson</styleUrl>
        <Point>
          <coordinates>
            -97.3425899,37.6979175,0
          </coordinates>
        </Point>
      </Placemark>
      <Placemark>
        <name>Soma Therapy West</name>
        <description>https://www.psychologytoday.com/us/therapists/soma-therapy-wichita-ks/440207</description>
        <styleUrl>#icon-1737-097138-labelson</styleUrl>
        <Point>
          <coordinates>
            -97.4603219,37.7294393,0
          </coordinates>
        </Point>
      </Placemark>
      <Placemark>
        <name>Resolutions Individual, Couple and Family Therapy, LLC</name>
        <description>https://www.psychologytoday.com/us/therapists/resolutions-individual-couple-and-family-therapy-wichita-ks/413572</description>
        <styleUrl>#icon-1737-097138-labelson</styleUrl>
        <Point>
          <coordinates>
            -97.4439114,37.7003617,0
          </coordinates>
        </Point>
      </Placemark>
      <Placemark>
        <name>Resolutions Individual, Couple and Family Therapy</name>
        <description>https://www.psychologytoday.com/us/therapists/resolutions-individual-couple-and-family-therapy-wichita-ks/413572</description>
        <styleUrl>#icon-1737-097138-labelson</styleUrl>
        <Point>
          <coordinates>
            -97.2431834,37.6948959,0
          </coordinates>
        </Point>
      </Placemark>
      <Placemark>
        <name>Shane McCurdy @ Level: Wellness • Mind</name>
        <description>https://www.psychologytoday.com/us/therapists/shane-mccurdy-wichita-ks/827530</description>
        <styleUrl>#icon-1737-097138-labelson</styleUrl>
        <Point>
          <coordinates>
            -97.3441403,37.6912094,0
          </coordinates>
        </Point>
      </Placemark>
      <Placemark>
        <name>Shane McCurdy @ Level: Wellness • Mind Topeka</name>
        <description>https://www.psychologytoday.com/us/therapists/shane-mccurdy-wichita-ks/827530</description>
        <styleUrl>#icon-1737-097138-labelson</styleUrl>
        <Point>
          <coordinates>
            -95.7588965,39.0129755,0
          </coordinates>
        </Point>
      </Placemark>
      <Placemark>
        <name>Brenda Grow
</name>
        <description>https://www.psychologytoday.com/us/therapists/brenda-grow-lcmft-wichita-ks/260607</description>
        <styleUrl>#icon-1737-097138-labelson</styleUrl>
        <Point>
          <coordinates>
            -97.3622473,37.7182599,0
          </coordinates>
        </Point>
      </Placemark>
      <Placemark>
        <name>Rianna Meliillo - LGBTQ+ Anxiety and Coping Skill
</name>
        <description>https://www.psychologytoday.com/us/therapists/riana-meliillo-lgbtq-anxiety-coping-skill-brick-nj/1372722</description>
        <styleUrl>#icon-1737-097138-labelson</styleUrl>
        <Point>
          <coordinates>
            -74.1459555,40.0244228,0
          </coordinates>
        </Point>
      </Placemark>
      <Placemark>
        <name>Village Counseling Services, P.C.</name>
        <description>https://www.psychologytoday.com/us/therapists/village-counseling-services-lawrenceville-nj/390703</description>
        <styleUrl>#icon-1737-097138-labelson</styleUrl>
        <Point>
          <coordinates>
            -74.7306102,40.2993722,0
          </coordinates>
        </Point>
      </Placemark>
      <Placemark>
        <name>Village Counseling Services
</name>
        <description>https://www.psychologytoday.com/us/therapists/village-counseling-services-lawrenceville-nj/390703</description>
        <styleUrl>#icon-1737-097138-labelson</styleUrl>
        <Point>
          <coordinates>
            -74.8261792,39.0782737,0
          </coordinates>
        </Point>
      </Placemark>
      <Placemark>
        <name>Christina Duggan
</name>
        <description>https://www.psychologytoday.com/us/therapists/christina-duggan-brick-nj/77968</description>
        <styleUrl>#icon-1737-097138-labelson</styleUrl>
        <Point>
          <coordinates>
            -74.1023975,40.0195435,0
          </coordinates>
        </Point>
      </Placemark>
      <Placemark>
        <name>Courtney Carlin @ Birthing Minds and Healing Hearts</name>
        <description>https://www.psychologytoday.com/us/therapists/courtney-carlin-somerdale-nj/1211968</description>
        <styleUrl>#icon-1737-097138-labelson</styleUrl>
        <Point>
          <coordinates>
            -75.0107394,39.838669,0
          </coordinates>
        </Point>
      </Placemark>
      <Placemark>
        <name><![CDATA[NJBH - affiliate of LifeStance Therapists & Psychiatrists Piscataway]]></name>
        <description>https://www.psychologytoday.com/us/therapists/nj-behavioral-health-a-lifestance-health-affilia-piscataway-nj/1411192</description>
        <styleUrl>#icon-1737-097138-labelson</styleUrl>
        <Point>
          <coordinates>
            -74.473994,40.5461348,0
          </coordinates>
        </Point>
      </Placemark>
      <Placemark>
        <name><![CDATA[Kayden Sarria @ Lifebulb Counseling & Therapy Toms River]]></name>
        <description>https://www.psychologytoday.com/us/therapists/kayden-sarria-toms-river-nj/1232826</description>
        <styleUrl>#icon-1737-097138-labelson</styleUrl>
        <Point>
          <coordinates>
            -74.1988326,39.9572268,0
          </coordinates>
        </Point>
      </Placemark>
      <Placemark>
        <name><![CDATA[Rama's Counseling Center
]]></name>
        <description>https://www.psychologytoday.com/us/therapists/ramas-counseling-center-inc-woodbridge-nj/251310</description>
        <styleUrl>#icon-1737-097138-labelson</styleUrl>
        <Point>
          <coordinates>
            -74.3052805,40.5551049,0
          </coordinates>
        </Point>
      </Placemark>
      <Placemark>
        <name><![CDATA[Rama's Counseling Center
]]></name>
        <description>https://www.psychologytoday.com/us/therapists/ramas-counseling-center-inc-woodbridge-nj/251310</description>
        <styleUrl>#icon-1737-097138-labelson</styleUrl>
        <Point>
          <coordinates>
            -74.5376486,40.4370569,0
          </coordinates>
        </Point>
      </Placemark>
      <Placemark>
        <name><![CDATA[Perlman Counseling & Supervision Services LLC]]></name>
        <description>https://www.psychologytoday.com/us/therapists/rachel-m-perlman-manasquan-nj/404670</description>
        <styleUrl>#icon-1737-097138-labelson</styleUrl>
        <Point>
          <coordinates>
            -74.0554439,40.1292775,0
          </coordinates>
        </Point>
      </Placemark>
      <Placemark>
        <name>Vincenzo Cavanagh
</name>
        <description>https://www.psychologytoday.com/us/therapists/vincenzo-cavanagh-east-brunswick-nj/1378529</description>
        <styleUrl>#icon-1737-097138-labelson</styleUrl>
        <Point>
          <coordinates>
            -74.4223468,40.4108228,0
          </coordinates>
        </Point>
      </Placemark>
      <Placemark>
        <name>Sharing Temple Counseling LLC</name>
        <description>https://www.psychologytoday.com/us/therapists/sharing-temple-counseling-llc-bordentown-nj/869375</description>
        <styleUrl>#icon-1737-097138-labelson</styleUrl>
        <Point>
          <coordinates>
            -74.7113888,40.1454395,0
          </coordinates>
        </Point>
      </Placemark>
      <Placemark>
        <name>Debra Wengert
</name>
        <description>https://www.psychologytoday.com/us/therapists/debra-wengert-lcsw-bridgewater-nj/95962</description>
        <styleUrl>#icon-1737-097138-labelson</styleUrl>
        <Point>
          <coordinates>
            -74.6283316,40.5971482,0
          </coordinates>
        </Point>
      </Placemark>
      <Placemark>
        <name>Debra Wengert
</name>
        <description>https://www.psychologytoday.com/us/therapists/debra-wengert-lcsw-bridgewater-nj/95962</description>
        <styleUrl>#icon-1737-097138-labelson</styleUrl>
        <Point>
          <coordinates>
            -74.6472522,40.5106594,0
          </coordinates>
        </Point>
      </Placemark>
      <Placemark>
        <name>Amy Bibb-Ford
</name>
        <description>https://www.psychologytoday.com/us/therapists/amy-bibb-ford-silver-spring-md/1151546</description>
        <styleUrl>#icon-1737-097138-labelson</styleUrl>
        <Point>
          <coordinates>
            -77.031488,38.994912,0
          </coordinates>
        </Point>
      </Placemark>
      <Placemark>
        <name>Amy Bibb-Ford
</name>
        <description>https://www.psychologytoday.com/us/therapists/amy-bibb-ford-silver-spring-md/1151546</description>
        <styleUrl>#icon-1737-097138-labelson</styleUrl>
        <Point>
          <coordinates>
            -74.662046,40.3493253,0
          </coordinates>
        </Point>
      </Placemark>
      <Placemark>
        <name>Cheryl Lemanski
</name>
        <description>https://www.psychologytoday.com/us/therapists/cheryl-a-lemanski-msw-lcsw-brick-nj/88032</description>
        <styleUrl>#icon-1737-097138-labelson</styleUrl>
        <Point>
          <coordinates>
            -74.146264,40.0245335,0
          </coordinates>
        </Point>
      </Placemark>
      <Placemark>
        <name><![CDATA[The Kid's Therapy Center, LLC]]></name>
        <styleUrl>#icon-1737-097138-labelson-nodesc</styleUrl>
        <Point>
          <coordinates>
            -100.7731015,46.7851173,0
          </coordinates>
        </Point>
      </Placemark>
      <Placemark>
        <name>April M. Morris @ Dakota Family Services</name>
        <description>https://www.psychologytoday.com/us/therapists/april-m-morris-dakota-family-services-fargo-nd/1045912</description>
        <styleUrl>#icon-1737-097138-labelson</styleUrl>
        <Point>
          <coordinates>
            -101.3810433,48.2549058,0
          </coordinates>
        </Point>
      </Placemark>
      <Placemark>
        <name>April M. Morris @ Dakota Family Services</name>
        <description>https://www.psychologytoday.com/us/therapists/april-m-morris-dakota-family-services-fargo-nd/1045912</description>
        <styleUrl>#icon-1737-097138-labelson</styleUrl>
        <Point>
          <coordinates>
            -96.8059589,46.7808659,0
          </coordinates>
        </Point>
      </Placemark>
      <Placemark>
        <name>Kiwana Kiser
</name>
        <description>https://www.psychologytoday.com/us/therapists/kiwana-kiser-valdosta-ga/1418981</description>
        <styleUrl>#icon-1737-097138-labelson</styleUrl>
        <Point>
          <coordinates>
            -83.2873768,30.8591487,0
          </coordinates>
        </Point>
      </Placemark>
      <Placemark>
        <name>Kenya Barnes
</name>
        <description>https://www.psychologytoday.com/us/therapists/kenya-r-barnes-valdosta-ga/213642</description>
        <styleUrl>#icon-1737-097138-labelson</styleUrl>
        <Point>
          <coordinates>
            -83.2818454,30.8626049,0
          </coordinates>
        </Point>
      </Placemark>
      <Placemark>
        <name>Sarah Cox @ Serenity Counseling Group, LLC</name>
        <description>https://www.psychologytoday.com/us/therapists/sarah-cox-valdosta-ga/904428</description>
        <styleUrl>#icon-1737-097138-labelson</styleUrl>
        <Point>
          <coordinates>
            -83.2775761,30.8687825,0
          </coordinates>
        </Point>
      </Placemark>
      <Placemark>
        <name>Patricia Cosey @ Therapy Center Counseling and Consultation</name>
        <description>https://www.psychologytoday.com/us/therapists/patricia-cosey-valdosta-ga/65642</description>
        <styleUrl>#icon-1737-097138-labelson</styleUrl>
        <Point>
          <coordinates>
            -83.3080987,30.847417,0
          </coordinates>
        </Point>
      </Placemark>
      <Placemark>
        <name>Justin Moore
</name>
        <description>https://www.psychologytoday.com/us/therapists/justin-moore-valdosta-ga/773711</description>
        <styleUrl>#icon-1737-097138-labelson</styleUrl>
        <Point>
          <coordinates>
            -83.2873488,30.8593472,0
          </coordinates>
        </Point>
      </Placemark>
      <Placemark>
        <name>Michelle Alden Counseling Service</name>
        <description>https://www.psychologytoday.com/us/therapists/michelle-alden-counseling-services-valdosta-ga/220477</description>
        <styleUrl>#icon-1737-097138-labelson</styleUrl>
        <Point>
          <coordinates>
            -83.2712766,30.8873145,0
          </coordinates>
        </Point>
      </Placemark>
      <Placemark>
        <name>Sarah Steedman James
</name>
        <description>https://www.psychologytoday.com/us/therapists/sarah-steedman-james-valdosta-ga/1054992</description>
        <styleUrl>#icon-1737-097138-labelson</styleUrl>
        <Point>
          <coordinates>
            -83.272954,30.8851534,0
          </coordinates>
        </Point>
      </Placemark>
      <Placemark>
        <name>Robin Dees
</name>
        <description>https://www.psychologytoday.com/us/therapists/robin-dees-valdosta-ga/236829</description>
        <styleUrl>#icon-1737-097138-labelson</styleUrl>
        <Point>
          <coordinates>
            -83.3044105,30.8473806,0
          </coordinates>
        </Point>
      </Placemark>
      <Placemark>
        <name><![CDATA[Leah C. McMillan @ EnSpire Counseling & Wellness, LLC]]></name>
        <description>https://www.psychologytoday.com/us/therapists/leah-c-mcmillan-valdosta-ga/236838</description>
        <styleUrl>#icon-1737-097138-labelson</styleUrl>
        <Point>
          <coordinates>
            -83.3330105,30.8995772,0
          </coordinates>
        </Point>
      </Placemark>
      <Placemark>
        <name><![CDATA[Georgia Outreach, LLC. Psychology & Psychiatry Services]]></name>
        <description>https://www.psychologytoday.com/us/therapists/georgia-outreach-savannah-ga/1007419</description>
        <styleUrl>#icon-1737-097138-labelson</styleUrl>
        <Point>
          <coordinates>
            -83.2873768,30.8591487,0
          </coordinates>
        </Point>
      </Placemark>
      <Placemark>
        <name><![CDATA[Georgia Outreach, LLC. Counseling, Psychology & Psychiatry Services]]></name>
        <description>https://www.psychologytoday.com/us/therapists/georgia-outreach-savannah-ga/1007419</description>
        <styleUrl>#icon-1737-097138-labelson</styleUrl>
        <Point>
          <coordinates>
            -81.1083589,32.012771,0
          </coordinates>
        </Point>
      </Placemark>
      <Placemark>
        <name>Loriann Merritt @ L.E.A.F. Therapy Services LLC</name>
        <description>https://www.psychologytoday.com/us/therapists/loriann-merritt-valdosta-ga/1271503</description>
        <styleUrl>#icon-1737-097138-labelson</styleUrl>
        <Point>
          <coordinates>
            -83.2842939,30.8376044,0
          </coordinates>
        </Point>
      </Placemark>
      <Placemark>
        <name>Amy Parker @ Therapy Center Counseling and Consultation
</name>
        <description>https://www.psychologytoday.com/us/therapists/amy-parker-valdosta-ga/462452</description>
        <styleUrl>#icon-1737-097138-labelson</styleUrl>
        <Point>
          <coordinates>
            -83.3079384,30.8473459,0
          </coordinates>
        </Point>
      </Placemark>
      <Placemark>
        <name>Patricia Cosey @ Therapy Center Counseling and Consultation
</name>
        <description>https://www.psychologytoday.com/us/therapists/patricia-cosey-valdosta-ga/65642</description>
        <styleUrl>#icon-1737-097138-labelson</styleUrl>
        <Point>
          <coordinates>
            -83.3081208,30.8472883,0
          </coordinates>
        </Point>
      </Placemark>
      <Placemark>
        <name>Clear Point Therapy
</name>
        <description>https://www.psychologytoday.com/us/therapists/clear-point-therapy-valdosta-ga/1399341</description>
        <styleUrl>#icon-1737-097138-labelson</styleUrl>
        <Point>
          <coordinates>
            -83.28754,30.8592367,0
          </coordinates>
        </Point>
      </Placemark>
      <Placemark>
        <name>Yoheved Arzi
</name>
        <description>https://www.psychologytoday.com/us/therapists/yoheved-arzi-thomasville-ga/87614</description>
        <styleUrl>#icon-1737-097138-labelson</styleUrl>
        <Point>
          <coordinates>
            -83.9791694,30.8639183,0
          </coordinates>
        </Point>
      </Placemark>
      <Placemark>
        <name>Emerald Isle Counseling</name>
        <styleUrl>#icon-1737-097138-labelson-nodesc</styleUrl>
        <Point>
          <coordinates>
            -81.6461031,30.788932,0
          </coordinates>
        </Point>
      </Placemark>
      <Placemark>
        <name>Emerald Isle Counseling</name>
        <styleUrl>#icon-1737-097138-labelson-nodesc</styleUrl>
        <Point>
          <coordinates>
            -81.41616,31.168254,0
          </coordinates>
        </Point>
      </Placemark>
      <Placemark>
        <name>JP Counseling and Consultation</name>
        <styleUrl>#icon-1737-097138-labelson-nodesc</styleUrl>
        <Point>
          <coordinates>
            -84.1732792,31.7208259,0
          </coordinates>
        </Point>
      </Placemark>
      <Placemark>
        <name>Amy Elisa Hedrick @ Embodied Wellness Inc</name>
        <description>https://www.psychologytoday.com/us/therapists/amy-elisa-hedrick-boise-id/166334</description>
        <styleUrl>#icon-1737-097138-labelson</styleUrl>
        <Point>
          <coordinates>
            -116.3564176,43.641686,0
          </coordinates>
        </Point>
      </Placemark>
      <Placemark>
        <name>Pennie Jeanine McKay @ Enjoy Life More</name>
        <description>https://www.psychologytoday.com/us/therapists/pennie-jeanine-mckay-boise-id/150749</description>
        <styleUrl>#icon-1737-097138-labelson</styleUrl>
        <Point>
          <coordinates>
            -116.2073103,43.6235713,0
          </coordinates>
        </Point>
      </Placemark>
      <Placemark>
        <name>Emily Pedersen Barnett
</name>
        <description>https://www.psychologytoday.com/us/therapists/emily-pedersen-barnett-lcsw-boise-id/491858</description>
        <styleUrl>#icon-1737-097138-labelson</styleUrl>
        <Point>
          <coordinates>
            -116.2445003,43.6341542,0
          </coordinates>
        </Point>
      </Placemark>
      <Placemark>
        <name>Analytic Associates - Stanley A. Zuckerman, NCPsyA, LCSW.</name>
        <description>https://www.psychologytoday.com/us/therapists/stanley-a-zuckerman-boise-id/239094</description>
        <styleUrl>#icon-1737-097138-labelson</styleUrl>
        <Point>
          <coordinates>
            -116.2056203,43.6248945,0
          </coordinates>
        </Point>
      </Placemark>
      <Placemark>
        <name>Boise Cornerstone Family Therapy</name>
        <description>https://www.psychologytoday.com/us/therapists/cornerstone-family-therapy-boise-id/346878</description>
        <styleUrl>#icon-1737-097138-labelson</styleUrl>
        <Point>
          <coordinates>
            -116.2750951,43.6319739,0
          </coordinates>
        </Point>
      </Placemark>
      <Placemark>
        <name>andrea torrez, ma, lcsw, llc and javier torrez, ma, lcsw</name>
        <description>https://www.psychologytoday.com/us/therapists/andrea-torrez-nampa-id/166787</description>
        <styleUrl>#icon-1737-097138-labelson</styleUrl>
        <Point>
          <coordinates>
            -116.5596479,43.5791706,0
          </coordinates>
        </Point>
      </Placemark>
      <Placemark>
        <name>MRL Counseling L.L.C.</name>
        <description>https://www.psychologytoday.com/us/therapists/mrl-counseling-llc-boise-id/199863</description>
        <styleUrl>#icon-1737-097138-labelson</styleUrl>
        <Point>
          <coordinates>
            -116.2996316,43.619723,0
          </coordinates>
        </Point>
      </Placemark>
      <Placemark>
        <name>Kendra Hadden @ Ellie Mental Health</name>
        <description>https://www.psychologytoday.com/us/therapists/kendra-hadden-boise-id/1094915</description>
        <styleUrl>#icon-1737-097138-labelson</styleUrl>
        <Point>
          <coordinates>
            -116.2556321,43.652799,0
          </coordinates>
        </Point>
      </Placemark>
      <Placemark>
        <name><![CDATA[Cheryl Baker @ Metamorphosis Counseling & Health Center of Idaho]]></name>
        <description>https://www.psychologytoday.com/us/therapists/cheryl-a-baker-boise-id/375853</description>
        <styleUrl>#icon-1737-097138-labelson</styleUrl>
        <Point>
          <coordinates>
            -116.3086429,43.5913011,0
          </coordinates>
        </Point>
      </Placemark>
      <Placemark>
        <name>Raymond O Dyer
</name>
        <description>https://www.psychologytoday.com/us/therapists/raymond-o-dyer-boise-id/1196325</description>
        <styleUrl>#icon-1737-097138-labelson</styleUrl>
        <Point>
          <coordinates>
            -116.255718,43.6527904,0
          </coordinates>
        </Point>
      </Placemark>
      <Placemark>
        <name>Alturas Counseling, LLC</name>
        <description>https://www.psychologytoday.com/us/therapists/alturas-counseling-llc-boise-id/195151</description>
        <styleUrl>#icon-1737-097138-labelson</styleUrl>
        <Point>
          <coordinates>
            -116.2737076,43.602917,0
          </coordinates>
        </Point>
      </Placemark>
      <Placemark>
        <name><![CDATA[Foothills Counseling & Wellness LLC]]></name>
        <description>https://www.psychologytoday.com/us/therapists/foothills-counseling-wellness-llc-boise-id/370748</description>
        <styleUrl>#icon-1737-097138-labelson</styleUrl>
        <Point>
          <coordinates>
            -116.2148246,43.6255679,0
          </coordinates>
        </Point>
      </Placemark>
      <Placemark>
        <name>Andrew Geske
</name>
        <description>https://www.psychologytoday.com/us/therapists/andrew-geske-boise-id/1313685</description>
        <styleUrl>#icon-1737-097138-labelson</styleUrl>
        <Point>
          <coordinates>
            -116.314042,43.593938,0
          </coordinates>
        </Point>
      </Placemark>
      <Placemark>
        <name>Ron C. Bean, Ph.D. - Clinical Psychologist</name>
        <description>https://www.psychologytoday.com/us/therapists/ron-c-bean-meridian-id/769047</description>
        <styleUrl>#icon-1737-097138-labelson</styleUrl>
        <Point>
          <coordinates>
            -116.4057056,43.5894597,0
          </coordinates>
        </Point>
      </Placemark>
      <Placemark>
        <name><![CDATA[Aimee Johnson @ Foothills Counseling & Wellness
]]></name>
        <description>https://www.psychologytoday.com/us/therapists/aimee-johnson-boise-id/1374073</description>
        <styleUrl>#icon-1737-097138-labelson</styleUrl>
        <Point>
          <coordinates>
            -116.2149382,43.6256973,0
          </coordinates>
        </Point>
      </Placemark>
      <Placemark>
        <name><![CDATA[Children's Home Society of Idaho | Childrens' Home Counseling Services]]></name>
        <description>https://www.psychologytoday.com/us/therapists/children-s-home-society-boise-id/484351</description>
        <styleUrl>#icon-1737-097138-labelson</styleUrl>
        <Point>
          <coordinates>
            -116.1866637,43.6093086,0
          </coordinates>
        </Point>
      </Placemark>
      <Placemark>
        <name><![CDATA[Children's Home Counseling Services]]></name>
        <description>https://www.psychologytoday.com/us/therapists/children-s-home-society-boise-id/484351</description>
        <styleUrl>#icon-1737-097138-labelson</styleUrl>
        <Point>
          <coordinates>
            -116.3689855,43.5883267,0
          </coordinates>
        </Point>
      </Placemark>
      <Placemark>
        <name>Illy Dinette
</name>
        <description>https://www.psychologytoday.com/us/therapists/illy-dinette-boise-id/1379897</description>
        <styleUrl>#icon-1737-097138-labelson</styleUrl>
        <Point>
          <coordinates>
            -116.2558155,43.6529411,0
          </coordinates>
        </Point>
      </Placemark>
      <Placemark>
        <name>A New Beginning Counseling Center</name>
        <description>https://www.psychologytoday.com/us/therapists/alan-g-neighbors-eagle-id/91053</description>
        <styleUrl>#icon-1737-097138-labelson</styleUrl>
        <Point>
          <coordinates>
            -116.3499983,43.686433,0
          </coordinates>
        </Point>
      </Placemark>
      <Placemark>
        <name>Michelle Wieme @ Insight Wellness</name>
        <description>https://www.psychologytoday.com/us/therapists/michelle-s-wieme-omaha-ne/98429</description>
        <styleUrl>#icon-1737-097138-labelson</styleUrl>
        <Point>
          <coordinates>
            -96.0808796,41.2614387,0
          </coordinates>
        </Point>
      </Placemark>
      <Placemark>
        <name>Susan Ann Meyer
</name>
        <description>https://www.psychologytoday.com/us/therapists/susan-ann-meyer-omaha-ne/138528</description>
        <styleUrl>#icon-1737-097138-labelson</styleUrl>
        <Point>
          <coordinates>
            -95.9326905,41.2571234,0
          </coordinates>
        </Point>
      </Placemark>
      <Placemark>
        <name>Edanne Murphy
</name>
        <description>https://www.psychologytoday.com/us/therapists/edanne-murphy-omaha-ne/438966</description>
        <styleUrl>#icon-1737-097138-labelson</styleUrl>
        <Point>
          <coordinates>
            -95.9377057,41.2055753,0
          </coordinates>
        </Point>
      </Placemark>
      <Placemark>
        <name>Edanne Murphy @ Authentic Journey Counseling
</name>
        <description>https://www.psychologytoday.com/us/therapists/edanne-murphy-omaha-ne/438966</description>
        <styleUrl>#icon-1737-097138-labelson</styleUrl>
        <Point>
          <coordinates>
            -94.7353777,40.9907851,0
          </coordinates>
        </Point>
      </Placemark>
      <Placemark>
        <name>Dominique Moreno @ Serene Mind Therapy(Moreno Therapy PC, LLC)</name>
        <description>https://www.psychologytoday.com/us/therapists/dominique-r-moreno-omaha-ne/443948</description>
        <styleUrl>#icon-1737-097138-labelson</styleUrl>
        <Point>
          <coordinates>
            -96.0927618,41.2595145,0
          </coordinates>
        </Point>
      </Placemark>
      <Placemark>
        <name>Michael Wayne Pellecchia
</name>
        <description>https://www.psychologytoday.com/us/therapists/michael-wayne-pellecchia-omaha-ne/738542</description>
        <styleUrl>#icon-1737-097138-labelson</styleUrl>
        <Point>
          <coordinates>
            -96.1220857,41.2142014,0
          </coordinates>
        </Point>
      </Placemark>
      <Placemark>
        <name>Amy Phillips @ Affirming Joy Mental Health Services</name>
        <description>https://www.psychologytoday.com/us/therapists/amy-phillips-omaha-ne/981937</description>
        <styleUrl>#icon-1737-097138-labelson</styleUrl>
        <Point>
          <coordinates>
            -96.019771,41.259219,0
          </coordinates>
        </Point>
      </Placemark>
      <Placemark>
        <name>Elizabeth McNeill
</name>
        <description>https://www.psychologytoday.com/us/therapists/elizabeth-mcneill-omaha-ne/938988</description>
        <styleUrl>#icon-1737-097138-labelson</styleUrl>
        <Point>
          <coordinates>
            -96.0348115,41.2119044,0
          </coordinates>
        </Point>
      </Placemark>
      <Placemark>
        <name>Abra Poindexter Psychotherapy</name>
        <description>https://www.psychologytoday.com/us/therapists/abra-poindexter-omaha-ne/95872</description>
        <styleUrl>#icon-1737-097138-labelson</styleUrl>
        <Point>
          <coordinates>
            -96.0412181,41.2630484,0
          </coordinates>
        </Point>
      </Placemark>
      <Placemark>
        <name>Christopher Michael Fenwick @ Weather the Mind Counseling, LLC</name>
        <description>https://www.psychologytoday.com/us/therapists/christopher-michael-fenwick-omaha-ne/1067052</description>
        <styleUrl>#icon-1737-097138-labelson</styleUrl>
        <Point>
          <coordinates>
            -96.1396918,41.2758644,0
          </coordinates>
        </Point>
      </Placemark>
      <Placemark>
        <name>Susan M. Smith @ Therapy Resource Associates</name>
        <description>https://www.psychologytoday.com/us/therapists/susan-m-smith-omaha-ne/176176</description>
        <styleUrl>#icon-1737-097138-labelson</styleUrl>
        <Point>
          <coordinates>
            -96.0785689,41.260938,0
          </coordinates>
        </Point>
      </Placemark>
      <Placemark>
        <name>Deborah Osmanson @ CityCare Counseling</name>
        <description>https://www.psychologytoday.com/us/therapists/deborah-osmanson-omaha-ne/355219</description>
        <styleUrl>#icon-1737-097138-labelson</styleUrl>
        <Point>
          <coordinates>
            -96.08093,41.2562343,0
          </coordinates>
        </Point>
      </Placemark>
      <Placemark>
        <name>Tara Thomsen
</name>
        <description>https://www.psychologytoday.com/us/therapists/tara-thomsen-omaha-ne/38826</description>
        <styleUrl>#icon-1737-097138-labelson</styleUrl>
        <Point>
          <coordinates>
            -96.0857703,41.2321044,0
          </coordinates>
        </Point>
      </Placemark>
      <Placemark>
        <name>Kim Brown @ Endless Possibilities LLC.</name>
        <description>https://www.psychologytoday.com/us/therapists/kim-brown-omaha-ne/71155</description>
        <styleUrl>#icon-1737-097138-labelson</styleUrl>
        <Point>
          <coordinates>
            -96.0889202,41.2057639,0
          </coordinates>
        </Point>
      </Placemark>
      <Placemark>
        <name><![CDATA[Counseling Connections & Associates]]></name>
        <description>https://www.psychologytoday.com/us/therapists/counseling-connections-associates-omaha-ne/132954</description>
        <styleUrl>#icon-1737-097138-labelson</styleUrl>
        <Point>
          <coordinates>
            -96.0645135,41.2707669,0
          </coordinates>
        </Point>
      </Placemark>
      <Placemark>
        <name>Jay Ratliff @ Your Story Matters Therapy Group</name>
        <description>https://www.psychologytoday.com/us/therapists/jay-ratliff-omaha-ne/713706</description>
        <styleUrl>#icon-1737-097138-labelson</styleUrl>
        <Point>
          <coordinates>
            -96.0492396,41.2205326,0
          </coordinates>
        </Point>
      </Placemark>
      <Placemark>
        <name>Terri Essel @ Healthy Minds Counseling Services</name>
        <description>https://www.psychologytoday.com/us/therapists/terri-essel-omaha-ne/213280</description>
        <styleUrl>#icon-1737-097138-labelson</styleUrl>
        <Point>
          <coordinates>
            -96.0794804,41.2877359,0
          </coordinates>
        </Point>
      </Placemark>
      <Placemark>
        <name>Kersten Borer LLC</name>
        <description>https://www.psychologytoday.com/us/therapists/kersten-borer-omaha-ne/304717</description>
        <styleUrl>#icon-1737-097138-labelson</styleUrl>
        <Point>
          <coordinates>
            -96.0321654,41.2491697,0
          </coordinates>
        </Point>
      </Placemark>
      <Placemark>
        <name><![CDATA[Ann's Couch]]></name>
        <styleUrl>#icon-1737-097138-labelson-nodesc</styleUrl>
        <Point>
          <coordinates>
            -96.0535446,41.294779,0
          </coordinates>
        </Point>
      </Placemark>
      <Placemark>
        <name>Ann Gray @ Gray Counseling: Ann Gray, Marcia Pitlor, Jason Workman, Jennifer Aesoph, and Joanie Hansen</name>
        <description>https://www.psychologytoday.com/us/therapists/ann-e-gray-omaha-ne/144287</description>
        <styleUrl>#icon-1737-097138-labelson</styleUrl>
        <Point>
          <coordinates>
            -96.094859,41.236277,0
          </coordinates>
        </Point>
      </Placemark>
      <Placemark>
        <name>Kathleen (Katie) Shearman
</name>
        <description>https://www.psychologytoday.com/us/therapists/kathleen-katie-shearman-imperial-beach-ca/842836</description>
        <styleUrl>#icon-1737-097138-labelson</styleUrl>
        <Point>
          <coordinates>
            -96.0520363,41.2674199,0
          </coordinates>
        </Point>
      </Placemark>
      <Placemark>
        <name>Caitlin M. Cool Kaufman
</name>
        <description>https://www.psychologytoday.com/us/therapists/caitlin-m-cool-kaufman-council-bluffs-ia/289246</description>
        <styleUrl>#icon-1737-097138-labelson</styleUrl>
        <Point>
          <coordinates>
            -95.8409424,41.2665228,0
          </coordinates>
        </Point>
      </Placemark>
      <Placemark>
        <name>Caitlin M. Cool Kaufman
</name>
        <description>https://www.psychologytoday.com/us/therapists/caitlin-m-cool-kaufman-council-bluffs-ia/289246</description>
        <styleUrl>#icon-1737-097138-labelson</styleUrl>
        <Point>
          <coordinates>
            -96.0381593,41.2334254,0
          </coordinates>
        </Point>
      </Placemark>
      <Placemark>
        <name>Rose Kern @ Remedy Health</name>
        <description>https://www.psychologytoday.com/us/therapists/rose-kern-bellevue-ne/939839</description>
        <styleUrl>#icon-1737-097138-labelson</styleUrl>
        <Point>
          <coordinates>
            -95.9141151,41.1462569,0
          </coordinates>
        </Point>
      </Placemark>
      <Placemark>
        <name>Rose Kern @ Remedy Health - Maple Location</name>
        <description>https://www.psychologytoday.com/us/therapists/rose-kern-bellevue-ne/939839</description>
        <styleUrl>#icon-1737-097138-labelson</styleUrl>
        <Point>
          <coordinates>
            -96.079793,41.2884268,0
          </coordinates>
        </Point>
      </Placemark>
      <Placemark>
        <name>Tracy Gilman @ Clear Mind Therapy, LLC.</name>
        <description>https://www.psychologytoday.com/us/therapists/tracy-gilman-council-bluffs-ia/1271938</description>
        <styleUrl>#icon-1737-097138-labelson</styleUrl>
        <Point>
          <coordinates>
            -95.8493826,41.261069,0
          </coordinates>
        </Point>
      </Placemark>
      <Placemark>
        <name>Michelle Powell
</name>
        <description>https://www.psychologytoday.com/us/therapists/michelle-powell-papillion-ne/1088617</description>
        <styleUrl>#icon-1737-097138-labelson</styleUrl>
        <Point>
          <coordinates>
            -96.0410118,41.1425037,0
          </coordinates>
        </Point>
      </Placemark>
      <Placemark>
        <name>Center for Healing and Hope</name>
        <description>https://www.psychologytoday.com/us/therapists/center-for-healing-and-hope-council-bluffs-ia/719076</description>
        <styleUrl>#icon-1737-097138-labelson</styleUrl>
        <Point>
          <coordinates>
            -95.8403962,41.2665231,0
          </coordinates>
        </Point>
      </Placemark>
      <Placemark>
        <name>Peggy Dineen @ Focus C3</name>
        <description>https://www.psychologytoday.com/us/therapists/peggy-dineen-la-vista-ne/199072</description>
        <styleUrl>#icon-1737-097138-labelson</styleUrl>
        <Point>
          <coordinates>
            -96.0795057,41.1756479,0
          </coordinates>
        </Point>
      </Placemark>
      <Placemark>
        <name>Angela D. McClain @ Firm Foundations Counseling Inc.</name>
        <description>https://www.psychologytoday.com/us/therapists/angela-d-mcclain-topeka-ks/133586</description>
        <styleUrl>#icon-1737-097138-labelson</styleUrl>
        <Point>
          <coordinates>
            -95.7213418,39.0145848,0
          </coordinates>
        </Point>
      </Placemark>
      <Placemark>
        <name><![CDATA[Attachment & Trauma Center of Nebraska]]></name>
        <description>https://www.psychologytoday.com/us/therapists/the-attachment-trauma-center-of-nebraska-omaha-ne/236689</description>
        <styleUrl>#icon-1737-097138-labelson</styleUrl>
        <Point>
          <coordinates>
            -96.0933243,41.278295,0
          </coordinates>
        </Point>
      </Placemark>
      <Placemark>
        <name>Martha Fay
</name>
        <description>https://www.psychologytoday.com/us/therapists/martha-fay-cocoa-beach-fl/462265</description>
        <styleUrl>#icon-1737-097138-labelson</styleUrl>
        <Point>
          <coordinates>
            -80.621591,28.3150144,0
          </coordinates>
        </Point>
      </Placemark>
      <Placemark>
        <name>Denny Kolsch @ Peace Club Inc.</name>
        <description>https://www.psychologytoday.com/us/therapists/denny-kolsch-cocoa-beach-fl/159179</description>
        <styleUrl>#icon-1737-097138-labelson</styleUrl>
        <Point>
          <coordinates>
            -80.6087982,28.2877583,0
          </coordinates>
        </Point>
      </Placemark>
      <Placemark>
        <name>Couples Counseling with Earl Ledford, LCSW</name>
        <description>https://www.psychologytoday.com/us/therapists/earl-ledford-melbourne-fl/21563</description>
        <styleUrl>#icon-1737-097138-labelson</styleUrl>
        <Point>
          <coordinates>
            -80.6461272,28.129242,0
          </coordinates>
        </Point>
      </Placemark>
      <Placemark>
        <name>Ellie Mental Health - Space Coast</name>
        <description>https://www.psychologytoday.com/us/therapists/ellie-mental-health-melbourne-fl/1360256</description>
        <styleUrl>#icon-1737-097138-labelson</styleUrl>
        <Point>
          <coordinates>
            -80.6757751,28.2222334,0
          </coordinates>
        </Point>
      </Placemark>
      <Placemark>
        <name>Bella Mental Health Services</name>
        <description>https://www.psychologytoday.com/us/therapists/bella-mental-health-services-llc-melbourne-fl/746818</description>
        <styleUrl>#icon-1737-097138-labelson</styleUrl>
        <Point>
          <coordinates>
            -80.6708534,28.202407,0
          </coordinates>
        </Point>
      </Placemark>
      <Placemark>
        <name><![CDATA[David Flett @ Burnham Woods Champa & Associates]]></name>
        <description>https://www.psychologytoday.com/us/therapists/david-flett-cocoa-fl/92458</description>
        <styleUrl>#icon-1737-097138-labelson</styleUrl>
        <Point>
          <coordinates>
            -80.7532216,28.3890169,0
          </coordinates>
        </Point>
      </Placemark>
      <Placemark>
        <name>Marliegh Fallon @ Ellie Mental Health
</name>
        <description>https://www.psychologytoday.com/us/therapists/marleigh-fallon-melbourne-fl/1340033</description>
        <styleUrl>#icon-1737-097138-labelson</styleUrl>
        <Point>
          <coordinates>
            -80.6759594,28.2223148,0
          </coordinates>
        </Point>
      </Placemark>
      <Placemark>
        <name>Wende J. Anderson @ Psychological Associates of Melbourne</name>
        <description>https://www.psychologytoday.com/us/therapists/wende-j-anderson-melbourne-fl/70718</description>
        <styleUrl>#icon-1737-097138-labelson</styleUrl>
        <Point>
          <coordinates>
            -80.6251886,28.0899803,0
          </coordinates>
        </Point>
      </Placemark>
      <Placemark>
        <name>Erin Kelley @ Pathways Counseling Center</name>
        <description>https://www.psychologytoday.com/us/therapists/erin-kelley-melbourne-fl/244858</description>
        <styleUrl>#icon-1737-097138-labelson</styleUrl>
        <Point>
          <coordinates>
            -80.6258847,28.0849304,0
          </coordinates>
        </Point>
      </Placemark>
      <Placemark>
        <name>Douglas Stahl Judson @ Pathways Counseling Center
</name>
        <description>https://www.psychologytoday.com/us/therapists/erin-kelley-melbourne-fl/244858</description>
        <styleUrl>#icon-1737-097138-labelson</styleUrl>
        <Point>
          <coordinates>
            -80.6258333,28.0850963,0
          </coordinates>
        </Point>
      </Placemark>
      <Placemark>
        <name>Lauren Ashley Timney @ Discovery Counseling Services LLC</name>
        <description>https://www.psychologytoday.com/us/therapists/lauren-ashley-timney-merritt-island-fl/477405</description>
        <styleUrl>#icon-1737-097138-labelson</styleUrl>
        <Point>
          <coordinates>
            -80.7032295,28.3802581,0
          </coordinates>
        </Point>
      </Placemark>
      <Placemark>
        <name><![CDATA[James Victor Eaton @ Adult & Child Counseling & Psychiatric Center, PA]]></name>
        <description>https://www.psychologytoday.com/us/therapists/james-victor-eaton-melbourne-fl/379010</description>
        <styleUrl>#icon-1737-097138-labelson</styleUrl>
        <Point>
          <coordinates>
            -80.67052,28.1981488,0
          </coordinates>
        </Point>
      </Placemark>
      <Placemark>
        <name>Michael H. Lake
</name>
        <description>https://www.psychologytoday.com/us/therapists/michael-h-lake-rockledge-fl/111763</description>
        <styleUrl>#icon-1737-097138-labelson</styleUrl>
        <Point>
          <coordinates>
            -80.7214873,28.3221937,0
          </coordinates>
        </Point>
      </Placemark>
      <Placemark>
        <name>Diane Mary Digeronimo
</name>
        <description>https://www.psychologytoday.com/us/therapists/diane-mary-digeronimo-melbourne-beach-fl/90251</description>
        <styleUrl>#icon-1737-097138-labelson</styleUrl>
        <Point>
          <coordinates>
            -80.5604973,28.0681354,0
          </coordinates>
        </Point>
      </Placemark>
      <Placemark>
        <name>Monica Lett
</name>
        <description>https://www.psychologytoday.com/us/therapists/monica-lett-melbourne-fl/1409250</description>
        <styleUrl>#icon-1737-097138-labelson</styleUrl>
        <Point>
          <coordinates>
            -80.626026,28.0851149,0
          </coordinates>
        </Point>
      </Placemark>
      <Placemark>
        <name>Linda Ouellette
</name>
        <description>https://www.psychologytoday.com/us/therapists/linda-ouellette-melbourne-fl/108013</description>
        <styleUrl>#icon-1737-097138-labelson</styleUrl>
        <Point>
          <coordinates>
            -80.639601,28.1291587,0
          </coordinates>
        </Point>
      </Placemark>
      <Placemark>
        <name>Josh Woods
</name>
        <description>https://www.psychologytoday.com/us/therapists/josh-woods-melbourne-fl/1372579</description>
        <styleUrl>#icon-1737-097138-labelson</styleUrl>
        <Point>
          <coordinates>
            -80.7879407,28.1988979,0
          </coordinates>
        </Point>
      </Placemark>
      <Placemark>
        <name>Tamara S. Latham @ Last Key on the Ring
</name>
        <description>https://www.psychologytoday.com/us/therapists/tamara-s-latham-colorado-springs-co/375107</description>
        <styleUrl>#icon-1737-097138-labelson</styleUrl>
        <Point>
          <coordinates>
            -104.7884754,38.911164,0
          </coordinates>
        </Point>
      </Placemark>
      <Placemark>
        <name><![CDATA[Connect Counseling & Psychological Services]]></name>
        <description>https://www.psychologytoday.com/us/therapists/connect-counseling-psychological-services-pllc-monument-co/876211</description>
        <styleUrl>#icon-1737-097138-labelson</styleUrl>
        <Point>
          <coordinates>
            -104.8671177,39.0945743,0
          </coordinates>
        </Point>
      </Placemark>
      <Placemark>
        <name>Dan E. Johnson
</name>
        <description>https://www.psychologytoday.com/us/therapists/dan-e-johnson-colorado-springs-co/198539</description>
        <styleUrl>#icon-1737-097138-labelson</styleUrl>
        <Point>
          <coordinates>
            -104.7938259,38.8878979,0
          </coordinates>
        </Point>
      </Placemark>
      <Placemark>
        <name>Kade Stanzilis @ Willows Counseling</name>
        <description>https://www.psychologytoday.com/us/therapists/kade-stanzilis-colorado-springs-co/1309627</description>
        <styleUrl>#icon-1737-097138-labelson</styleUrl>
        <Point>
          <coordinates>
            -104.7848524,38.9070285,0
          </coordinates>
        </Point>
      </Placemark>
      <Placemark>
        <name>Center for Valued Living, PLLC</name>
        <description>https://www.psychologytoday.com/us/therapists/center-for-valued-living-pllc-aurora-co/794979</description>
        <styleUrl>#icon-1737-097138-labelson</styleUrl>
        <Point>
          <coordinates>
            -104.7425688,39.6089895,0
          </coordinates>
        </Point>
      </Placemark>
      <Placemark>
        <name><![CDATA[Jo-Ann Cahill O'Neil @ Nephesh Counseling
]]></name>
        <description>https://www.psychologytoday.com/us/therapists/jo-ann-cahill-o-neil-colorado-springs-co/991912</description>
        <styleUrl>#icon-1737-097138-labelson</styleUrl>
        <Point>
          <coordinates>
            -104.7812654,38.9583005,0
          </coordinates>
        </Point>
      </Placemark>
      <Placemark>
        <name>Michelle Lynn Vrooman @ Inner Peace Psychotherapy
</name>
        <description>https://www.psychologytoday.com/us/therapists/michelle-lynn-vrooman-colorado-springs-co/315831</description>
        <styleUrl>#icon-1737-097138-labelson</styleUrl>
        <Point>
          <coordinates>
            -104.7554715,38.8635317,0
          </coordinates>
        </Point>
      </Placemark>
      <Placemark>
        <name>Peak Psychological Services</name>
        <description>https://www.psychologytoday.com/us/therapists/peak-psychological-services-colorado-springs-co/1423600</description>
        <styleUrl>#icon-1737-097138-labelson</styleUrl>
        <Point>
          <coordinates>
            -104.7614459,38.8143979,0
          </coordinates>
        </Point>
      </Placemark>
      <Placemark>
        <name>Monumental Therapy Group</name>
        <description>https://www.psychologytoday.com/us/therapists/monumental-therapy-group-pllc-colorado-springs-co/132627</description>
        <styleUrl>#icon-1737-097138-labelson</styleUrl>
        <Point>
          <coordinates>
            -104.8058375,38.7950783,0
          </coordinates>
        </Point>
      </Placemark>
      <Placemark>
        <name>Sandstone Care Detox Center</name>
        <description>https://www.psychologytoday.com/us/therapists/sandstone-care-teen-young-adult-treatment-center-colorado-springs-co/261005</description>
        <styleUrl>#icon-1737-097138-labelson</styleUrl>
        <Point>
          <coordinates>
            -104.7896988,38.9107191,0
          </coordinates>
        </Point>
      </Placemark>
      <Placemark>
        <name>Sandstone Care Sober Living - Denver, CO</name>
        <description>https://www.psychologytoday.com/us/therapists/sandstone-care-teen-young-adult-treatment-center-colorado-springs-co/261005</description>
        <styleUrl>#icon-1737-097138-labelson</styleUrl>
        <Point>
          <coordinates>
            -104.9339273,39.6777523,0
          </coordinates>
        </Point>
      </Placemark>
      <Placemark>
        <name>Kimbrlei McCain @ Peak Psychological Services</name>
        <description>https://www.psychologytoday.com/us/therapists/kimbrlei-mccain-colorado-springs-co/281325</description>
        <styleUrl>#icon-1737-097138-labelson</styleUrl>
        <Point>
          <coordinates>
            -104.7652675,38.9364733,0
          </coordinates>
        </Point>
      </Placemark>
      <Placemark>
        <name>Kimbrlei McCain @ Peak Psychological Services</name>
        <description>https://www.psychologytoday.com/us/therapists/kimbrlei-mccain-colorado-springs-co/281325</description>
        <styleUrl>#icon-1737-097138-labelson</styleUrl>
        <Point>
          <coordinates>
            -104.7580619,38.8622931,0
          </coordinates>
        </Point>
      </Placemark>
      <Placemark>
        <name>Gina Sagona @ Affinity Therapy Services</name>
        <description>https://www.psychologytoday.com/us/therapists/gina-sagona-colorado-springs-co/979698</description>
        <styleUrl>#icon-1737-097138-labelson</styleUrl>
        <Point>
          <coordinates>
            -104.8029535,38.7894121,0
          </coordinates>
        </Point>
      </Placemark>
      <Placemark>
        <name>Jennifer Wilson
</name>
        <description>https://www.psychologytoday.com/us/therapists/jennifer-wilson-colorado-springs-co/380765</description>
        <styleUrl>#icon-1737-097138-labelson</styleUrl>
        <Point>
          <coordinates>
            -104.7683387,38.9009255,0
          </coordinates>
        </Point>
      </Placemark>
      <Placemark>
        <name>Silver Seekers Counseling LLC / Bruce E. Bonin, MSW, LCSW</name>
        <description>https://www.psychologytoday.com/us/therapists/silver-seekers-counseling-bruce-bonin-msw-lcsw-colorado-springs-co/468884</description>
        <styleUrl>#icon-1737-097138-labelson</styleUrl>
        <Point>
          <coordinates>
            -104.7565833,38.8630457,0
          </coordinates>
        </Point>
      </Placemark>
      <Placemark>
        <name>Joanne Louise Allen @ Therapeutic Interiors</name>
        <description>https://www.psychologytoday.com/us/therapists/joanne-louise-allen-colorado-springs-co/156445</description>
        <styleUrl>#icon-1737-097138-labelson</styleUrl>
        <Point>
          <coordinates>
            -104.8635219,38.8480696,0
          </coordinates>
        </Point>
      </Placemark>
      <Placemark>
        <name>Liz Villamarin
</name>
        <description>https://www.psychologytoday.com/us/therapists/liz-villamarin-colorado-springs-co/1317464</description>
        <styleUrl>#icon-1737-097138-labelson</styleUrl>
        <Point>
          <coordinates>
            -104.8203348,38.8439716,0
          </coordinates>
        </Point>
      </Placemark>
      <Placemark>
        <name>Rachel Cimino
</name>
        <description>https://www.psychologytoday.com/us/therapists/rachel-cimino-colorado-springs-co/1086777</description>
        <styleUrl>#icon-1737-097138-labelson</styleUrl>
        <Point>
          <coordinates>
            -104.7345937,38.8825531,0
          </coordinates>
        </Point>
      </Placemark>
      <Placemark>
        <name>Elicia Hulmes
</name>
        <description>https://www.psychologytoday.com/us/therapists/elicia-hulmes-colorado-springs-co/47010</description>
        <styleUrl>#icon-1737-097138-labelson</styleUrl>
        <Point>
          <coordinates>
            -104.7911823,38.9232916,0
          </coordinates>
        </Point>
      </Placemark>
      <Placemark>
        <name>David Mills
</name>
        <description>https://www.psychologytoday.com/us/therapists/david-mills-colorado-springs-co/975985</description>
        <styleUrl>#icon-1737-097138-labelson</styleUrl>
        <Point>
          <coordinates>
            -104.7655046,38.9365463,0
          </coordinates>
        </Point>
      </Placemark>
      <Placemark>
        <name>David Mills
</name>
        <description>https://www.psychologytoday.com/us/therapists/david-mills-colorado-springs-co/975985</description>
        <styleUrl>#icon-1737-097138-labelson</styleUrl>
        <Point>
          <coordinates>
            -104.7616873,38.8145239,0
          </coordinates>
        </Point>
      </Placemark>
      <Placemark>
        <name>4Square Counseling</name>
        <description>https://www.psychologytoday.com/us/therapists/4square-counseling-colorado-springs-co/206998</description>
        <styleUrl>#icon-1737-097138-labelson</styleUrl>
        <Point>
          <coordinates>
            -104.7594774,38.8231651,0
          </coordinates>
        </Point>
      </Placemark>
      <Placemark>
        <name>Lloyd Greenfield
</name>
        <description>https://www.psychologytoday.com/us/therapists/lloyd-greenfield-colorado-springs-co/438289</description>
        <styleUrl>#icon-1737-097138-labelson</styleUrl>
        <Point>
          <coordinates>
            -104.8262887,38.8248724,0
          </coordinates>
        </Point>
      </Placemark>
      <Placemark>
        <name>Valerie Bringas Montgomery @ Beyond Beautiful
</name>
        <description>https://www.psychologytoday.com/us/therapists/valerie-bringas-montgomery-colorado-springs-co/94126</description>
        <styleUrl>#icon-1737-097138-labelson</styleUrl>
        <Point>
          <coordinates>
            -104.8104424,38.8778926,0
          </coordinates>
        </Point>
      </Placemark>
      <Placemark>
        <name>The Center For Cognitive Health</name>
        <description>https://www.psychologytoday.com/us/therapists/the-center-for-cognitive-health-colorado-springs-co/311614</description>
        <styleUrl>#icon-1737-097138-labelson</styleUrl>
        <Point>
          <coordinates>
            -104.8069613,38.9445984,0
          </coordinates>
        </Point>
      </Placemark>
      <Placemark>
        <name>Karah Velasquez @ Centus Counseling
</name>
        <description>https://www.psychologytoday.com/us/therapists/karah-velasquez-colorado-springs-co/1004094</description>
        <styleUrl>#icon-1737-097138-labelson</styleUrl>
        <Point>
          <coordinates>
            -104.739063,38.7643377,0
          </coordinates>
        </Point>
      </Placemark>
      <Placemark>
        <name>Natalie Warner
</name>
        <description>https://www.psychologytoday.com/us/therapists/natalie-warner-colorado-springs-co/955379</description>
        <styleUrl>#icon-1737-097138-labelson</styleUrl>
        <Point>
          <coordinates>
            -104.7448857,38.8975957,0
          </coordinates>
        </Point>
      </Placemark>
      <Placemark>
        <name>Carol Fullerton Myers
</name>
        <description>https://www.psychologytoday.com/us/therapists/carol-fullerton-myers-colorado-springs-co/203380</description>
        <styleUrl>#icon-1737-097138-labelson</styleUrl>
        <Point>
          <coordinates>
            -104.8417996,38.8189472,0
          </coordinates>
        </Point>
      </Placemark>
      <Placemark>
        <name>Shannon McNiece
</name>
        <description>https://www.psychologytoday.com/us/therapists/shannon-mcniece-colorado-springs-co/1155525</description>
        <styleUrl>#icon-1737-097138-labelson</styleUrl>
        <Point>
          <coordinates>
            -104.7937562,38.7997164,0
          </coordinates>
        </Point>
      </Placemark>
      <Placemark>
        <name>Jennifer Susan Brown @ River of Life Counseling</name>
        <description>https://www.psychologytoday.com/us/therapists/jennifer-susan-brown-colorado-springs-co/299213</description>
        <styleUrl>#icon-1737-097138-labelson</styleUrl>
        <Point>
          <coordinates>
            -104.79208,38.9441998,0
          </coordinates>
        </Point>
      </Placemark>
      <Placemark>
        <name>Ellie Mental Health</name>
        <description>https://www.psychologytoday.com/us/therapists/ellie-mental-health-colorado-springs-colorado-springs-co/1108084</description>
        <styleUrl>#icon-1737-097138-labelson</styleUrl>
        <Point>
          <coordinates>
            -104.7866797,38.9219442,0
          </coordinates>
        </Point>
      </Placemark>
      <Placemark>
        <name>Ellie Mental Health</name>
        <description>https://www.psychologytoday.com/us/therapists/ellie-mental-health-colorado-springs-colorado-springs-co/1108084</description>
        <styleUrl>#icon-1737-097138-labelson</styleUrl>
        <Point>
          <coordinates>
            -104.712773,38.9330808,0
          </coordinates>
        </Point>
      </Placemark>
      <Placemark>
        <name>Blakely Madison Hunze-Austin
</name>
        <description>https://www.psychologytoday.com/us/therapists/blakely-madison-hunze-austin-colorado-springs-co/1237590</description>
        <styleUrl>#icon-1737-097138-labelson</styleUrl>
        <Point>
          <coordinates>
            -104.7811143,38.9646849,0
          </coordinates>
        </Point>
      </Placemark>
      <Placemark>
        <name>Mindful Connections Mental Health
</name>
        <description>https://www.psychologytoday.com/us/therapists/mindful-connections-mental-health-llc-colorado-springs-co/952575</description>
        <styleUrl>#icon-1737-097138-labelson</styleUrl>
        <Point>
          <coordinates>
            -104.7911797,38.9234376,0
          </coordinates>
        </Point>
      </Placemark>
      <Placemark>
        <name>Julia Boulton @ AXIS Counseling
</name>
        <description>https://www.psychologytoday.com/us/therapists/julia-boulton-colorado-springs/76822</description>
        <styleUrl>#icon-1737-097138-labelson</styleUrl>
        <Point>
          <coordinates>
            -104.8199139,38.842594,0
          </coordinates>
        </Point>
      </Placemark>
      <Placemark>
        <name>Emily Thompson
</name>
        <description>https://www.psychologytoday.com/us/therapists/emily-thompson-colorado-springs-co/1011805</description>
        <styleUrl>#icon-1737-097138-labelson</styleUrl>
        <Point>
          <coordinates>
            -104.8310039,38.9277916,0
          </coordinates>
        </Point>
      </Placemark>
      <Placemark>
        <name>invictus counseling</name>
        <description>https://www.psychologytoday.com/us/therapists/invictus-counseling-associates-llc-colorado-springs-co/358092</description>
        <styleUrl>#icon-1737-097138-labelson</styleUrl>
        <Point>
          <coordinates>
            -104.7594547,38.8950322,0
          </coordinates>
        </Point>
      </Placemark>
      <Placemark>
        <name>Bailey Anderson
</name>
        <description>https://www.psychologytoday.com/us/therapists/bailey-anderson-colorado-springs-co/861470</description>
        <styleUrl>#icon-1737-097138-labelson</styleUrl>
        <Point>
          <coordinates>
            -104.8070229,38.9446414,0
          </coordinates>
        </Point>
      </Placemark>
      <Placemark>
        <name>Patricia Tippins @ Achieve Whole Recovery</name>
        <description>https://www.psychologytoday.com/us/therapists/patricia-tippins-colorado-springs-co/469624</description>
        <styleUrl>#icon-1737-097138-labelson</styleUrl>
        <Point>
          <coordinates>
            -104.8451883,38.8983951,0
          </coordinates>
        </Point>
      </Placemark>
      <Placemark>
        <name>Patricia Tippins
</name>
        <description>https://www.psychologytoday.com/us/therapists/patricia-tippins-colorado-springs-co/469624</description>
        <styleUrl>#icon-1737-097138-labelson</styleUrl>
        <Point>
          <coordinates>
            -104.7882449,38.9222883,0
          </coordinates>
        </Point>
      </Placemark>
      <Placemark>
        <name>Jacque Christina Kramer @ A Life In Balance
</name>
        <description>https://www.psychologytoday.com/us/therapists/jacque-christina-kramer-colorado-springs-co/1101005</description>
        <styleUrl>#icon-1737-097138-labelson</styleUrl>
        <Point>
          <coordinates>
            -104.7637619,38.9043608,0
          </coordinates>
        </Point>
      </Placemark>
      <Placemark>
        <name>Jacque Christina Kramer @ Laura Barney LLC
</name>
        <description>https://www.psychologytoday.com/us/therapists/jacque-christina-kramer-colorado-springs-co/1101005</description>
        <styleUrl>#icon-1737-097138-labelson</styleUrl>
        <Point>
          <coordinates>
            -104.6995991,38.8870447,0
          </coordinates>
        </Point>
      </Placemark>
      <Placemark>
        <name>Deborah Patz
</name>
        <description>https://www.psychologytoday.com/us/therapists/deborah-patz-colorado-springs-co/1325926</description>
        <styleUrl>#icon-1737-097138-labelson</styleUrl>
        <Point>
          <coordinates>
            -104.8804893,38.9301358,0
          </coordinates>
        </Point>
      </Placemark>
      <Placemark>
        <name>Jeremy Hartke @ Peak Psychological Services
</name>
        <description>https://www.psychologytoday.com/us/therapists/jeremy-hartke-colorado-springs-co/900762</description>
        <styleUrl>#icon-1737-097138-labelson</styleUrl>
        <Point>
          <coordinates>
            -104.7612152,38.8144016,0
          </coordinates>
        </Point>
      </Placemark>
      <Placemark>
        <name>Therapy by Liam Huntley
</name>
        <description>https://www.psychologytoday.com/us/therapists/therapy-by-liam-huntley-colorado-springs-co/960221</description>
        <styleUrl>#icon-1737-097138-labelson</styleUrl>
        <Point>
          <coordinates>
            -104.7811448,38.9062354,0
          </coordinates>
        </Point>
      </Placemark>
      <Placemark>
        <name>Shannon Matlock
</name>
        <description>https://www.psychologytoday.com/us/therapists/shannon-matlock-colorado-springs-co/906098</description>
        <styleUrl>#icon-1737-097138-labelson</styleUrl>
        <Point>
          <coordinates>
            -104.8630309,38.9088187,0
          </coordinates>
        </Point>
      </Placemark>
      <Placemark>
        <name>Shannon Matlock
</name>
        <description>https://www.psychologytoday.com/us/therapists/shannon-matlock-colorado-springs-co/906098</description>
        <styleUrl>#icon-1737-097138-labelson</styleUrl>
        <Point>
          <coordinates>
            -104.7446909,38.8976917,0
          </coordinates>
        </Point>
      </Placemark>
      <Placemark>
        <name>Holly My Hao Pantuso @ Cura Psychology</name>
        <description>https://www.psychologytoday.com/us/therapists/holly-my-hao-pantuso-colorado-springs-co/748899</description>
        <styleUrl>#icon-1737-097138-labelson</styleUrl>
        <Point>
          <coordinates>
            -104.7923429,38.9667239,0
          </coordinates>
        </Point>
      </Placemark>
      <Placemark>
        <name>Chelsea Armstrong
</name>
        <description>https://www.psychologytoday.com/us/therapists/chelsea-armstrong-colorado-springs-co/1256480</description>
        <styleUrl>#icon-1737-097138-labelson</styleUrl>
        <Point>
          <coordinates>
            -104.7866901,38.9220452,0
          </coordinates>
        </Point>
      </Placemark>
      <Placemark>
        <name>Shannon Hardaway @ Peak Psychological Services</name>
        <description>https://www.psychologytoday.com/us/therapists/shannon-hardaway-aurora-co/1317246</description>
        <styleUrl>#icon-1737-097138-labelson</styleUrl>
        <Point>
          <coordinates>
            -104.8611959,39.6645509,0
          </coordinates>
        </Point>
      </Placemark>
      <Placemark>
        <name>Heart Mind Soul Services, PLLC</name>
        <description>https://www.psychologytoday.com/us/therapists/heart-mind-soul-services-pllc-manitou-springs-co/317827</description>
        <styleUrl>#icon-1737-097138-labelson</styleUrl>
        <Point>
          <coordinates>
            -104.8238018,38.836014,0
          </coordinates>
        </Point>
      </Placemark>
      <Placemark>
        <name>Rachel Ortiz @ Monumental Experiences</name>
        <description>https://www.psychologytoday.com/us/therapists/rachel-ortiz-colorado-springs-co/994261</description>
        <styleUrl>#icon-1737-097138-labelson</styleUrl>
        <Point>
          <coordinates>
            -104.8070229,38.9451202,0
          </coordinates>
        </Point>
      </Placemark>
      <Placemark>
        <name><![CDATA[Dr. Ruth O'Brien
]]></name>
        <description>https://www.psychologytoday.com/us/therapists/ruth-o-brien-colorado-springs-co/785477</description>
        <styleUrl>#icon-1737-097138-labelson</styleUrl>
        <Point>
          <coordinates>
            -104.810397,38.8816172,0
          </coordinates>
        </Point>
      </Placemark>
      <Placemark>
        <name>Community Connections Counseling Services
</name>
        <description>https://www.psychologytoday.com/us/therapists/community-connections-counseling-services-fayetteville-nc/116174</description>
        <styleUrl>#icon-1737-097138-labelson</styleUrl>
        <Point>
          <coordinates>
            -78.9237413,35.0499409,0
          </coordinates>
        </Point>
      </Placemark>
      <Placemark>
        <name>Benevolent Counseling, PLLC</name>
        <description>https://www.psychologytoday.com/us/therapists/benevolent-counseling-pllc-fayetteville-nc/437044</description>
        <styleUrl>#icon-1737-097138-labelson</styleUrl>
        <Point>
          <coordinates>
            -78.925123,35.0438738,0
          </coordinates>
        </Point>
      </Placemark>
      <Placemark>
        <name>Amber Kennedy @ Spring Lake Counseling</name>
        <description>https://www.psychologytoday.com/us/therapists/amber-kennedy-fayetteville-nc/347877</description>
        <styleUrl>#icon-1737-097138-labelson</styleUrl>
        <Point>
          <coordinates>
            -78.9732736,35.1649616,0
          </coordinates>
        </Point>
      </Placemark>
      <Placemark>
        <name>Amber Kennedy @ Spring Lake Counseling Inc</name>
        <description>https://www.psychologytoday.com/us/therapists/amber-kennedy-fayetteville-nc/347877</description>
        <styleUrl>#icon-1737-097138-labelson</styleUrl>
        <Point>
          <coordinates>
            -78.7754186,35.0356576,0
          </coordinates>
        </Point>
      </Placemark>
      <Placemark>
        <name>Asa K Stoltz
</name>
        <description>https://www.psychologytoday.com/us/therapists/asa-k-stoltz-west-end-nc/106612</description>
        <styleUrl>#icon-1737-097138-labelson</styleUrl>
        <Point>
          <coordinates>
            -79.5815651,35.2665427,0
          </coordinates>
        </Point>
      </Placemark>
      <Placemark>
        <name>Carolina Counseling Services - Fayetteville, NC</name>
        <description>https://www.psychologytoday.com/us/therapists/carolina-counseling-services-fayetteville-nc/54176</description>
        <styleUrl>#icon-1737-097138-labelson</styleUrl>
        <Point>
          <coordinates>
            -78.901894,35.055555,0
          </coordinates>
        </Point>
      </Placemark>
      <Placemark>
        <name>Carolina Counseling Services - Fayetteville (West), NC Office</name>
        <description>https://www.psychologytoday.com/us/therapists/carolina-counseling-services-fayetteville-nc/54176</description>
        <styleUrl>#icon-1737-097138-labelson</styleUrl>
        <Point>
          <coordinates>
            -78.986951,35.040386,0
          </coordinates>
        </Point>
      </Placemark>
      <Placemark>
        <name>Clinical Counseling and Consulting Services, PLLC Assessment and Treatment Center</name>
        <description>https://www.psychologytoday.com/us/therapists/clinical-counseling-and-consulting-services-pllc-fayetteville-nc/375564</description>
        <styleUrl>#icon-1737-097138-labelson</styleUrl>
        <Point>
          <coordinates>
            -78.926998,35.043585,0
          </coordinates>
        </Point>
      </Placemark>
      <Placemark>
        <name>Leah Diaz
</name>
        <description>https://www.psychologytoday.com/us/therapists/leah-diaz-fayetteville-nc/928737</description>
        <styleUrl>#icon-1737-097138-labelson</styleUrl>
        <Point>
          <coordinates>
            -78.7769181,35.035719,0
          </coordinates>
        </Point>
      </Placemark>
      <Placemark>
        <name>Balance Beacon</name>
        <description>https://www.psychologytoday.com/us/therapists/balance-beacon-euless-tx/887976</description>
        <styleUrl>#icon-1737-097138-labelson</styleUrl>
        <Point>
          <coordinates>
            -97.1193545,32.8335606,0
          </coordinates>
        </Point>
      </Placemark>
      <Placemark>
        <name>Healing Selves Therapeutics, PLLC</name>
        <description>https://www.psychologytoday.com/us/therapists/healing-selves-therapeutics-pllc-fayetteville-nc/479215</description>
        <styleUrl>#icon-1737-097138-labelson</styleUrl>
        <Point>
          <coordinates>
            -78.9021445,35.0554385,0
          </coordinates>
        </Point>
      </Placemark>
      <Placemark>
        <name>Jovan McLeod
</name>
        <description>https://www.psychologytoday.com/us/therapists/jovan-n-mcleod-fayetteville-nc/813703</description>
        <styleUrl>#icon-1737-097138-labelson</styleUrl>
        <Point>
          <coordinates>
            -78.776947,35.0359388,0
          </coordinates>
        </Point>
      </Placemark>
      <Placemark>
        <name>Javon McLeod @ New View Behavioral Health Services</name>
        <description>https://www.psychologytoday.com/us/therapists/jovan-n-mcleod-fayetteville-nc/813703</description>
        <styleUrl>#icon-1737-097138-labelson</styleUrl>
        <Point>
          <coordinates>
            -78.8756393,35.0595222,0
          </coordinates>
        </Point>
      </Placemark>
      <Placemark>
        <name>Jessica Soler LCMHC</name>
        <description>https://www.psychologytoday.com/us/therapists/jessica-r-soler-fayetteville-nc/455711</description>
        <styleUrl>#icon-1737-097138-labelson</styleUrl>
        <Point>
          <coordinates>
            -78.9181056,35.0458745,0
          </coordinates>
        </Point>
      </Placemark>
      <Placemark>
        <name>A New Leaf Therapeutic Services PLLC</name>
        <styleUrl>#icon-1737-097138-labelson-nodesc</styleUrl>
        <Point>
          <coordinates>
            -78.9333451,35.0463902,0
          </coordinates>
        </Point>
      </Placemark>
      <Placemark>
        <name>A New Leaf Therapeutic Services PLLC Mental Health Clinic</name>
        <styleUrl>#icon-1737-097138-labelson-nodesc</styleUrl>
        <Point>
          <coordinates>
            -78.8452297,34.9021851,0
          </coordinates>
        </Point>
      </Placemark>
      <Placemark>
        <name>Full Circle Therapeutic Services
</name>
        <description>https://www.psychologytoday.com/us/therapists/full-circle-therapeutic-services-pllc-fayetteville-nc/1058759</description>
        <styleUrl>#icon-1737-097138-labelson</styleUrl>
        <Point>
          <coordinates>
            -78.9464522,35.0781934,0
          </coordinates>
        </Point>
      </Placemark>
      <Placemark>
        <name>Haymount Institute for Psychological Services</name>
        <description>https://www.psychologytoday.com/us/therapists/haymount-institute-for-psychological-services-fayetteville-nc/83335</description>
        <styleUrl>#icon-1737-097138-labelson</styleUrl>
        <Point>
          <coordinates>
            -78.8926525,35.0563167,0
          </coordinates>
        </Point>
      </Placemark>
      <Placemark>
        <name>Haymount Institute for Psychological Services</name>
        <description>https://www.psychologytoday.com/us/therapists/haymount-institute-for-psychological-services-fayetteville-nc/83335</description>
        <styleUrl>#icon-1737-097138-labelson</styleUrl>
        <Point>
          <coordinates>
            -79.2263344,34.98067,0
          </coordinates>
        </Point>
      </Placemark>
      <Placemark>
        <name>Thrive Counseling and Consulting
</name>
        <description>https://www.psychologytoday.com/us/therapists/thrive-counseling-consulting-pllc-fayetteville-nc/179948</description>
        <styleUrl>#icon-1737-097138-labelson</styleUrl>
        <Point>
          <coordinates>
            -78.9306924,35.033681,0
          </coordinates>
        </Point>
      </Placemark>
      <Placemark>
        <name>Southern Bridge Inc. Counseling and Family Therapy</name>
        <description>https://www.psychologytoday.com/us/therapists/southern-bridge-inc-warner-robins-ga/285300</description>
        <styleUrl>#icon-1737-097138-labelson</styleUrl>
        <Point>
          <coordinates>
            -83.6535251,32.6121392,0
          </coordinates>
        </Point>
      </Placemark>
      <Placemark>
        <name>Christina Marra @ Caring Minds Mental Health</name>
        <description>https://www.psychologytoday.com/us/therapists/christina-marra-warner-robins-ga/930123</description>
        <styleUrl>#icon-1737-097138-labelson</styleUrl>
        <Point>
          <coordinates>
            -83.6980339,32.6143054,0
          </coordinates>
        </Point>
      </Placemark>
      <Placemark>
        <name>Demetria Bennett
</name>
        <description>https://www.psychologytoday.com/us/therapists/demetria-bennett-warner-robins-ga/726860</description>
        <styleUrl>#icon-1737-097138-labelson</styleUrl>
        <Point>
          <coordinates>
            -83.624201,32.590481,0
          </coordinates>
        </Point>
      </Placemark>
      <Placemark>
        <name>Robert Werner
</name>
        <description>https://www.psychologytoday.com/us/therapists/robert-werner-warner-robins-ga/984693</description>
        <styleUrl>#icon-1737-097138-labelson</styleUrl>
        <Point>
          <coordinates>
            -83.6810928,32.6126151,0
          </coordinates>
        </Point>
      </Placemark>
      <Placemark>
        <name>N. Danielle Knight Fox @ Southern Bridge Counseling
</name>
        <description>https://www.psychologytoday.com/us/therapists/n-danielle-knight-fox-warner-robins-ga/295347</description>
        <styleUrl>#icon-1737-097138-labelson</styleUrl>
        <Point>
          <coordinates>
            -83.6536281,32.6119537,0
          </coordinates>
        </Point>
      </Placemark>
      <Placemark>
        <name>Georgia Behavioral Services</name>
        <description>https://www.psychologytoday.com/us/therapists/georgia-behavioral-warner-robins-ga/371473</description>
        <styleUrl>#icon-1737-097138-labelson</styleUrl>
        <Point>
          <coordinates>
            -83.6850822,32.6145158,0
          </coordinates>
        </Point>
      </Placemark>
      <Placemark>
        <name>Gena Connally @ St. Simons Psychiatry</name>
        <description>https://www.psychologytoday.com/us/therapists/gena-connally-saint-simons-island-ga/264664</description>
        <styleUrl>#icon-1737-097138-labelson</styleUrl>
        <Point>
          <coordinates>
            -81.3799532,31.1417175,0
          </coordinates>
        </Point>
      </Placemark>
      <Placemark>
        <name>Gena Connally @ Golden Isles Teletherapy
</name>
        <description>https://www.psychologytoday.com/us/therapists/gena-connally-saint-simons-island-ga/264664</description>
        <styleUrl>#icon-1737-097138-labelson</styleUrl>
        <Point>
          <coordinates>
            -81.4114142,31.0734919,0
          </coordinates>
        </Point>
      </Placemark>
      <Placemark>
        <name>Laura Lee Dowling @ Therapeutic Healing Alliance, LLC</name>
        <description>https://www.psychologytoday.com/us/therapists/laura-lee-dowling-savannah-ga/713831</description>
        <styleUrl>#icon-1737-097138-labelson</styleUrl>
        <Point>
          <coordinates>
            -81.2079566,32.0663106,0
          </coordinates>
        </Point>
      </Placemark>
      <Placemark>
        <name><![CDATA[Thomas Hutchison LifeStance Therapists & Psychiatrists Macon]]></name>
        <description>https://www.psychologytoday.com/us/therapists/thomas-hutchison-macon-ga/1194098</description>
        <styleUrl>#icon-1737-097138-labelson</styleUrl>
        <Point>
          <coordinates>
            -83.7314523,32.9234454,0
          </coordinates>
        </Point>
      </Placemark>
      <Placemark>
        <name>Positive Innovations, LLC</name>
        <description>https://www.psychologytoday.com/us/therapists/positive-innovations-el-paso-tx/398090</description>
        <styleUrl>#icon-1737-097138-labelson</styleUrl>
        <Point>
          <coordinates>
            -83.6321743,32.8417227,0
          </coordinates>
        </Point>
      </Placemark>
      <Placemark>
        <name>Positive Innovations</name>
        <description>https://www.psychologytoday.com/us/therapists/positive-innovations-el-paso-tx/398090</description>
        <styleUrl>#icon-1737-097138-labelson</styleUrl>
        <Point>
          <coordinates>
            -106.3875887,31.7797727,0
          </coordinates>
        </Point>
      </Placemark>
      <Placemark>
        <name>Caldwell Counseling Services, LLC</name>
        <description>https://www.psychologytoday.com/us/therapists/courtney-b-caldwell-macon-ga/267891</description>
        <styleUrl>#icon-1737-097138-labelson</styleUrl>
        <Point>
          <coordinates>
            -83.6479559,32.8544261,0
          </coordinates>
        </Point>
      </Placemark>
      <Placemark>
        <name>Bridget M. Ivey
</name>
        <description>https://www.psychologytoday.com/us/therapists/bridget-m-ivey-macon-ga/1309441</description>
        <styleUrl>#icon-1737-097138-labelson</styleUrl>
        <Point>
          <coordinates>
            -83.6478252,32.8542638,0
          </coordinates>
        </Point>
      </Placemark>
      <Placemark>
        <name>Abby Wesselman
</name>
        <description>https://www.psychologytoday.com/us/therapists/abby-wesselman-macon-ga/928274</description>
        <styleUrl>#icon-1737-097138-labelson</styleUrl>
        <Point>
          <coordinates>
            -83.6229815,32.8351427,0
          </coordinates>
        </Point>
      </Placemark>
      <Placemark>
        <name>All-1-Family, Inc. (LGBTQ Affirming Clinic)
</name>
        <description>https://www.psychologytoday.com/us/therapists/all-1-family-inc-lgbtq-affirming-clinic-atlanta-ga/380551</description>
        <styleUrl>#icon-1737-097138-labelson</styleUrl>
        <Point>
          <coordinates>
            -84.3366652,33.7646319,0
          </coordinates>
        </Point>
      </Placemark>
      <Placemark>
        <name>Healing Minds Institute</name>
        <description>https://www.psychologytoday.com/us/therapists/healing-minds-institute-columbus-ga/980358</description>
        <styleUrl>#icon-1737-097138-labelson</styleUrl>
        <Point>
          <coordinates>
            -84.9425871,32.5049402,0
          </coordinates>
        </Point>
      </Placemark>
      <Placemark>
        <name>Healing Minds Institute
</name>
        <description>https://www.psychologytoday.com/us/therapists/healing-minds-institute-columbus-ga/980358</description>
        <styleUrl>#icon-1737-097138-labelson</styleUrl>
        <Point>
          <coordinates>
            -84.0827523,34.045894,0
          </coordinates>
        </Point>
      </Placemark>
      <Placemark>
        <name>Kati Michalas @ Creative Counseling Solutions, PLLC
</name>
        <description>https://www.psychologytoday.com/us/therapists/kati-michalas-columbia-il/173083</description>
        <styleUrl>#icon-1737-097138-labelson</styleUrl>
        <Point>
          <coordinates>
            -90.1914543,38.4388507,0
          </coordinates>
        </Point>
      </Placemark>
      <Placemark>
        <name>Emily Niebruegge
</name>
        <description>https://www.psychologytoday.com/us/therapists/emily-niebruegge-swansea-il/863360</description>
        <styleUrl>#icon-1737-097138-labelson</styleUrl>
        <Point>
          <coordinates>
            -89.9875761,38.5671955,0
          </coordinates>
        </Point>
      </Placemark>
      <Placemark>
        <name>Counselors Associates Ltd Shiloh</name>
        <description>https://www.psychologytoday.com/us/therapists/counselors-associates-ltd-shiloh-il/72555</description>
        <styleUrl>#icon-1737-097138-labelson</styleUrl>
        <Point>
          <coordinates>
            -89.9208526,38.5707626,0
          </coordinates>
        </Point>
      </Placemark>
      <Placemark>
        <name>Counselors Associates Ltd Creve Coeur</name>
        <styleUrl>#icon-1737-097138-labelson-nodesc</styleUrl>
        <Point>
          <coordinates>
            -90.4363695,38.6708314,0
          </coordinates>
        </Point>
      </Placemark>
      <Placemark>
        <name>Kristin Beckstrom Radcliffe
</name>
        <description>https://www.psychologytoday.com/us/therapists/kristin-beckstrom-radcliffe-o-fallon-il/104399</description>
        <styleUrl>#icon-1737-097138-labelson</styleUrl>
        <Point>
          <coordinates>
            -89.9305158,38.5917148,0
          </coordinates>
        </Point>
      </Placemark>
      <Placemark>
        <name>Mindy Harms-Coleman
</name>
        <description>https://www.psychologytoday.com/us/therapists/mindy-harms-coleman-swansea-il/437556</description>
        <styleUrl>#icon-1737-097138-labelson</styleUrl>
        <Point>
          <coordinates>
            -89.9645762,38.5712879,0
          </coordinates>
        </Point>
      </Placemark>
      <Placemark>
        <name><![CDATA[Owens & Associates Counseling and Therapy Center, LLC]]></name>
        <description>https://www.psychologytoday.com/us/therapists/lori-kaniewski-collinsville-il/347167</description>
        <styleUrl>#icon-1737-097138-labelson</styleUrl>
        <Point>
          <coordinates>
            -89.9800142,38.6794175,0
          </coordinates>
        </Point>
      </Placemark>
      <Placemark>
        <name>Steffanie Meyer @ Progressive Life Counseling</name>
        <description>https://www.psychologytoday.com/us/therapists/steffanie-meyer-belleville-il/1055193</description>
        <styleUrl>#icon-1737-097138-labelson</styleUrl>
        <Point>
          <coordinates>
            -89.9354321,38.5187632,0
          </coordinates>
        </Point>
      </Placemark>
      <Placemark>
        <name>Leia Katherine Stein
</name>
        <description>https://www.psychologytoday.com/us/therapists/leia-katherine-stein-o-fallon-il/462973</description>
        <styleUrl>#icon-1737-097138-labelson</styleUrl>
        <Point>
          <coordinates>
            -89.9255788,38.5786558,0
          </coordinates>
        </Point>
      </Placemark>
      <Placemark>
        <name>Ashley Brown @ The Brown Clinic
</name>
        <description>https://www.psychologytoday.com/us/therapists/the-brown-clinic-p-c-ashley-brown-swansea-il/1181158</description>
        <styleUrl>#icon-1737-097138-labelson</styleUrl>
        <Point>
          <coordinates>
            -89.9844422,38.5407763,0
          </coordinates>
        </Point>
      </Placemark>
      <Placemark>
        <name>Casey Biancur
</name>
        <description>https://www.psychologytoday.com/us/therapists/casey-biancur-maryville-il/1211731</description>
        <styleUrl>#icon-1737-097138-labelson</styleUrl>
        <Point>
          <coordinates>
            -89.9551102,38.7372065,0
          </coordinates>
        </Point>
      </Placemark>
      <Placemark>
        <name>Andrea Lopez
</name>
        <description>https://www.psychologytoday.com/us/therapists/andrea-lopez-vandalia-il/1281713</description>
        <styleUrl>#icon-1737-097138-labelson</styleUrl>
        <Point>
          <coordinates>
            -89.0936778,38.9606009,0
          </coordinates>
        </Point>
      </Placemark>
      <Placemark>
        <name>Andrea Lopez
</name>
        <description>https://www.psychologytoday.com/us/therapists/andrea-lopez-vandalia-il/1281713</description>
        <styleUrl>#icon-1737-097138-labelson</styleUrl>
        <Point>
          <coordinates>
            -89.6712008,38.7394918,0
          </coordinates>
        </Point>
      </Placemark>
      <Placemark>
        <name>Megan J Droege
</name>
        <description>https://www.psychologytoday.com/us/therapists/megan-j-droege-new-baden-il/493309</description>
        <styleUrl>#icon-1737-097138-labelson</styleUrl>
        <Point>
          <coordinates>
            -89.6973741,38.534847,0
          </coordinates>
        </Point>
      </Placemark>
      <Placemark>
        <name>Kaitlyn Parkman @ Rippling Waters Counseling PLLC</name>
        <description>https://www.psychologytoday.com/us/therapists/kaitlyn-parkman-waterloo-il/482915</description>
        <styleUrl>#icon-1737-097138-labelson</styleUrl>
        <Point>
          <coordinates>
            -90.1498483,38.3529281,0
          </coordinates>
        </Point>
      </Placemark>
      <Placemark>
        <name><![CDATA[Owens & Associates Counseling and Therapy Center, LLC]]></name>
        <description>https://www.psychologytoday.com/us/therapists/owens-associates-counseling-therapy-center-lake-in-the-hills-il/1324537</description>
        <styleUrl>#icon-1737-097138-labelson</styleUrl>
        <Point>
          <coordinates>
            -89.9800142,38.6794175,0
          </coordinates>
        </Point>
      </Placemark>
      <Placemark>
        <name><![CDATA[Owens & Associates Counseling & Therapy Center
]]></name>
        <description>https://www.psychologytoday.com/us/therapists/owens-associates-counseling-therapy-center-lake-in-the-hills-il/1324537</description>
        <styleUrl>#icon-1737-097138-labelson</styleUrl>
        <Point>
          <coordinates>
            -88.2872456,42.193516,0
          </coordinates>
        </Point>
      </Placemark>
      <Placemark>
        <name>CE Ahlin Counseling</name>
        <description>https://www.psychologytoday.com/us/therapists/ce-ahlin-counseling-pllc-alton-il/909920</description>
        <styleUrl>#icon-1737-097138-labelson</styleUrl>
        <Point>
          <coordinates>
            -90.1483469,38.904213,0
          </coordinates>
        </Point>
      </Placemark>
      <Placemark>
        <name>New Seasons Counseling, PLLC; Kelsey Quade, LCPC</name>
        <description>https://www.psychologytoday.com/us/therapists/kelsey-quade-belleville-il/275272</description>
        <styleUrl>#icon-1737-097138-labelson</styleUrl>
        <Point>
          <coordinates>
            -89.9375572,38.5186032,0
          </coordinates>
        </Point>
      </Placemark>
      <Placemark>
        <name>Jamila Ayoubi @ New Patterns Counseling Services, PLLC</name>
        <description>https://www.psychologytoday.com/us/therapists/jamila-ayoubi-goldsboro-nc/992254</description>
        <styleUrl>#icon-1737-097138-labelson</styleUrl>
        <Point>
          <coordinates>
            -77.9913072,35.3862265,0
          </coordinates>
        </Point>
      </Placemark>
      <Placemark>
        <name>First Wave Coastal Counseling Services</name>
        <description>https://www.psychologytoday.com/us/therapists/first-wave-coastal-counseling-services-pllc-new-bern-nc/867760</description>
        <styleUrl>#icon-1737-097138-labelson</styleUrl>
        <Point>
          <coordinates>
            -77.0393103,35.1051449,0
          </coordinates>
        </Point>
      </Placemark>
      <Placemark>
        <name>Peri Counseling, PLLC</name>
        <description>https://www.psychologytoday.com/us/therapists/peri-counseling-pllc-greenville-nc/393358</description>
        <styleUrl>#icon-1737-097138-labelson</styleUrl>
        <Point>
          <coordinates>
            -77.3710565,35.57889,0
          </coordinates>
        </Point>
      </Placemark>
      <Placemark>
        <name>Deborah B. Burnette @ Centerpoint Counseling</name>
        <description>https://www.psychologytoday.com/us/therapists/deborah-b-burnette-rocky-mount-nc/364709</description>
        <styleUrl>#icon-1737-097138-labelson</styleUrl>
        <Point>
          <coordinates>
            -77.8236917,35.9727714,0
          </coordinates>
        </Point>
      </Placemark>
      <Placemark>
        <name>Evans Harrell 
</name>
        <description>https://www.psychologytoday.com/us/therapists/evans-harrell-durham-nc/211501</description>
        <styleUrl>#icon-1737-097138-labelson</styleUrl>
        <Point>
          <coordinates>
            -78.897507,36.0441371,0
          </coordinates>
        </Point>
      </Placemark>
      <Placemark>
        <name>Chrissy Dawn Keefe @ Carolina Psychological Health Services</name>
        <description>https://www.psychologytoday.com/us/therapists/chrissy-dawn-keefe-jacksonville-nc/1171625</description>
        <styleUrl>#icon-1737-097138-labelson</styleUrl>
        <Point>
          <coordinates>
            -77.3805946,34.7685608,0
          </coordinates>
        </Point>
      </Placemark>
      <Placemark>
        <name>Karen Bieniek
</name>
        <description>https://www.psychologytoday.com/us/therapists/karen-l-bieniek-cary-nc/789375</description>
        <styleUrl>#icon-1737-097138-labelson</styleUrl>
        <Point>
          <coordinates>
            -78.7990711,35.8163494,0
          </coordinates>
        </Point>
      </Placemark>
      <Placemark>
        <name>Louis A. Giordano @ Giordano Counseling Services, Inc</name>
        <description>https://www.psychologytoday.com/us/therapists/louis-a-giordano-durham-nc/130428</description>
        <styleUrl>#icon-1737-097138-labelson</styleUrl>
        <Point>
          <coordinates>
            -78.898306,36.046227,0
          </coordinates>
        </Point>
      </Placemark>
      <Placemark>
        <name>Nan Ford
</name>
        <description>https://www.psychologytoday.com/us/therapists/nan-ford-durham-nc/957990</description>
        <styleUrl>#icon-1737-097138-labelson</styleUrl>
        <Point>
          <coordinates>
            -78.9192223,36.0115965,0
          </coordinates>
        </Point>
      </Placemark>
      <Placemark>
        <name>Jeanne Marshall
</name>
        <description>https://www.psychologytoday.com/us/therapists/jeanne-marshall-wilmington-nc/768777</description>
        <styleUrl>#icon-1737-097138-labelson</styleUrl>
        <Point>
          <coordinates>
            -77.9467156,34.2441053,0
          </coordinates>
        </Point>
      </Placemark>
      <Placemark>
        <name>Stillpoint Counseling and Wellness, PLLC</name>
        <description>https://www.psychologytoday.com/us/therapists/stillpoint-counseling-and-wellness-pllc-wilmington-nc/408749</description>
        <styleUrl>#icon-1737-097138-labelson</styleUrl>
        <Point>
          <coordinates>
            -77.9052735,34.2257678,0
          </coordinates>
        </Point>
      </Placemark>
      <Placemark>
        <name>Stillpoint Counseling and Wellness, PLLC 5106</name>
        <description>https://www.psychologytoday.com/us/therapists/stillpoint-counseling-and-wellness-pllc-wilmington-nc/408749</description>
        <styleUrl>#icon-1737-097138-labelson</styleUrl>
        <Point>
          <coordinates>
            -77.8682545,34.2118474,0
          </coordinates>
        </Point>
      </Placemark>
      <Placemark>
        <name>Amelia Kelley @ Kelley Counseling</name>
        <description>https://www.psychologytoday.com/us/therapists/amelia-kelley-cary-nc/123057</description>
        <styleUrl>#icon-1737-097138-labelson</styleUrl>
        <Point>
          <coordinates>
            -78.7805052,35.7671424,0
          </coordinates>
        </Point>
      </Placemark>
      <Placemark>
        <name>Jill Toncer @ Sea Glass Counseling Collaborative</name>
        <description>https://www.psychologytoday.com/us/therapists/jill-toncer-wilmington-nc/422690</description>
        <styleUrl>#icon-1737-097138-labelson</styleUrl>
        <Point>
          <coordinates>
            -77.9224057,34.1966068,0
          </coordinates>
        </Point>
      </Placemark>
      <Placemark>
        <name>Exceptional Therapeutic Counseling</name>
        <description>https://www.psychologytoday.com/us/therapists/exceptional-therapeutic-counseling-sumter-sc/378422</description>
        <styleUrl>#icon-1737-097138-labelson</styleUrl>
        <Point>
          <coordinates>
            -80.3409258,33.9217692,0
          </coordinates>
        </Point>
      </Placemark>
      <Placemark>
        <name>Abbye Price @ Counseling Sumter, LLC</name>
        <description>https://www.psychologytoday.com/us/therapists/abbye-price-sumter-sc/757089</description>
        <styleUrl>#icon-1737-097138-labelson</styleUrl>
        <Point>
          <coordinates>
            -80.3623483,33.9381339,0
          </coordinates>
        </Point>
      </Placemark>
      <Placemark>
        <name>Cole Armbrust
</name>
        <description>https://www.psychologytoday.com/us/therapists/cole-armbrust-asheville-nc/163132</description>
        <styleUrl>#icon-1737-097138-labelson</styleUrl>
        <Point>
          <coordinates>
            -82.5462199,35.5999964,0
          </coordinates>
        </Point>
      </Placemark>
      <Placemark>
        <name>Danielle Marx @ Path to Discovery LLC
</name>
        <description>https://www.psychologytoday.com/us/therapists/danielle-marx-lugoff-sc/1085236</description>
        <styleUrl>#icon-1737-097138-labelson</styleUrl>
        <Point>
          <coordinates>
            -80.6657038,34.236921,0
          </coordinates>
        </Point>
      </Placemark>
      <Placemark>
        <name><![CDATA[Tina C. Outlaw @ Outlaw's Vision Quest Farm behavior health services]]></name>
        <description>https://www.psychologytoday.com/us/therapists/tina-c-outlaw-lamar-sc/39297</description>
        <styleUrl>#icon-1737-097138-labelson</styleUrl>
        <Point>
          <coordinates>
            -80.1157948,34.2391921,0
          </coordinates>
        </Point>
      </Placemark>
      <Placemark>
        <name>Fink Psychological Services
</name>
        <description>https://www.psychologytoday.com/us/therapists/fink-psychological-services-llc-florence-sc/331713</description>
        <styleUrl>#icon-1737-097138-labelson</styleUrl>
        <Point>
          <coordinates>
            -79.8520818,34.1980902,0
          </coordinates>
        </Point>
      </Placemark>
      <Placemark>
        <name>Fink Psychological Services
</name>
        <description>https://www.psychologytoday.com/us/therapists/fink-psychological-services-llc-florence-sc/331713</description>
        <styleUrl>#icon-1737-097138-labelson</styleUrl>
        <Point>
          <coordinates>
            -80.4326521,37.2724841,0
          </coordinates>
        </Point>
      </Placemark>
      <Placemark>
        <name>Christine M. Hogan
</name>
        <description>https://www.psychologytoday.com/us/therapists/christine-m-hogan-lake-wylie-sc/733642</description>
        <styleUrl>#icon-1737-097138-labelson</styleUrl>
        <Point>
          <coordinates>
            -81.0596538,35.1148698,0
          </coordinates>
        </Point>
      </Placemark>
      <Placemark>
        <name>Christine M. Hogan
</name>
        <description>https://www.psychologytoday.com/us/therapists/christine-m-hogan-lake-wylie-sc/733642</description>
        <styleUrl>#icon-1737-097138-labelson</styleUrl>
        <Point>
          <coordinates>
            -81.2420175,34.9943021,0
          </coordinates>
        </Point>
      </Placemark>
      <Placemark>
        <name><![CDATA[Melissa Miller @ LifeStance Therapists & Psychiatrists Columbia]]></name>
        <styleUrl>#icon-1737-097138-labelson-nodesc</styleUrl>
        <Point>
          <coordinates>
            -81.1122583,34.0415117,0
          </coordinates>
        </Point>
      </Placemark>
      <Placemark>
        <name><![CDATA[Debbie Maxwell @ LifeStance Therapists & Psychiatrists Cayce]]></name>
        <description>https://www.psychologytoday.com/us/therapists/debbie-maxwell-cayce-sc/1124793</description>
        <styleUrl>#icon-1737-097138-labelson</styleUrl>
        <Point>
          <coordinates>
            -81.0555911,33.9860567,0
          </coordinates>
        </Point>
      </Placemark>
      <Placemark>
        <name>Ashley Grigsby Allen @ Counseling Associates of Aiken</name>
        <description>https://www.psychologytoday.com/us/therapists/ashley-grigsby-allen-aiken-sc/363780</description>
        <styleUrl>#icon-1737-097138-labelson</styleUrl>
        <Point>
          <coordinates>
            -81.738316,33.5069845,0
          </coordinates>
        </Point>
      </Placemark>
      <Placemark>
        <name>Katelin Thames (Kammerer)
</name>
        <description>https://www.psychologytoday.com/us/therapists/katelin-thames-kammerer-mount-pleasant-sc/881041</description>
        <styleUrl>#icon-1737-097138-labelson</styleUrl>
        <Point>
          <coordinates>
            -79.8520818,32.8234848,0
          </coordinates>
        </Point>
      </Placemark>
      <Placemark>
        <name>Katelin Thames (Kammerer)
</name>
        <description>https://www.psychologytoday.com/us/therapists/katelin-thames-kammerer-mount-pleasant-sc/881041</description>
        <styleUrl>#icon-1737-097138-labelson</styleUrl>
        <Point>
          <coordinates>
            -80.0367259,32.9221152,0
          </coordinates>
        </Point>
      </Placemark>
      <Placemark>
        <name>Ryan Horn @ Ellie Mental Health</name>
        <description>https://www.psychologytoday.com/us/therapists/ryan-horn-mount-pleasant-sc/1069242</description>
        <styleUrl>#icon-1737-097138-labelson</styleUrl>
        <Point>
          <coordinates>
            -79.8482283,32.812245,0
          </coordinates>
        </Point>
      </Placemark>
      <Placemark>
        <name>Ryan Horn
</name>
        <description>https://www.psychologytoday.com/us/therapists/ryan-horn-mount-pleasant-sc/1069242</description>
        <styleUrl>#icon-1737-097138-labelson</styleUrl>
        <Point>
          <coordinates>
            -83.357567,33.9519347,0
          </coordinates>
        </Point>
      </Placemark>
      <Placemark>
        <name>Roderick Hollis @ Lifestance Health
</name>
        <description>https://www.psychologytoday.com/us/therapists/roderick-hollis-myrtle-beach-sc/974279</description>
        <styleUrl>#icon-1737-097138-labelson</styleUrl>
        <Point>
          <coordinates>
            -78.8778829,33.7007659,0
          </coordinates>
        </Point>
      </Placemark>
      <Placemark>
        <name>Alicia Zorn @ Foundations Counseling and Wellness Center, LLC</name>
        <description>https://www.psychologytoday.com/us/therapists/alicia-zorn-goose-creek-sc/407568</description>
        <styleUrl>#icon-1737-097138-labelson</styleUrl>
        <Point>
          <coordinates>
            -80.0529034,33.0099651,0
          </coordinates>
        </Point>
      </Placemark>
      <Placemark>
        <name>Alicia Zorn @ Foundations Behavioral Health Center
</name>
        <description>https://www.psychologytoday.com/us/therapists/alicia-zorn-goose-creek-sc/407568</description>
        <styleUrl>#icon-1737-097138-labelson</styleUrl>
        <Point>
          <coordinates>
            -80.0036905,32.9329848,0
          </coordinates>
        </Point>
      </Placemark>
      <Placemark>
        <name><![CDATA[Deanna Dillard @ LifeStance Therapists & Psychiatrists Rock Hill]]></name>
        <description>https://www.psychologytoday.com/us/therapists/deanna-dillard-rock-hill-sc/1205455</description>
        <styleUrl>#icon-1737-097138-labelson</styleUrl>
        <Point>
          <coordinates>
            -81.0304016,34.9433014,0
          </coordinates>
        </Point>
      </Placemark>
      <Placemark>
        <name>Arnold Brandon LPC</name>
        <description>https://www.psychologytoday.com/us/therapists/brandon-arnold-wichita-falls-tx/94632</description>
        <styleUrl>#icon-1737-097138-labelson</styleUrl>
        <Point>
          <coordinates>
            -98.5075432,33.9049766,0
          </coordinates>
        </Point>
      </Placemark>
      <Placemark>
        <name>Michelle Hall @ Positive Frame of Mind Counseling PLLC</name>
        <description>https://www.psychologytoday.com/us/therapists/michelle-hall-wichita-falls-tx/192443</description>
        <styleUrl>#icon-1737-097138-labelson</styleUrl>
        <Point>
          <coordinates>
            -98.4922213,33.9126908,0
          </coordinates>
        </Point>
      </Placemark>
      <Placemark>
        <name><![CDATA[Cesar Diaz @ Bee & Hive Counseling
]]></name>
        <description>https://www.psychologytoday.com/us/therapists/cesar-diaz-wichita-falls-tx/828131</description>
        <styleUrl>#icon-1737-097138-labelson</styleUrl>
        <Point>
          <coordinates>
            -98.4924525,33.9129831,0
          </coordinates>
        </Point>
      </Placemark>
      <Placemark>
        <name><![CDATA[Karen Penrod @ LifeStance Therapists & Psychiatrists Fort Worth]]></name>
        <description>https://www.psychologytoday.com/us/therapists/karen-penrod-fort-worth-tx/1132502</description>
        <styleUrl>#icon-1737-097138-labelson</styleUrl>
        <Point>
          <coordinates>
            -97.3624639,32.7325066,0
          </coordinates>
        </Point>
      </Placemark>
      <Placemark>
        <name>Tahirah Samuels @ Lifestance Health
</name>
        <description>https://www.psychologytoday.com/us/therapists/karen-penrod-fort-worth-tx/1132502</description>
        <styleUrl>#icon-1737-097138-labelson</styleUrl>
        <Point>
          <coordinates>
            -97.3627035,32.7326297,0
          </coordinates>
        </Point>
      </Placemark>
      <Placemark>
        <name>Kristin Huey
</name>
        <description>https://www.psychologytoday.com/us/therapists/kristin-huey-aledo-tx/721817</description>
        <styleUrl>#icon-1737-097138-labelson</styleUrl>
        <Point>
          <coordinates>
            -97.6096485,32.717024,0
          </coordinates>
        </Point>
      </Placemark>
      <Placemark>
        <name>Lake Worth Counseling</name>
        <description>https://www.psychologytoday.com/us/therapists/lake-worth-counseling-fort-worth-tx/123033</description>
        <styleUrl>#icon-1737-097138-labelson</styleUrl>
        <Point>
          <coordinates>
            -97.419465,32.823061,0
          </coordinates>
        </Point>
      </Placemark>
      <Placemark>
        <name>Samantha Hunt @ Lake Worth Counseling
</name>
        <description>https://www.psychologytoday.com/us/therapists/samantha-hunt-fort-worth-tx/1059397</description>
        <styleUrl>#icon-1737-097138-labelson</styleUrl>
        <Point>
          <coordinates>
            -97.4195127,32.8232939,0
          </coordinates>
        </Point>
      </Placemark>
      <Placemark>
        <name>Brighten Counseling</name>
        <description>https://www.psychologytoday.com/us/therapists/misty-d-manie-denton-tx/377348</description>
        <styleUrl>#icon-1737-097138-labelson</styleUrl>
        <Point>
          <coordinates>
            -97.1338558,33.2142947,0
          </coordinates>
        </Point>
      </Placemark>
      <Placemark>
        <name>Jacqueline Guardiola @ Dallas Counseling and Treatment Center- Denton</name>
        <description>https://www.psychologytoday.com/us/therapists/jacqueline-guardiola-denton-tx/1150394</description>
        <styleUrl>#icon-1737-097138-labelson</styleUrl>
        <Point>
          <coordinates>
            -97.1321747,33.2142297,0
          </coordinates>
        </Point>
      </Placemark>
      <Placemark>
        <name>Jacqueline Guardiola @ Dallas Counseling and Treatment Center- Plano</name>
        <description>https://www.psychologytoday.com/us/therapists/jacqueline-guardiola-denton-tx/1150394</description>
        <styleUrl>#icon-1737-097138-labelson</styleUrl>
        <Point>
          <coordinates>
            -96.808223,33.078282,0
          </coordinates>
        </Point>
      </Placemark>
      <Placemark>
        <name><![CDATA[LifeStance Therapists & Psychiatrists Denton]]></name>
        <description>https://www.psychologytoday.com/us/therapists/lifestance-health-denton-tx/1406848</description>
        <styleUrl>#icon-1737-097138-labelson</styleUrl>
        <Point>
          <coordinates>
            -97.1375993,33.2166088,0
          </coordinates>
        </Point>
      </Placemark>
      <Placemark>
        <name>Ava Gault Linden Private Practice (North Office)
</name>
        <description>https://www.psychologytoday.com/us/therapists/ava-gault-linden-private-practice-north-office-oklahoma-city-ok/283795</description>
        <styleUrl>#icon-1737-097138-labelson</styleUrl>
        <Point>
          <coordinates>
            -97.5406294,35.5204152,0
          </coordinates>
        </Point>
      </Placemark>
      <Placemark>
        <name>Robby Snow @ Family Transitions
</name>
        <description>https://www.psychologytoday.com/us/therapists/robby-snow-oklahoma-city-ok/718983</description>
        <styleUrl>#icon-1737-097138-labelson</styleUrl>
        <Point>
          <coordinates>
            -97.55775,35.53441,0
          </coordinates>
        </Point>
      </Placemark>
      <Placemark>
        <name>Tyler Dohrn
</name>
        <description>https://www.psychologytoday.com/us/therapists/tyler-dohrn-oklahoma-city-ok/1172435</description>
        <styleUrl>#icon-1737-097138-labelson</styleUrl>
        <Point>
          <coordinates>
            -97.5660651,35.3438574,0
          </coordinates>
        </Point>
      </Placemark>
      <Placemark>
        <name><![CDATA[LifeStance Therapists & Psychiatrists Moore]]></name>
        <description>https://www.psychologytoday.com/us/therapists/lifestance-health-moore-ok/1406436</description>
        <styleUrl>#icon-1737-097138-labelson</styleUrl>
        <Point>
          <coordinates>
            -97.4950633,35.3105946,0
          </coordinates>
        </Point>
      </Placemark>
      <Placemark>
        <name>Jenny Bendure @ Serenity Mental Health Group</name>
        <description>https://www.psychologytoday.com/us/therapists/jenny-bendure-norman-ok/315599</description>
        <styleUrl>#icon-1737-097138-labelson</styleUrl>
        <Point>
          <coordinates>
            -97.4819124,35.2723313,0
          </coordinates>
        </Point>
      </Placemark>
      <Placemark>
        <name>Paula J. Clinton, Transformational Choice Therapies</name>
        <description>https://www.psychologytoday.com/us/therapists/paula-j-clinton-edmond-ok/44268</description>
        <styleUrl>#icon-1737-097138-labelson</styleUrl>
        <Point>
          <coordinates>
            -97.5614089,35.6350585,0
          </coordinates>
        </Point>
      </Placemark>
      <Placemark>
        <name>Bree Williams @ Loving You Counseling Services 
</name>
        <description>https://www.psychologytoday.com/us/therapists/bree-williams-oklahoma-city-ok/957800</description>
        <styleUrl>#icon-1737-097138-labelson</styleUrl>
        <Point>
          <coordinates>
            -97.5579375,35.5256783,0
          </coordinates>
        </Point>
      </Placemark>
      <Placemark>
        <name><![CDATA[Mackenzie O'Mealey
]]></name>
        <description>https://www.psychologytoday.com/us/therapists/mackenzie-o-mealey-oklahoma-city-ok/343074</description>
        <styleUrl>#icon-1737-097138-labelson</styleUrl>
        <Point>
          <coordinates>
            -97.4975409,35.5680565,0
          </coordinates>
        </Point>
      </Placemark>
      <Placemark>
        <name>Jennifer Duong
</name>
        <description>https://www.psychologytoday.com/us/therapists/jennifer-duong-fairfield-ca/1150323</description>
        <styleUrl>#icon-1737-097138-labelson</styleUrl>
        <Point>
          <coordinates>
            -122.0399969,38.2493627,0
          </coordinates>
        </Point>
      </Placemark>
      <Placemark>
        <name>Jacqueline Vargas
</name>
        <description>https://www.psychologytoday.com/us/therapists/jacqueline-vargas-fairfield-ca/995563</description>
        <styleUrl>#icon-1737-097138-labelson</styleUrl>
        <Point>
          <coordinates>
            -122.0613211,38.2505876,0
          </coordinates>
        </Point>
      </Placemark>
      <Placemark>
        <name>Sharon Beal Armendariz
</name>
        <description>https://www.psychologytoday.com/us/therapists/sharon-beal-armendariz-seaside-ca/1136206</description>
        <styleUrl>#icon-1737-097138-labelson</styleUrl>
        <Point>
          <coordinates>
            -121.822098,36.6149217,0
          </coordinates>
        </Point>
      </Placemark>
      <Placemark>
        <name>Sharon Beal Armendariz
</name>
        <description>https://www.psychologytoday.com/us/therapists/sharon-beal-armendariz-seaside-ca/1136206</description>
        <styleUrl>#icon-1737-097138-labelson</styleUrl>
        <Point>
          <coordinates>
            -122.019779,38.275927,0
          </coordinates>
        </Point>
      </Placemark>
      <Placemark>
        <name>Meghan Woods
</name>
        <description>https://www.psychologytoday.com/us/therapists/meghan-woods-benicia-ca/884814</description>
        <styleUrl>#icon-1737-097138-labelson</styleUrl>
        <Point>
          <coordinates>
            -122.1825265,38.0677031,0
          </coordinates>
        </Point>
      </Placemark>
      <Placemark>
        <name>Meghan Woods
</name>
        <description>https://www.psychologytoday.com/us/therapists/meghan-woods-benicia-ca/884814</description>
        <styleUrl>#icon-1737-097138-labelson</styleUrl>
        <Point>
          <coordinates>
            -121.7412526,38.5466759,0
          </coordinates>
        </Point>
      </Placemark>
      <Placemark>
        <name>Shaundeep Grewal
</name>
        <description>https://www.psychologytoday.com/us/therapists/shaundeep-grewal-los-angeles-ca/1245916</description>
        <styleUrl>#icon-1737-097138-labelson</styleUrl>
        <Point>
          <coordinates>
            -118.2460302,33.9738108,0
          </coordinates>
        </Point>
      </Placemark>
      <Placemark>
        <name>Shaundeep Grewal
</name>
        <description>https://www.psychologytoday.com/us/therapists/shaundeep-grewal-los-angeles-ca/1245916</description>
        <styleUrl>#icon-1737-097138-labelson</styleUrl>
        <Point>
          <coordinates>
            -122.497668,37.7432421,0
          </coordinates>
        </Point>
      </Placemark>
      <Placemark>
        <name>Teresa Blenggio Martinez
</name>
        <description>https://www.psychologytoday.com/us/therapists/teresa-blenggio-martinez-whittier-ca/1280095</description>
        <styleUrl>#icon-1737-097138-labelson</styleUrl>
        <Point>
          <coordinates>
            -118.032844,33.9791793,0
          </coordinates>
        </Point>
      </Placemark>
      <Placemark>
        <name>Teresa Blenggio Martinez
</name>
        <description>https://www.psychologytoday.com/us/therapists/teresa-blenggio-martinez-whittier-ca/1280095</description>
        <styleUrl>#icon-1737-097138-labelson</styleUrl>
        <Point>
          <coordinates>
            -118.0303189,34.5811542,0
          </coordinates>
        </Point>
      </Placemark>
      <Placemark>
        <name>Dr. Douglas Vakoch-Green Psychotherapy
</name>
        <description>https://www.psychologytoday.com/us/therapists/dr-douglas-vakoch-green-psychotherapy-pc-berkeley/485510</description>
        <styleUrl>#icon-1737-097138-labelson</styleUrl>
        <Point>
          <coordinates>
            -122.2721678,37.8726907,0
          </coordinates>
        </Point>
      </Placemark>
      <Placemark>
        <name>Dr. Douglas Vakoch-Green Psychotherapy
</name>
        <description>https://www.psychologytoday.com/us/therapists/dr-douglas-vakoch-green-psychotherapy-pc-berkeley/485510</description>
        <styleUrl>#icon-1737-097138-labelson</styleUrl>
        <Point>
          <coordinates>
            -122.4171276,37.7885503,0
          </coordinates>
        </Point>
      </Placemark>
      <Placemark>
        <name>Inspired Life Counseling - Redding</name>
        <description>https://www.psychologytoday.com/us/therapists/inspired-life-counseling-chico-ca/820992</description>
        <styleUrl>#icon-1737-097138-labelson</styleUrl>
        <Point>
          <coordinates>
            -122.3550641,40.5764529,0
          </coordinates>
        </Point>
      </Placemark>
      <Placemark>
        <name>Monica Gizelle Martinez
</name>
        <description>https://www.psychologytoday.com/us/therapists/monica-gizelle-martinez-walnut-creek-ca/1399892</description>
        <styleUrl>#icon-1737-097138-labelson</styleUrl>
        <Point>
          <coordinates>
            -122.0608727,37.9108902,0
          </coordinates>
        </Point>
      </Placemark>
      <Placemark>
        <name>Danielle Austin
</name>
        <description>https://www.psychologytoday.com/us/therapists/danielle-austin-rosemead-ca/1128380</description>
        <styleUrl>#icon-1737-097138-labelson</styleUrl>
        <Point>
          <coordinates>
            -118.072846,34.0805651,0
          </coordinates>
        </Point>
      </Placemark>
      <Placemark>
        <name>Danielle Austin
</name>
        <description>https://www.psychologytoday.com/us/therapists/danielle-austin-rosemead-ca/1128380</description>
        <styleUrl>#icon-1737-097138-labelson</styleUrl>
        <Point>
          <coordinates>
            -117.9586754,34.0197335,0
          </coordinates>
        </Point>
      </Placemark>
      <Placemark>
        <name>Valerie L Patton @ VLP Counseling
</name>
        <description>https://www.psychologytoday.com/us/therapists/valerie-l-patton-vallejo-ca/268247</description>
        <styleUrl>#icon-1737-097138-labelson</styleUrl>
        <Point>
          <coordinates>
            -122.2519948,38.1097373,0
          </coordinates>
        </Point>
      </Placemark>
      <Placemark>
        <name>Larisa Escalante
</name>
        <description>https://www.psychologytoday.com/us/therapists/larisa-escalante-panorama-city-ca/1181724</description>
        <styleUrl>#icon-1737-097138-labelson</styleUrl>
        <Point>
          <coordinates>
            -118.4487995,34.2215391,0
          </coordinates>
        </Point>
      </Placemark>
      <Placemark>
        <name>Larisa Escalante
</name>
        <description>https://www.psychologytoday.com/us/therapists/larisa-escalante-panorama-city-ca/1181724</description>
        <styleUrl>#icon-1737-097138-labelson</styleUrl>
        <Point>
          <coordinates>
            -122.1568554,37.7257663,0
          </coordinates>
        </Point>
      </Placemark>
      <Placemark>
        <name>Christine Sumner
</name>
        <description>https://www.psychologytoday.com/us/therapists/christine-sumner-goleta-ca/1204380</description>
        <styleUrl>#icon-1737-097138-labelson</styleUrl>
        <Point>
          <coordinates>
            -119.8295393,34.4434537,0
          </coordinates>
        </Point>
      </Placemark>
      <Placemark>
        <name>Christine Sumner
</name>
        <description>https://www.psychologytoday.com/us/therapists/christine-sumner-goleta-ca/1204380</description>
        <styleUrl>#icon-1737-097138-labelson</styleUrl>
        <Point>
          <coordinates>
            -121.6967438,39.0715086,0
          </coordinates>
        </Point>
      </Placemark>
      <Placemark>
        <name>Melissa Price
</name>
        <description>https://www.psychologytoday.com/us/therapists/melissa-price-san-diego-ca/1106684</description>
        <styleUrl>#icon-1737-097138-labelson</styleUrl>
        <Point>
          <coordinates>
            -117.0970596,32.7348953,0
          </coordinates>
        </Point>
      </Placemark>
      <Placemark>
        <name>Melissa Price
</name>
        <description>https://www.psychologytoday.com/us/therapists/melissa-price-san-diego-ca/1106684</description>
        <styleUrl>#icon-1737-097138-labelson</styleUrl>
        <Point>
          <coordinates>
            -122.0155491,38.4087013,0
          </coordinates>
        </Point>
      </Placemark>
      <Placemark>
        <name>Decinda Allen
</name>
        <description>https://www.psychologytoday.com/us/therapists/decinda-allen-vallejo-ca/1185113</description>
        <styleUrl>#icon-1737-097138-labelson</styleUrl>
        <Point>
          <coordinates>
            -122.2038439,38.130768,0
          </coordinates>
        </Point>
      </Placemark>
      <Placemark>
        <name>Catherine Harris
</name>
        <description>https://www.psychologytoday.com/us/therapists/catherine-harris-sonoma-ca/1217466</description>
        <styleUrl>#icon-1737-097138-labelson</styleUrl>
        <Point>
          <coordinates>
            -122.494417,38.2674973,0
          </coordinates>
        </Point>
      </Placemark>
      <Placemark>
        <name>Catherine Harris
</name>
        <description>https://www.psychologytoday.com/us/therapists/catherine-harris-sonoma-ca/1217466</description>
        <styleUrl>#icon-1737-097138-labelson</styleUrl>
        <Point>
          <coordinates>
            -122.5449763,37.9060368,0
          </coordinates>
        </Point>
      </Placemark>
      <Placemark>
        <name>Janet Justice @ Inner View Counseling and Advocacy
</name>
        <description>https://www.psychologytoday.com/us/therapists/janet-justice-panama-city-fl/234645</description>
        <styleUrl>#icon-1737-097138-labelson</styleUrl>
        <Point>
          <coordinates>
            -85.6640113,30.1966663,0
          </coordinates>
        </Point>
      </Placemark>
      <Placemark>
        <name>Terance E Keenan
</name>
        <description>https://www.psychologytoday.com/us/therapists/terance-e-keenan-tallahassee-fl/942591</description>
        <styleUrl>#icon-1737-097138-labelson</styleUrl>
        <Point>
          <coordinates>
            -84.2820139,30.4748073,0
          </coordinates>
        </Point>
      </Placemark>
      <Placemark>
        <name>Terance E Keenan
</name>
        <description>https://www.psychologytoday.com/us/therapists/terance-e-keenan-tallahassee-fl/942591</description>
        <styleUrl>#icon-1737-097138-labelson</styleUrl>
        <Point>
          <coordinates>
            -84.9898596,29.7222758,0
          </coordinates>
        </Point>
      </Placemark>
      <Placemark>
        <name><![CDATA[Peace of Mind & Wellness
]]></name>
        <description>https://www.psychologytoday.com/us/therapists/peace-of-mind-wellness-enid-ok/485941</description>
        <styleUrl>#icon-1737-097138-labelson</styleUrl>
        <Point>
          <coordinates>
            -97.9148365,36.3904398,0
          </coordinates>
        </Point>
      </Placemark>
      <Placemark>
        <name>Deanna Kay Winner
</name>
        <description>https://www.psychologytoday.com/us/therapists/deanna-kay-winner-norman-ok/271550</description>
        <styleUrl>#icon-1737-097138-labelson</styleUrl>
        <Point>
          <coordinates>
            -97.4394777,35.2225668,0
          </coordinates>
        </Point>
      </Placemark>
      <Placemark>
        <name><![CDATA[Dr. Holli Stewart & Associates in Counseling
]]></name>
        <description>https://www.psychologytoday.com/us/therapists/dr-holli-stewart-associates-in-counseling-santa-maria-ca/232010</description>
        <styleUrl>#icon-1737-097138-labelson</styleUrl>
        <Point>
          <coordinates>
            -120.4454066,34.8649506,0
          </coordinates>
        </Point>
      </Placemark>
      <Placemark>
        <name><![CDATA[Dr. Holli Stewart & Associates in Counseling
]]></name>
        <description>v=https://www.psychologytoday.com/us/therapists/dr-holli-stewart-associates-in-counseling-santa-maria-ca/232010</description>
        <styleUrl>#icon-1737-097138-labelson</styleUrl>
        <Point>
          <coordinates>
            -119.6981901,34.4208305,0
          </coordinates>
        </Point>
      </Placemark>
      <Placemark>
        <name>Kathleen Felber
</name>
        <description>https://www.psychologytoday.com/us/therapists/kathleen-felber-la-quinta-ca/1319288</description>
        <styleUrl>#icon-1737-097138-labelson</styleUrl>
        <Point>
          <coordinates>
            -116.2421868,33.6610066,0
          </coordinates>
        </Point>
      </Placemark>
      <Placemark>
        <name>Kathleen Felber
</name>
        <description>https://www.psychologytoday.com/us/therapists/kathleen-felber-la-quinta-ca/1319288</description>
        <styleUrl>#icon-1737-097138-labelson</styleUrl>
        <Point>
          <coordinates>
            -120.4535951,34.9411091,0
          </coordinates>
        </Point>
      </Placemark>
      <Placemark>
        <name>Beth Chiarelli
</name>
        <description>https://www.psychologytoday.com/us/therapists/beth-chiarelli-pomona-ca/1220531</description>
        <styleUrl>#icon-1737-097138-labelson</styleUrl>
        <Point>
          <coordinates>
            -117.7499909,34.055103,0
          </coordinates>
        </Point>
      </Placemark>
      <Placemark>
        <name>Beth Chiarelli
</name>
        <description>https://www.psychologytoday.com/us/therapists/beth-chiarelli-pomona-ca/1220531</description>
        <styleUrl>#icon-1737-097138-labelson</styleUrl>
        <Point>
          <coordinates>
            -120.4434671,34.9674191,0
          </coordinates>
        </Point>
      </Placemark>
      <Placemark>
        <name>Natalia Melancon
</name>
        <description>https://www.psychologytoday.com/us/therapists/natalia-melancon-alameda-ca/1216166</description>
        <styleUrl>#icon-1737-097138-labelson</styleUrl>
        <Point>
          <coordinates>
            -122.2821855,37.7798721,0
          </coordinates>
        </Point>
      </Placemark>
      <Placemark>
        <name>Natalia Melancon
</name>
        <description>https://www.psychologytoday.com/us/therapists/natalia-melancon-alameda-ca/1216166</description>
        <styleUrl>#icon-1737-097138-labelson</styleUrl>
        <Point>
          <coordinates>
            -121.7765309,38.5474428,0
          </coordinates>
        </Point>
      </Placemark>
      <Placemark>
        <name>Michael Stample
</name>
        <description>https://www.psychologytoday.com/us/therapists/michael-stample-san-francisco-ca/1096240</description>
        <styleUrl>#icon-1737-097138-labelson</styleUrl>
        <Point>
          <coordinates>
            -122.4184108,37.7485824,0
          </coordinates>
        </Point>
      </Placemark>
      <Placemark>
        <name>Michael Stample
</name>
        <description>https://www.psychologytoday.com/us/therapists/michael-stample-san-francisco-ca/1096240</description>
        <styleUrl>#icon-1737-097138-labelson</styleUrl>
        <Point>
          <coordinates>
            -119.2945199,34.2804923,0
          </coordinates>
        </Point>
      </Placemark>
      <Placemark>
        <name>Estrella Ramirez-Robles
</name>
        <description>https://www.psychologytoday.com/us/therapists/estrella-ramirez-robles-oxnard-ca/995668</description>
        <styleUrl>#icon-1737-097138-labelson</styleUrl>
        <Point>
          <coordinates>
            -119.1770516,34.1975048,0
          </coordinates>
        </Point>
      </Placemark>
      <Placemark>
        <name>April Jannise
</name>
        <description>https://www.psychologytoday.com/us/therapists/april-jannise-bakersfield-ca/1227040</description>
        <styleUrl>#icon-1737-097138-labelson</styleUrl>
        <Point>
          <coordinates>
            -119.0187125,35.3732921,0
          </coordinates>
        </Point>
      </Placemark>
      <Placemark>
        <name>Litsa Bradford
</name>
        <description>https://www.psychologytoday.com/us/therapists/litsa-bradford-lmft-santa-barbara-ca/172248</description>
        <styleUrl>#icon-1737-097138-labelson</styleUrl>
        <Point>
          <coordinates>
            -119.6979875,34.4182769,0
          </coordinates>
        </Point>
      </Placemark>
      <Placemark>
        <name>Kendra Davis
</name>
        <description>https://www.psychologytoday.com/us/therapists/kendra-davis-oxnard-ca/1223515</description>
        <styleUrl>#icon-1737-097138-labelson</styleUrl>
        <Point>
          <coordinates>
            -119.2058659,34.2073478,0
          </coordinates>
        </Point>
      </Placemark>
      <Placemark>
        <name>Kendra Davis
</name>
        <description>https://www.psychologytoday.com/us/therapists/kendra-davis-oxnard-ca/1223515</description>
        <styleUrl>#icon-1737-097138-labelson</styleUrl>
        <Point>
          <coordinates>
            -117.3136547,34.0739016,0
          </coordinates>
        </Point>
      </Placemark>
      <Placemark>
        <name>Jessica Moran
</name>
        <description>https://www.psychologytoday.com/us/therapists/jessica-moran-oxnard-ca/1162631</description>
        <styleUrl>#icon-1737-097138-labelson</styleUrl>
        <Point>
          <coordinates>
            -119.1681373,34.2054029,0
          </coordinates>
        </Point>
      </Placemark>
      <Placemark>
        <name>Brandi Sue Stoops
</name>
        <description>https://www.psychologytoday.com/us/therapists/brandi-sue-stoops-agoura-hills-ca/322373</description>
        <styleUrl>#icon-1737-097138-labelson</styleUrl>
        <Point>
          <coordinates>
            -118.7423865,34.1406829,0
          </coordinates>
        </Point>
      </Placemark>
      <Placemark>
        <name>Brandi Sue Stoops
</name>
        <description>https://www.psychologytoday.com/us/therapists/brandi-sue-stoops-agoura-hills-ca/322373</description>
        <styleUrl>#icon-1737-097138-labelson</styleUrl>
        <Point>
          <coordinates>
            -119.2980135,34.2789474,0
          </coordinates>
        </Point>
      </Placemark>
      <Placemark>
        <name>Nick Barneclo
</name>
        <description>https://www.psychologytoday.com/us/therapists/nick-barneclo-camarillo-ca/259190</description>
        <styleUrl>#icon-1737-097138-labelson</styleUrl>
        <Point>
          <coordinates>
            -119.043348,34.2205129,0
          </coordinates>
        </Point>
      </Placemark>
      <Placemark>
        <name>Nick Barneclo
</name>
        <description>https://www.psychologytoday.com/us/therapists/nick-barneclo-camarillo-ca/259190</description>
        <styleUrl>#icon-1737-097138-labelson</styleUrl>
        <Point>
          <coordinates>
            -115.2659777,36.1988542,0
          </coordinates>
        </Point>
      </Placemark>
      <Placemark>
        <name>Robin Chancer
</name>
        <description>https://www.psychologytoday.com/us/therapists/robin-chancer-los-angeles-ca/1081279</description>
        <styleUrl>#icon-1737-097138-labelson</styleUrl>
        <Point>
          <coordinates>
            -118.2789735,34.0617061,0
          </coordinates>
        </Point>
      </Placemark>
      <Placemark>
        <name>Stephanie Guzman Lopez
</name>
        <description>https://www.psychologytoday.com/us/therapists/stephanie-guzman-lopez-ventura-ca/1142034</description>
        <styleUrl>#icon-1737-097138-labelson</styleUrl>
        <Point>
          <coordinates>
            -119.2688719,34.2858365,0
          </coordinates>
        </Point>
      </Placemark>
      <Placemark>
        <name>Stephanie Guzman Lopez
</name>
        <description>https://www.psychologytoday.com/us/therapists/stephanie-guzman-lopez-ventura-ca/1142034</description>
        <styleUrl>#icon-1737-097138-labelson</styleUrl>
        <Point>
          <coordinates>
            -118.0353449,34.1397292,0
          </coordinates>
        </Point>
      </Placemark>
      <Placemark>
        <name>Country Crossroads Counseling, LLC</name>
        <description>https://www.psychologytoday.com/us/therapists/country-crossroads-counseling-lone-jack-mo/205072</description>
        <styleUrl>#icon-1737-097138-labelson</styleUrl>
        <Point>
          <coordinates>
            -93.74644,38.7715355,0
          </coordinates>
        </Point>
      </Placemark>
      <Placemark>
        <name>Marty Gilley @ Compassionate Counseling Alliance
</name>
        <description>https://www.psychologytoday.com/us/therapists/marty-gilley-warrensburg-mo/480139</description>
        <styleUrl>#icon-1737-097138-labelson</styleUrl>
        <Point>
          <coordinates>
            -93.6338528,38.7419773,0
          </coordinates>
        </Point>
      </Placemark>
      <Placemark>
        <name>Marty Gilley @ Compassionate Counseling Alliance
</name>
        <description>https://www.psychologytoday.com/us/therapists/marty-gilley-warrensburg-mo/480139</description>
        <styleUrl>#icon-1737-097138-labelson</styleUrl>
        <Point>
          <coordinates>
            -94.365361,38.9809841,0
          </coordinates>
        </Point>
      </Placemark>
      <Placemark>
        <name>Pam Thorp
</name>
        <description>https://www.psychologytoday.com/us/therapists/pam-thorp-kansas-city-mo/129542</description>
        <styleUrl>#icon-1737-097138-labelson</styleUrl>
        <Point>
          <coordinates>
            -94.5925543,38.9997742,0
          </coordinates>
        </Point>
      </Placemark>
      <Placemark>
        <name>Cheryl Graves @ Sunflower Psychological LLC</name>
        <description>https://www.psychologytoday.com/us/therapists/cheryl-graves-lees-summit-mo/211253</description>
        <styleUrl>#icon-1737-097138-labelson</styleUrl>
        <Point>
          <coordinates>
            -94.3801437,38.9136225,0
          </coordinates>
        </Point>
      </Placemark>
      <Placemark>
        <name>Katie Brewer
</name>
        <description>https://www.psychologytoday.com/us/therapists/katie-brewer-kansas-city-mo/1129439</description>
        <styleUrl>#icon-1737-097138-labelson</styleUrl>
        <Point>
          <coordinates>
            -94.5857465,39.0905287,0
          </coordinates>
        </Point>
      </Placemark>
      <Placemark>
        <name>Jill Robinson
</name>
        <description>https://www.psychologytoday.com/us/therapists/jill-robinson-liberty-mo/459548</description>
        <styleUrl>#icon-1737-097138-labelson</styleUrl>
        <Point>
          <coordinates>
            -94.4348263,39.2474076,0
          </coordinates>
        </Point>
      </Placemark>
      <Placemark>
        <name>Jill Robinson
</name>
        <description>https://www.psychologytoday.com/us/therapists/jill-robinson-liberty-mo/459548</description>
        <styleUrl>#icon-1737-097138-labelson</styleUrl>
        <Point>
          <coordinates>
            -94.667007,39.0233724,0
          </coordinates>
        </Point>
      </Placemark>
      <Placemark>
        <name>Olufemi (Femi) Sharp
</name>
        <description>https://www.psychologytoday.com/us/therapists/olufemi-femi-sharp-kansas-city-mo/121470</description>
        <styleUrl>#icon-1737-097138-labelson</styleUrl>
        <Point>
          <coordinates>
            -94.6079821,38.9784887,0
          </coordinates>
        </Point>
      </Placemark>
      <Placemark>
        <name>Chris Cobb @ Psychpros of Kansas City</name>
        <description>https://www.psychologytoday.com/us/therapists/chris-cobb-lees-summit-mo/128600</description>
        <styleUrl>#icon-1737-097138-labelson</styleUrl>
        <Point>
          <coordinates>
            -94.4054816,38.9236513,0
          </coordinates>
        </Point>
      </Placemark>
      <Placemark>
        <name>Eileen Long, MSW LCSW</name>
        <description>https://www.psychologytoday.com/us/therapists/eileen-odette-long-columbia-mo/388633</description>
        <styleUrl>#icon-1737-097138-labelson</styleUrl>
        <Point>
          <coordinates>
            -92.1993736,38.5733024,0
          </coordinates>
        </Point>
      </Placemark>
      <Placemark>
        <name>Eileen Odette Long
</name>
        <description>https://www.psychologytoday.com/us/therapists/eileen-odette-long-columbia-mo/388633</description>
        <styleUrl>#icon-1737-097138-labelson</styleUrl>
        <Point>
          <coordinates>
            -92.3879382,38.9339727,0
          </coordinates>
        </Point>
      </Placemark>
      <Placemark>
        <name>Mark Carey
</name>
        <description>https://www.psychologytoday.com/us/therapists/mark-carey-kansas-city-mo/247725</description>
        <styleUrl>#icon-1737-097138-labelson</styleUrl>
        <Point>
          <coordinates>
            -94.6754274,39.2810821,0
          </coordinates>
        </Point>
      </Placemark>
      <Placemark>
        <name>Mark Carey
</name>
        <description>https://www.psychologytoday.com/us/therapists/mark-carey-kansas-city-mo/247725</description>
        <styleUrl>#icon-1737-097138-labelson</styleUrl>
        <Point>
          <coordinates>
            -94.2128337,36.3840171,0
          </coordinates>
        </Point>
      </Placemark>
      <Placemark>
        <name>Breanna Clynes @ Ellie Mental Health</name>
        <description>https://www.psychologytoday.com/us/therapists/breanna-clynes-lees-summit-mo/1178296</description>
        <styleUrl>#icon-1737-097138-labelson</styleUrl>
        <Point>
          <coordinates>
            -94.3756494,38.943359,0
          </coordinates>
        </Point>
      </Placemark>
      <Placemark>
        <name>Tara Yardley @ Yardley Counseling
</name>
        <description>https://www.psychologytoday.com/us/therapists/tara-yardley-blue-springs-mo/124324</description>
        <styleUrl>#icon-1737-097138-labelson</styleUrl>
        <Point>
          <coordinates>
            -94.2731203,39.0231038,0
          </coordinates>
        </Point>
      </Placemark>
      <Placemark>
        <name>Whitney B. Ide 
</name>
        <description>https://www.psychologytoday.com/us/therapists/whitney-b-ide-counseling-llc-saint-joseph-mo/121223</description>
        <styleUrl>#icon-1737-097138-labelson</styleUrl>
        <Point>
          <coordinates>
            -94.8108379,39.8163525,0
          </coordinates>
        </Point>
      </Placemark>
      <Placemark>
        <name>Bradford Meyers @ Seven Hills Psychology</name>
        <description>https://www.psychologytoday.com/us/therapists/bradford-meyers-dayton-oh/431672</description>
        <styleUrl>#icon-1737-097138-labelson</styleUrl>
        <Point>
          <coordinates>
            -84.2034421,39.7076143,0
          </coordinates>
        </Point>
      </Placemark>
      <Placemark>
        <name>Bradford Meyers @ Seven Hills Psychology</name>
        <description>https://www.psychologytoday.com/us/therapists/bradford-meyers-dayton-oh/431672</description>
        <styleUrl>#icon-1737-097138-labelson</styleUrl>
        <Point>
          <coordinates>
            -82.1009695,39.3296111,0
          </coordinates>
        </Point>
      </Placemark>
      <Placemark>
        <name><![CDATA[Tayloer Shear @ LifeStance Therapists & Psychiatrists Dayton]]></name>
        <description>https://www.psychologytoday.com/us/therapists/taylor-shear-dayton-oh/1313094</description>
        <styleUrl>#icon-1737-097138-labelson</styleUrl>
        <Point>
          <coordinates>
            -84.1881169,39.8521509,0
          </coordinates>
        </Point>
      </Placemark>
      <Placemark>
        <name>Lynne M. Routsong-Wiechers @ Midwest Counseling Centers of Ohio, Inc</name>
        <description>https://www.psychologytoday.com/us/therapists/lynne-m-routsong-wiechers-lisw-dayton-oh/753366</description>
        <styleUrl>#icon-1737-097138-labelson</styleUrl>
        <Point>
          <coordinates>
            -84.222255,39.6298922,0
          </coordinates>
        </Point>
      </Placemark>
      <Placemark>
        <name>Ellie Weiher @ Waybridge Counseling
</name>
        <description>https://www.psychologytoday.com/us/therapists/ellie-weiher-dayton-oh/1418297</description>
        <styleUrl>#icon-1737-097138-labelson</styleUrl>
        <Point>
          <coordinates>
            -84.2051221,39.5942573,0
          </coordinates>
        </Point>
      </Placemark>
      <Placemark>
        <name>Jessica Williams @ Lifestance Health
</name>
        <description>https://www.psychologytoday.com/us/therapists/jessica-williams-dayton-oh/1256237</description>
        <styleUrl>#icon-1737-097138-labelson</styleUrl>
        <Point>
          <coordinates>
            -84.1881119,39.8523568,0
          </coordinates>
        </Point>
      </Placemark>
      <Placemark>
        <name>Lynda Lee Fenner
</name>
        <description>https://www.psychologytoday.com/us/therapists/lynda-lee-fenner-dayton-oh/789295</description>
        <styleUrl>#icon-1737-097138-labelson</styleUrl>
        <Point>
          <coordinates>
            -84.124517,39.6996331,0
          </coordinates>
        </Point>
      </Placemark>
      <Placemark>
        <name>Devin Sonner
</name>
        <description>https://www.psychologytoday.com/us/therapists/devin-sonner-dayton-oh/804655</description>
        <styleUrl>#icon-1737-097138-labelson</styleUrl>
        <Point>
          <coordinates>
            -84.193536,39.7639307,0
          </coordinates>
        </Point>
      </Placemark>
      <Placemark>
        <name>Waybridge Counseling
</name>
        <description>https://www.psychologytoday.com/us/therapists/waybridge-counseling-dayton-oh/195845</description>
        <styleUrl>#icon-1737-097138-labelson</styleUrl>
        <Point>
          <coordinates>
            -84.2039355,39.5947378,0
          </coordinates>
        </Point>
      </Placemark>
      <Placemark>
        <name>Aliyah Allen @ Riverscape Counseling
</name>
        <description>https://www.psychologytoday.com/us/therapists/aliyah-allen-dayton-oh/259645</description>
        <styleUrl>#icon-1737-097138-labelson</styleUrl>
        <Point>
          <coordinates>
            -84.1934291,39.7640332,0
          </coordinates>
        </Point>
      </Placemark>
      <Placemark>
        <name>Coleen Henderson
</name>
        <description>https://www.psychologytoday.com/us/therapists/coleen-henderson-dayton-oh/1137554</description>
        <styleUrl>#icon-1737-097138-labelson</styleUrl>
        <Point>
          <coordinates>
            -84.137891,39.629038,0
          </coordinates>
        </Point>
      </Placemark>
      <Placemark>
        <name>Patricia J. Hayes, PsyD</name>
        <description>https://www.psychologytoday.com/us/therapists/patricia-j-hayes-dayton-oh/188902</description>
        <styleUrl>#icon-1737-097138-labelson</styleUrl>
        <Point>
          <coordinates>
            -84.1642457,39.6419368,0
          </coordinates>
        </Point>
      </Placemark>
      <Placemark>
        <name>Curt Harris @ Riverscape Counseling
</name>
        <description>https://www.psychologytoday.com/us/therapists/curt-harris-dayton-oh/863853</description>
        <styleUrl>#icon-1737-097138-labelson</styleUrl>
        <Point>
          <coordinates>
            -84.1937512,39.7640046,0
          </coordinates>
        </Point>
      </Placemark>
      <Placemark>
        <name>Ryan Andrews
</name>
        <description>https://www.psychologytoday.com/us/therapists/ryan-andrews-dayton-oh/740785</description>
        <styleUrl>#icon-1737-097138-labelson</styleUrl>
        <Point>
          <coordinates>
            -84.1936171,39.7637984,0
          </coordinates>
        </Point>
      </Placemark>
      <Placemark>
        <name>MMRG PROFESSIONAL MENTAL HEALTH SERVICES</name>
        <description>https://www.psychologytoday.com/us/therapists/mmrg-professional-mental-health-services-dayton-oh/779350</description>
        <styleUrl>#icon-1737-097138-labelson</styleUrl>
        <Point>
          <coordinates>
            -84.124449,39.699651,0
          </coordinates>
        </Point>
      </Placemark>
      <Placemark>
        <name>MMRG Professional Mental Health Services
</name>
        <description>https://www.psychologytoday.com/us/therapists/mmrg-professional-mental-health-services-dayton-oh/779350</description>
        <styleUrl>#icon-1737-097138-labelson</styleUrl>
        <Point>
          <coordinates>
            -84.2877214,39.8618961,0
          </coordinates>
        </Point>
      </Placemark>
      <Placemark>
        <name><![CDATA[Emily Broad @ LifeStance Therapists & Psychiatrists Centerville]]></name>
        <description>https://www.psychologytoday.com/us/therapists/emily-broad-centerville-oh/1143403</description>
        <styleUrl>#icon-1737-097138-labelson</styleUrl>
        <Point>
          <coordinates>
            -84.1363439,39.6512373,0
          </coordinates>
        </Point>
      </Placemark>
      <Placemark>
        <name>Morgan Robinson @ Lifestance Health
</name>
        <description>https://www.psychologytoday.com/us/therapists/morgan-robinson-centerville-oh/1052118</description>
        <styleUrl>#icon-1737-097138-labelson</styleUrl>
        <Point>
          <coordinates>
            -84.1366027,39.6511072,0
          </coordinates>
        </Point>
      </Placemark>
      <Placemark>
        <name>Michelle Davis @ Lifestance Health
</name>
        <description>https://www.psychologytoday.com/us/therapists/morgan-robinson-centerville-oh/1052118</description>
        <styleUrl>#icon-1737-097138-labelson</styleUrl>
        <Point>
          <coordinates>
            -84.1363399,39.6511237,0
          </coordinates>
        </Point>
      </Placemark>
      <Placemark>
        <name>Clearing Paths Therapeutic Services</name>
        <description>https://www.psychologytoday.com/us/therapists/clearing-path-s-therapeutic-services-ltd-kettering-oh/83551</description>
        <styleUrl>#icon-1737-097138-labelson</styleUrl>
        <Point>
          <coordinates>
            -84.2014765,39.7019081,0
          </coordinates>
        </Point>
      </Placemark>
      <Placemark>
        <name><![CDATA[Clearing Path's Therapeutic Services, Ltd]]></name>
        <description>https://www.psychologytoday.com/us/therapists/clearing-path-s-therapeutic-services-ltd-kettering-oh/83551</description>
        <styleUrl>#icon-1737-097138-labelson</styleUrl>
        <Point>
          <coordinates>
            -84.2025988,39.7037205,0
          </coordinates>
        </Point>
      </Placemark>
      <Placemark>
        <name>TEARS for Tay Recovery
</name>
        <description>https://www.psychologytoday.com/us/therapists/tears-for-tay-recovery-llc-englewood-oh/702273</description>
        <styleUrl>#icon-1737-097138-labelson</styleUrl>
        <Point>
          <coordinates>
            -84.310815,39.8674714,0
          </coordinates>
        </Point>
      </Placemark>
      <Placemark>
        <name>Lorey Ann Simons @ Simons Counseling Services Ltd</name>
        <description>https://www.psychologytoday.com/us/therapists/lorey-ann-simons-xenia-oh/308041</description>
        <styleUrl>#icon-1737-097138-labelson</styleUrl>
        <Point>
          <coordinates>
            -83.9286079,39.7013135,0
          </coordinates>
        </Point>
      </Placemark>
      <Placemark>
        <name>J-edify SLP LLC, located at Macks Psychology Group</name>
        <description>https://www.psychologytoday.com/us/therapists/macks-psychology-group-west-chester-oh/152188</description>
        <styleUrl>#icon-1737-097138-labelson</styleUrl>
        <Point>
          <coordinates>
            -84.368557,39.320677,0
          </coordinates>
        </Point>
      </Placemark>
      <Placemark>
        <name>Amanda Matthias @ Miami Valley Psychotherapy
</name>
        <description>https://www.psychologytoday.com/us/therapists/amanda-matthias-washington-township-oh/174613</description>
        <styleUrl>#icon-1737-097138-labelson</styleUrl>
        <Point>
          <coordinates>
            -84.1540659,39.5978465,0
          </coordinates>
        </Point>
      </Placemark>
      <Placemark>
        <name>Professional Counseling Services of Ohio LLC</name>
        <description>https://www.psychologytoday.com/us/therapists/professional-counseling-services-of-ohio-llc-vandalia-oh/185105</description>
        <styleUrl>#icon-1737-097138-labelson</styleUrl>
        <Point>
          <coordinates>
            -84.1382312,39.629035,0
          </coordinates>
        </Point>
      </Placemark>
      <Placemark>
        <name>Professional Counseling Services of Ohio, LLC</name>
        <description>https://www.psychologytoday.com/us/therapists/professional-counseling-services-of-ohio-llc-vandalia-oh/185105</description>
        <styleUrl>#icon-1737-097138-labelson</styleUrl>
        <Point>
          <coordinates>
            -84.1944461,39.8924325,0
          </coordinates>
        </Point>
      </Placemark>
    </Folder>
    <Folder>
      <name>Affirming Virtual Only Mental Health Providers that Accept TRICARE</name>
      <Placemark>
        <name>Dr. Paul James</name>
        <description>https://www.psychologytoday.com/us/therapists/paul-james-lawton-ok/330681</description>
        <styleUrl>#icon-1820-097138-labelson</styleUrl>
        <Point>
          <coordinates>
            -98.3959291,34.6035669,0
          </coordinates>
        </Point>
      </Placemark>
      <Placemark>
        <name>Mena Ganesan</name>
        <description>https://www.psychologytoday.com/us/therapists/mena-ganesan-oklahoma-city-ok/152585</description>
        <styleUrl>#icon-1820-097138-labelson</styleUrl>
        <Point>
          <coordinates>
            -97.5164276,35.4675602,0
          </coordinates>
        </Point>
      </Placemark>
      <Placemark>
        <name>Bill H Hart</name>
        <description>https://www.psychologytoday.com/us/therapists/bill-h-hart-edmond-ok/295414</description>
        <styleUrl>#icon-1820-097138-labelson</styleUrl>
        <Point>
          <coordinates>
            -97.4780954,35.6528323,0
          </coordinates>
        </Point>
      </Placemark>
      <Placemark>
        <name>Misty Watkins</name>
        <description>https://www.psychologytoday.com/us/therapists/misty-watkins-nichols-hills-ok/878764</description>
        <styleUrl>#icon-1820-097138-labelson</styleUrl>
        <Point>
          <coordinates>
            -97.9364326,35.052565,0
          </coordinates>
        </Point>
      </Placemark>
      <Placemark>
        <name>Hope in Healing, Inc</name>
        <description>https://www.psychologytoday.com/us/therapists/hope-in-healing-inc-goodlettsville-tn/229551</description>
        <styleUrl>#icon-1820-097138-labelson</styleUrl>
        <Point>
          <coordinates>
            -86.7132849,36.3222823,0
          </coordinates>
        </Point>
      </Placemark>
      <Placemark>
        <name>Charlie Health</name>
        <description>https://www.psychologytoday.com/us/therapists/charlie-health-nashville-tn/1324941</description>
        <styleUrl>#icon-1820-097138-labelson</styleUrl>
        <Point>
          <coordinates>
            -86.7816016,36.1626638,0
          </coordinates>
        </Point>
      </Placemark>
      <Placemark>
        <name>Cedar Tree Wellness Center - Jessica Ramey</name>
        <description>https://www.psychologytoday.com/us/therapists/jessica-ramey-nashville-tn/332118</description>
        <styleUrl>#icon-1820-097138-labelson</styleUrl>
        <Point>
          <coordinates>
            -86.7560587,36.0849842,0
          </coordinates>
        </Point>
      </Placemark>
      <Placemark>
        <name>Finley Rose</name>
        <description>https://www.psychologytoday.com/us/therapists/finley-rose-monroe-la/1298593</description>
        <styleUrl>#icon-1820-097138-labelson</styleUrl>
        <Point>
          <coordinates>
            -92.1193012,32.5093109,0
          </coordinates>
        </Point>
      </Placemark>
      <Placemark>
        <name>Finding Solace - Jessi Andrews</name>
        <description>https://www.psychologytoday.com/us/therapists/jessi-andrews-west-monroe-la/219067</description>
        <styleUrl>#icon-1820-097138-labelson</styleUrl>
        <Point>
          <coordinates>
            -92.132218,32.5001562,0
          </coordinates>
        </Point>
      </Placemark>
      <Placemark>
        <name>Shawn Downhour, LPC, LMFT</name>
        <description>https://www.psychologytoday.com/us/therapists/shawn-m-downhour-west-monroe-la/785796</description>
        <styleUrl>#icon-1820-097138-labelson</styleUrl>
        <Point>
          <coordinates>
            -92.1473394,32.515536,0
          </coordinates>
        </Point>
      </Placemark>
      <Placemark>
        <name>The Mindful Lemon</name>
        <description>https://www.psychologytoday.com/us/therapists/the-mindful-lemon-chico-ca/1040094</description>
        <styleUrl>#icon-1820-097138-labelson</styleUrl>
        <Point>
          <coordinates>
            -121.8379978,39.7282839,0
          </coordinates>
        </Point>
      </Placemark>
      <Placemark>
        <name>The Mindful Lemon</name>
        <description>https://www.psychologytoday.com/us/therapists/the-mindful-lemon-chico-ca/1040094</description>
        <styleUrl>#icon-1820-097138-labelson</styleUrl>
        <Point>
          <coordinates>
            -117.1488156,33.4934243,0
          </coordinates>
        </Point>
      </Placemark>
      <Placemark>
        <name>Scarlet Holiday</name>
        <description>https://www.psychologytoday.com/us/therapists/scarlet-holiday-arvada-co/1351421</description>
        <styleUrl>#icon-1820-097138-labelson</styleUrl>
        <Point>
          <coordinates>
            -105.0929462,39.6937693,0
          </coordinates>
        </Point>
      </Placemark>
      <Placemark>
        <name>Jeff Bailey</name>
        <description>https://www.psychologytoday.com/us/therapists/jeff-bailey-fort-collins-co/289912</description>
        <styleUrl>#icon-1820-097138-labelson</styleUrl>
        <Point>
          <coordinates>
            -105.0930579,40.5754972,0
          </coordinates>
        </Point>
      </Placemark>
      <Placemark>
        <name>Lindsay Sugo</name>
        <description>https://www.psychologytoday.com/us/therapists/lindsay-sugo-littleton-co/1314414</description>
        <styleUrl>#icon-1820-097138-labelson</styleUrl>
        <Point>
          <coordinates>
            -105.0327825,39.62828,0
          </coordinates>
        </Point>
      </Placemark>
      <Placemark>
        <name>MultiCultural Counseling Center</name>
        <description>https://www.psychologytoday.com/us/therapists/multicultural-counseling-center-jonesboro-ga/113935</description>
        <styleUrl>#icon-1820-097138-labelson</styleUrl>
        <Point>
          <coordinates>
            -105.1610236,39.7053491,0
          </coordinates>
        </Point>
      </Placemark>
      <Placemark>
        <name>Angela Quinn</name>
        <description>https://www.psychologytoday.com/us/therapists/angela-quinn-lakewood-co/1102840</description>
        <styleUrl>#icon-1820-097138-labelson</styleUrl>
        <Point>
          <coordinates>
            -105.0953494,39.697996,0
          </coordinates>
        </Point>
      </Placemark>
      <Placemark>
        <name>Ashley Wilson</name>
        <description>https://www.psychologytoday.com/us/therapists/ashley-wilson-las-vegas-nv/1272885</description>
        <styleUrl>#icon-1820-097138-labelson</styleUrl>
        <Point>
          <coordinates>
            -115.1662582,36.2072623,0
          </coordinates>
        </Point>
      </Placemark>
      <Placemark>
        <name>Garet Benavides</name>
        <description>https://www.psychologytoday.com/us/therapists/garet-benavides-las-vegas-nv/955416</description>
        <styleUrl>#icon-1820-097138-labelson</styleUrl>
        <Point>
          <coordinates>
            -115.2143234,36.2413286,0
          </coordinates>
        </Point>
      </Placemark>
      <Placemark>
        <name>Charlie Health</name>
        <description>https://www.psychologytoday.com/us/therapists/charlie-health-las-vegas-nv/1324746</description>
        <styleUrl>#icon-1820-097138-labelson</styleUrl>
        <Point>
          <coordinates>
            -115.175486,36.2360673,0
          </coordinates>
        </Point>
      </Placemark>
      <Placemark>
        <name>Krysten Sprewell</name>
        <description>https://www.psychologytoday.com/us/therapists/kyrsten-sprewell-las-vegas-nv/932516</description>
        <styleUrl>#icon-1820-097138-labelson</styleUrl>
        <Point>
          <coordinates>
            -115.1794513,36.2609101,0
          </coordinates>
        </Point>
      </Placemark>
      <Placemark>
        <name>Soseh Esmaeili</name>
        <description>https://www.psychologytoday.com/us/therapists/soseh-esmaeili-las-vegas-nv/199601</description>
        <styleUrl>#icon-1820-097138-labelson</styleUrl>
        <Point>
          <coordinates>
            -115.1838246,36.20512,0
          </coordinates>
        </Point>
      </Placemark>
      <Placemark>
        <name>Dr. Kathleen Young</name>
        <description>https://www.psychologytoday.com/us/therapists/arizonanationwide-comprehensive-gender-services-tucson-az/287664</description>
        <styleUrl>#icon-1820-097138-labelson</styleUrl>
        <Point>
          <coordinates>
            -110.9208593,32.2370907,0
          </coordinates>
        </Point>
      </Placemark>
      <Placemark>
        <name>Paige Harlan</name>
        <description>https://www.psychologytoday.com/us/therapists/paige-harlan-entune-behavioral-health-tucson-az/1282051</description>
        <styleUrl>#icon-1820-097138-labelson</styleUrl>
        <Point>
          <coordinates>
            -110.8850949,32.2540946,0
          </coordinates>
        </Point>
      </Placemark>
      <Placemark>
        <name>Dr. Rita de Cassia Silva</name>
        <description>https://www.psychologytoday.com/us/therapists/paige-harlan-entune-behavioral-health-tucson-az/1282051</description>
        <styleUrl>#icon-1820-097138-labelson</styleUrl>
        <Point>
          <coordinates>
            -81.614468,30.2018746,0
          </coordinates>
        </Point>
      </Placemark>
      <Placemark>
        <name>Cristina Piastrini</name>
        <description>https://www.psychologytoday.com/us/therapists/cristina-piastrini-tucson-az/748103</description>
        <styleUrl>#icon-1820-097138-labelson</styleUrl>
        <Point>
          <coordinates>
            -111.0698858,32.2708701,0
          </coordinates>
        </Point>
      </Placemark>
      <Placemark>
        <name>Adam Lovallo Counseling</name>
        <description>https://www.psychologytoday.com/us/therapists/adam-lovallo-counseling--tucson-az/249940</description>
        <styleUrl>#icon-1820-097138-labelson</styleUrl>
        <Point>
          <coordinates>
            -111.0579632,32.3920076,0
          </coordinates>
        </Point>
      </Placemark>
      <Placemark>
        <name>Rahul Sivaprasad</name>
        <description>https://www.psychologytoday.com/us/therapists/rahul-sivaprasad-tucson-az/331451</description>
        <styleUrl>#icon-1820-097138-labelson</styleUrl>
        <Point>
          <coordinates>
            -110.8850949,32.2540946,0
          </coordinates>
        </Point>
      </Placemark>
      <Placemark>
        <name>Aisha Jakachira LLC</name>
        <description>https://www.psychologytoday.com/us/therapists/aisha-jakachira-llc-in-office-on-line-therapy-oro-valley-az/126940</description>
        <styleUrl>#icon-1820-097138-labelson</styleUrl>
        <Point>
          <coordinates>
            -110.9441942,32.4319466,0
          </coordinates>
        </Point>
      </Placemark>
      <Placemark>
        <name>Let All Thrive Counseling and Coaching - Casey Benjamin Stone</name>
        <description>https://www.psychologytoday.com/us/therapists/casey-benjamin-stone-tucson-az/1101988</description>
        <styleUrl>#icon-1820-097138-labelson</styleUrl>
        <Point>
          <coordinates>
            -110.9255628,32.2345432,0
          </coordinates>
        </Point>
      </Placemark>
      <Placemark>
        <name>Barnes Mental Health Services</name>
        <description>https://www.psychologytoday.com/us/therapists/barnes-mental-health-services-llc-millsboro-de/856609</description>
        <styleUrl>#icon-1820-097138-labelson</styleUrl>
        <Point>
          <coordinates>
            -75.3178952,38.5766225,0
          </coordinates>
        </Point>
      </Placemark>
      <Placemark>
        <name>Peace By Piece Counseling</name>
        <description>https://www.psychologytoday.com/us/therapists/dishawn-adams-abilene-tx/886185</description>
        <styleUrl>#icon-1820-097138-labelson</styleUrl>
        <Point>
          <coordinates>
            -99.7623136,32.3974658,0
          </coordinates>
        </Point>
      </Placemark>
      <Placemark>
        <name>Sharon Stroup</name>
        <description>https://www.psychologytoday.com/us/therapists/sharon-l-stroup-tehachapi-ca/402829</description>
        <styleUrl>#icon-1820-097138-labelson</styleUrl>
        <Point>
          <coordinates>
            -118.4396756,35.0776145,0
          </coordinates>
        </Point>
      </Placemark>
      <Placemark>
        <name>Yessica Avancena</name>
        <description>https://www.psychologytoday.com/us/therapists/yessica-avancena-bakersfield-ca/321642</description>
        <styleUrl>#icon-1820-097138-labelson</styleUrl>
        <Point>
          <coordinates>
            -119.1274334,35.3734151,0
          </coordinates>
        </Point>
      </Placemark>
      <Placemark>
        <name>Christine M. Rodriguez</name>
        <description>https://www.psychologytoday.com/us/therapists/christine-m-rodriguez-navarre-fl/850365</description>
        <styleUrl>#icon-1820-097138-labelson</styleUrl>
        <Point>
          <coordinates>
            -86.8822445,30.4677752,0
          </coordinates>
        </Point>
      </Placemark>
      <Placemark>
        <name>Monique Darnell</name>
        <description>https://www.psychologytoday.com/us/therapists/monique-darnell-fayetteville-ga/460749</description>
        <styleUrl>#icon-1820-097138-labelson</styleUrl>
        <Point>
          <coordinates>
            -86.6308759,30.4960651,0
          </coordinates>
        </Point>
      </Placemark>
      <Placemark>
        <name>Melissa Nicole Vance</name>
        <description>https://www.psychologytoday.com/us/therapists/melissa-nicole-vance-gulf-breeze-fl/989261</description>
        <styleUrl>#icon-1820-097138-labelson</styleUrl>
        <Point>
          <coordinates>
            -87.0074423,30.3958679,0
          </coordinates>
        </Point>
      </Placemark>
      <Placemark>
        <name>Dr. Timeka Hayes</name>
        <description>https://www.psychologytoday.com/us/therapists/timeka-hayes-winter-garden-fl/271229</description>
        <styleUrl>#icon-1820-097138-labelson</styleUrl>
        <Point>
          <coordinates>
            -81.62,28.5,0
          </coordinates>
        </Point>
      </Placemark>
      <Placemark>
        <name>Casey Becker</name>
        <description>https://www.psychologytoday.com/us/therapists/casey-becker-gulf-breeze-fl/198296</description>
        <styleUrl>#icon-1820-097138-labelson</styleUrl>
        <Point>
          <coordinates>
            -87.0074423,30.3958679,0
          </coordinates>
        </Point>
      </Placemark>
      <Placemark>
        <name><![CDATA[True Joy Counseling & Psychiatric Care]]></name>
        <description><![CDATA[Taryn Jones<br><br>https://www.psychologytoday.com/us/therapists/taryn-c-jones-niceville-fl/277548]]></description>
        <styleUrl>#icon-1820-097138-labelson</styleUrl>
        <Point>
          <coordinates>
            -86.4713311,30.516105,0
          </coordinates>
        </Point>
      </Placemark>
      <Placemark>
        <name>Olivia Foote</name>
        <description>https://www.psychologytoday.com/us/therapists/olivia-foote-fairbanks-ak/1070572</description>
        <styleUrl>#icon-1820-097138-labelson</styleUrl>
        <Point>
          <coordinates>
            -148.3542567,64.8773986,0
          </coordinates>
        </Point>
      </Placemark>
      <Placemark>
        <name>Jessica McKay</name>
        <description>https://www.psychologytoday.com/us/therapists/jessica-mckay-fairbanks-ak/851248</description>
        <styleUrl>#icon-1820-097138-labelson</styleUrl>
        <Point>
          <coordinates>
            -147.7489363,64.8388243,0
          </coordinates>
        </Point>
      </Placemark>
      <Placemark>
        <name>Orion Behavioral Health Network</name>
        <description>https://www.psychologytoday.com/us/therapists/orion-behavioral-health-network-eagle-river-ak/749734</description>
        <styleUrl>#icon-1820-097138-labelson</styleUrl>
        <Point>
          <coordinates>
            -149.2891675,61.2673638,0
          </coordinates>
        </Point>
      </Placemark>
      <Placemark>
        <name>Dr. Erma B. Henry</name>
        <description>https://www.psychologytoday.com/us/therapists/erma-b-henry-spokane-wa/1050962</description>
        <styleUrl>#icon-1820-097138-labelson</styleUrl>
        <Point>
          <coordinates>
            -117.4091598,47.6260439,0
          </coordinates>
        </Point>
      </Placemark>
      <Placemark>
        <name>Dr. Carron C. Cherrie</name>
        <description>https://www.psychologytoday.com/us/therapists/dr-carron-c-cherrie-aprn-pmhcns-pllc-bradenton-fl/269891</description>
        <styleUrl>#icon-1820-097138-labelson</styleUrl>
        <Point>
          <coordinates>
            -117.4316272,47.6600716,0
          </coordinates>
        </Point>
      </Placemark>
      <Placemark>
        <name>Daeshanna Debel</name>
        <description>https://www.psychologytoday.com/us/therapists/daeshanna-debel-seattle-wa/1406607</description>
        <styleUrl>#icon-1820-097138-labelson</styleUrl>
        <Point>
          <coordinates>
            -122.3425575,47.6600087,0
          </coordinates>
        </Point>
      </Placemark>
      <Placemark>
        <name>Narrative Connections PLLC</name>
        <description><![CDATA[Jen Adams<br><br>https://www.psychologytoday.com/us/therapists/jen-adams-spokane-wa/364732]]></description>
        <styleUrl>#icon-1820-097138-labelson</styleUrl>
        <Point>
          <coordinates>
            -117.4212616,47.6588944,0
          </coordinates>
        </Point>
      </Placemark>
      <Placemark>
        <name>Jennifer Adair</name>
        <description>https://www.psychologytoday.com/us/therapists/jennifer-adair-fort-myers-fl/140596</description>
        <styleUrl>#icon-1820-097138-labelson</styleUrl>
        <Point>
          <coordinates>
            -117.4176644,47.6626443,0
          </coordinates>
        </Point>
      </Placemark>
      <Placemark>
        <name>Lacey Petersen</name>
        <description>https://www.psychologytoday.com/us/therapists/lacey-petersen-cheyenne-wy/441449</description>
        <styleUrl>#icon-1820-097138-labelson</styleUrl>
        <Point>
          <coordinates>
            -104.8201078,41.1400096,0
          </coordinates>
        </Point>
      </Placemark>
      <Placemark>
        <name>Charlie Health</name>
        <description>https://www.psychologytoday.com/us/therapists/charlie-health-casper-wy/966494</description>
        <styleUrl>#icon-1820-097138-labelson</styleUrl>
        <Point>
          <coordinates>
            -106.3934777,43.0981345,0
          </coordinates>
        </Point>
      </Placemark>
      <Placemark>
        <name>Mind of Peace Counseling, LLC</name>
        <description>https://www.psychologytoday.com/us/therapists/mind-of-peace-counseling-llc-wheatland-wy/424432</description>
        <styleUrl>#icon-1820-097138-labelson</styleUrl>
        <Point>
          <coordinates>
            -105.1258955,42.0906629,0
          </coordinates>
        </Point>
      </Placemark>
      <Placemark>
        <name>Birchwood Therapuetic Services</name>
        <description><![CDATA[Austen McFarren<br><br>https://www.psychologytoday.com/us/therapists/austen-mcfarren-fargo-nd/997843]]></description>
        <styleUrl>#icon-1820-097138-labelson</styleUrl>
        <Point>
          <coordinates>
            -96.846918,46.8290047,0
          </coordinates>
        </Point>
      </Placemark>
      <Placemark>
        <name>Cuna Wellness Center</name>
        <description>https://www.psychologytoday.com/us/therapists/cuna-wellness-center--lowell-ma/753031</description>
        <styleUrl>#icon-1820-097138-labelson</styleUrl>
        <Point>
          <coordinates>
            -71.3036386,42.6449661,0
          </coordinates>
        </Point>
      </Placemark>
      <Placemark>
        <name>Stanley Ducharme</name>
        <description>https://www.psychologytoday.com/us/therapists/stanley-h-ducharme-framingham-ma/35804</description>
        <styleUrl>#icon-1820-097138-labelson</styleUrl>
        <Point>
          <coordinates>
            -71.4536835,42.3240042,0
          </coordinates>
        </Point>
      </Placemark>
      <Placemark>
        <name>Susan Lucker</name>
        <description>https://www.psychologytoday.com/us/therapists/susan-lucker-boston-ma/154461</description>
        <styleUrl>#icon-1820-097138-labelson</styleUrl>
        <Point>
          <coordinates>
            -71.0765188,42.353068,0
          </coordinates>
        </Point>
      </Placemark>
      <Placemark>
        <name>Angelica Acevedo Innovation Community Counseling</name>
        <description>https://www.psychologytoday.com/us/therapists/angelica-toni-acevedo-salem-ma/162762</description>
        <styleUrl>#icon-1820-097138-labelson</styleUrl>
        <Point>
          <coordinates>
            -70.8877569,42.5182274,0
          </coordinates>
        </Point>
      </Placemark>
      <Placemark>
        <name>Sandra Barrett</name>
        <description>https://www.psychologytoday.com/us/therapists/sandra-l-barrett-camp-springs-md/44857</description>
        <styleUrl>#icon-1820-097138-labelson</styleUrl>
        <Point>
          <coordinates>
            -76.9066396,38.8040027,0
          </coordinates>
        </Point>
      </Placemark>
      <Placemark>
        <name>Sabrina Heller</name>
        <description>https://www.psychologytoday.com/us/therapists/sabrina-j-heller-bethel-park-pa/115017</description>
        <styleUrl>#icon-1820-097138-labelson</styleUrl>
        <Point>
          <coordinates>
            -80.0394977,40.3275697,0
          </coordinates>
        </Point>
      </Placemark>
      <Placemark>
        <name>Missy Linthicum</name>
        <description>https://www.psychologytoday.com/us/therapists/missy-linthicum-baltimore-md/1142786</description>
        <styleUrl>#icon-1820-097138-labelson</styleUrl>
        <Point>
          <coordinates>
            -76.745195,39.2724771,0
          </coordinates>
        </Point>
      </Placemark>
      <Placemark>
        <name>James Mcelligott</name>
        <description>https://www.psychologytoday.com/us/therapists/james-mcelligott-columbia-md/1260275</description>
        <styleUrl>#icon-1820-097138-labelson</styleUrl>
        <Point>
          <coordinates>
            -76.5517132,39.0327543,0
          </coordinates>
        </Point>
      </Placemark>
      <Placemark>
        <name>James DeMaio</name>
        <description>https://www.psychologytoday.com/us/therapists/james-demaio-baltimore-md/903347</description>
        <styleUrl>#icon-1820-097138-labelson</styleUrl>
        <Point>
          <coordinates>
            -76.6383832,39.3289463,0
          </coordinates>
        </Point>
      </Placemark>
      <Placemark>
        <name>Hazel Branche at One Alkaline Life</name>
        <description>https://www.psychologytoday.com/us/therapists/hazel-branche-waldorf-md/1032472</description>
        <styleUrl>#icon-1820-097138-labelson</styleUrl>
        <Point>
          <coordinates>
            -76.9312211,38.6149357,0
          </coordinates>
        </Point>
      </Placemark>
      <Placemark>
        <name>Heather Hunt:  My Deaf Therapy</name>
        <description>https://www.psychologytoday.com/us/therapists/heather-hunt-my-deaf-therapy-saint-george-ut/216437</description>
        <styleUrl>#icon-1820-097138-labelson</styleUrl>
        <Point>
          <coordinates>
            -76.9815877,38.9052763,0
          </coordinates>
        </Point>
      </Placemark>
      <Placemark>
        <name>Elise Smithmeyer</name>
        <description>https://www.psychologytoday.com/us/therapists/elise-smithmyer-columbia-md/255532</description>
        <styleUrl>#icon-1820-097138-labelson</styleUrl>
        <Point>
          <coordinates>
            -76.8432663,39.166263,0
          </coordinates>
        </Point>
      </Placemark>
      <Placemark>
        <name>Charlie Health</name>
        <description>https://www.psychologytoday.com/us/therapists/charlie-health-charleston-sc/1324930</description>
        <styleUrl>#icon-1820-097138-labelson</styleUrl>
        <Point>
          <coordinates>
            -79.9975916,32.8017595,0
          </coordinates>
        </Point>
      </Placemark>
      <Placemark>
        <name>Kevin P. Daniels</name>
        <description>https://www.psychologytoday.com/us/therapists/kevin-p-daniels-columbia-sc/1183462</description>
        <styleUrl>#icon-1820-097138-labelson</styleUrl>
        <Point>
          <coordinates>
            -81.0368211,33.9873389,0
          </coordinates>
        </Point>
      </Placemark>
      <Placemark>
        <name>Quanita May</name>
        <description>https://www.psychologytoday.com/us/therapists/quanita-may-columbia-sc/1171253</description>
        <styleUrl>#icon-1820-097138-labelson</styleUrl>
        <Point>
          <coordinates>
            -81.2188355,34.0723572,0
          </coordinates>
        </Point>
      </Placemark>
      <Placemark>
        <name>Anchor Life Clinic</name>
        <description>https://www.psychologytoday.com/us/therapists/anchor-life-clinic-jacksonville-fl/818138</description>
        <styleUrl>#icon-1820-097138-labelson</styleUrl>
        <Point>
          <coordinates>
            -150.7271565,62.4235237,0
          </coordinates>
        </Point>
      </Placemark>
      <Placemark>
        <name>Lisa Root</name>
        <description>https://www.psychologytoday.com/us/therapists/lisa-root-wasilla-ak/265773</description>
        <styleUrl>#icon-1820-097138-labelson</styleUrl>
        <Point>
          <coordinates>
            -149.4415038,61.5809026,0
          </coordinates>
        </Point>
      </Placemark>
      <Placemark>
        <name>Kelvin Pace at KPace Counseling</name>
        <description>https://www.psychologytoday.com/us/therapists/kelvin-j-pace-anchorage-ak/208759</description>
        <styleUrl>#icon-1820-097138-labelson</styleUrl>
        <Point>
          <coordinates>
            -149.8901682,61.1899785,0
          </coordinates>
        </Point>
      </Placemark>
      <Placemark>
        <name>Sharon Litwin</name>
        <description>https://www.psychologytoday.com/us/therapists/sharon-litwin-anchorage-ak/469458</description>
        <styleUrl>#icon-1820-097138-labelson</styleUrl>
        <Point>
          <coordinates>
            -149.9159664,61.1961051,0
          </coordinates>
        </Point>
      </Placemark>
      <Placemark>
        <name>Joshua Hughes</name>
        <description>https://www.psychologytoday.com/us/therapists/joshua-b-hughes-wasilla-ak/1042402</description>
        <styleUrl>#icon-1820-097138-labelson</styleUrl>
        <Point>
          <coordinates>
            -149.4449596,61.5718313,0
          </coordinates>
        </Point>
      </Placemark>
      <Placemark>
        <name><![CDATA[Hope's Horizon]]></name>
        <description>https://www.psychologytoday.com/us/therapists/hopes-horizon-counseling-services-llc-anchorage-ak/249175</description>
        <styleUrl>#icon-1820-097138-labelson</styleUrl>
        <Point>
          <coordinates>
            -149.9186747,61.1993718,0
          </coordinates>
        </Point>
      </Placemark>
      <Placemark>
        <name>Brittney Ramert</name>
        <description>https://www.psychologytoday.com/us/therapists/brittney-ramert-anchorage-ak/1011590</description>
        <styleUrl>#icon-1820-097138-labelson</styleUrl>
        <Point>
          <coordinates>
            -149.8702209,61.2237855,0
          </coordinates>
        </Point>
      </Placemark>
      <Placemark>
        <name>Dreavita Counseling Coaching and Consulting</name>
        <description>https://www.psychologytoday.com/us/therapists/dreavita-counseling-coaching-and-consulting-inc-anchorage-ak/1244874</description>
        <styleUrl>#icon-1820-097138-labelson</styleUrl>
        <Point>
          <coordinates>
            -149.8936503,61.1199289,0
          </coordinates>
        </Point>
      </Placemark>
      <Placemark>
        <name>Christine Park - Hiki No Counseling</name>
        <description>https://www.psychologytoday.com/us/therapists/christine-park-hiki-n-counseling-kaneohe-hi/927464</description>
        <styleUrl>#icon-1820-097138-labelson</styleUrl>
        <Point>
          <coordinates>
            -157.8450558,21.4513696,0
          </coordinates>
        </Point>
      </Placemark>
      <Placemark>
        <name>Richard Rothschiller</name>
        <description>https://www.psychologytoday.com/us/therapists/richard-rothschiller-honolulu-hi/396742</description>
        <styleUrl>#icon-1820-097138-labelson</styleUrl>
        <Point>
          <coordinates>
            -157.7973653,21.2868901,0
          </coordinates>
        </Point>
      </Placemark>
      <Placemark>
        <name>Alan R Spector</name>
        <description>https://www.psychologytoday.com/us/therapists/alan-r-spector-kailua-hi/101666</description>
        <styleUrl>#icon-1820-097138-labelson</styleUrl>
        <Point>
          <coordinates>
            -157.7496761,21.3930281,0
          </coordinates>
        </Point>
      </Placemark>
      <Placemark>
        <name>Proactive Solutions, LLC</name>
        <description>https://www.psychologytoday.com/us/therapists/proactive-solutions-llc-honolulu-hi/1260095</description>
        <styleUrl>#icon-1820-097138-labelson</styleUrl>
        <Point>
          <coordinates>
            -157.8480364,21.2966976,0
          </coordinates>
        </Point>
      </Placemark>
      <Placemark>
        <name>Clare Rountree</name>
        <description>https://www.psychologytoday.com/us/therapists/clare-m-rountree-phd-llc-honolulu-hi/59708</description>
        <styleUrl>#icon-1820-097138-labelson</styleUrl>
        <Point>
          <coordinates>
            -157.8152491,21.3175493,0
          </coordinates>
        </Point>
      </Placemark>
      <Placemark>
        <name>Jeanie Li</name>
        <description>https://www.psychologytoday.com/us/therapists/jeanie-li-honolulu-hi/308715</description>
        <styleUrl>#icon-1820-097138-labelson</styleUrl>
        <Point>
          <coordinates>
            -157.8480364,21.3136151,0
          </coordinates>
        </Point>
      </Placemark>
      <Placemark>
        <name>Kristin A. Christensen</name>
        <description>https://www.psychologytoday.com/us/therapists/kristin-a-christensen-honolulu-hi/139838</description>
        <styleUrl>#icon-1820-097138-labelson</styleUrl>
        <Point>
          <coordinates>
            -157.7019881,21.2962334,0
          </coordinates>
        </Point>
      </Placemark>
      <Placemark>
        <name>Jay Vargas-Zachary</name>
        <description>https://www.psychologytoday.com/us/therapists/jay-vargas-zachary-san-antonio-tx/187319</description>
        <styleUrl>#icon-1820-097138-labelson</styleUrl>
        <Point>
          <coordinates>
            -98.4019754,29.4942966,0
          </coordinates>
        </Point>
      </Placemark>
      <Placemark>
        <name>Edgar Napoles</name>
        <description>https://www.psychologytoday.com/us/therapists/edgar-napoles-new-braunfels-tx/767510</description>
        <styleUrl>#icon-1820-097138-labelson</styleUrl>
        <Point>
          <coordinates>
            -98.068343,29.7049806,0
          </coordinates>
        </Point>
      </Placemark>
      <Placemark>
        <name>Yazmina Lopez at Live Oak Collective</name>
        <description>https://www.psychologytoday.com/us/therapists/yazmina-lopez-austin-tx/1332756</description>
        <styleUrl>#icon-1820-097138-labelson</styleUrl>
        <Point>
          <coordinates>
            -97.7546999,30.3532115,0
          </coordinates>
        </Point>
      </Placemark>
      <Placemark>
        <name>Kai Rockwell</name>
        <description>https://www.psychologytoday.com/us/therapists/kai-rockwell-austin-tx/1261275</description>
        <styleUrl>#icon-1820-097138-labelson</styleUrl>
        <Point>
          <coordinates>
            -97.7742702,30.3542409,0
          </coordinates>
        </Point>
      </Placemark>
      <Placemark>
        <name>Elijah Monsivais</name>
        <description>https://www.psychologytoday.com/us/therapists/elijah-monsivais-san-diego-ca/465026</description>
        <styleUrl>#icon-1820-097138-labelson</styleUrl>
        <Point>
          <coordinates>
            -98.6105703,29.5269768,0
          </coordinates>
        </Point>
      </Placemark>
      <Placemark>
        <name>Amanda Walton</name>
        <description>https://www.psychologytoday.com/us/therapists/amanda-walton-san-antonio-tx/917754</description>
        <styleUrl>#icon-1820-097138-labelson</styleUrl>
        <Point>
          <coordinates>
            -98.478759,29.5930195,0
          </coordinates>
        </Point>
      </Placemark>
      <Placemark>
        <name>Kimberly Kern</name>
        <description>https://www.psychologytoday.com/us/therapists/kimberley-kern-scottsdale-az/1202270</description>
        <styleUrl>#icon-1820-097138-labelson</styleUrl>
        <Point>
          <coordinates>
            -98.2322355,29.5682752,0
          </coordinates>
        </Point>
      </Placemark>
      <Placemark>
        <name>Natural Harmony Counseling</name>
        <description>https://www.psychologytoday.com/us/therapists/natural-harmony-counseling-maple-valley-wa/856383</description>
        <styleUrl>#icon-1820-097138-labelson</styleUrl>
        <Point>
          <coordinates>
            -121.9774543,47.4081994,0
          </coordinates>
        </Point>
      </Placemark>
      <Placemark>
        <name><![CDATA[Sound Mind Hypnotherapy & Counseling L.L.C]]></name>
        <description>https://www.psychologytoday.com/us/therapists/arthur-levine-covington-wa/86165</description>
        <styleUrl>#icon-1820-097138-labelson</styleUrl>
        <Point>
          <coordinates>
            -122.2307681,47.362482,0
          </coordinates>
        </Point>
      </Placemark>
      <Placemark>
        <name>Linda Dodds</name>
        <description>https://www.psychologytoday.com/us/therapists/linda-dodds-albuquerque-nm/805029</description>
        <styleUrl>#icon-1820-097138-labelson</styleUrl>
        <Point>
          <coordinates>
            -106.5760857,35.1590068,0
          </coordinates>
        </Point>
      </Placemark>
      <Placemark>
        <name>Kirstina Ward</name>
        <description>https://www.psychologytoday.com/us/therapists/kirstina-ward-albuquerque-nm/1201460</description>
        <styleUrl>#icon-1820-097138-labelson</styleUrl>
        <Point>
          <coordinates>
            -106.5701927,35.1009909,0
          </coordinates>
        </Point>
      </Placemark>
      <Placemark>
        <name>Jean Louise Ramsey</name>
        <description>https://www.psychologytoday.com/us/therapists/jean-louise-ramsey-albuquerque-nm/1087213</description>
        <styleUrl>#icon-1820-097138-labelson</styleUrl>
        <Point>
          <coordinates>
            -106.6409198,35.1338614,0
          </coordinates>
        </Point>
      </Placemark>
      <Placemark>
        <name>Lyric Lawson</name>
        <description>https://www.psychologytoday.com/us/therapists/lyric-lawson-albuquerque-nm/962946</description>
        <styleUrl>#icon-1820-097138-labelson</styleUrl>
        <Point>
          <coordinates>
            -106.6173415,35.0729762,0
          </coordinates>
        </Point>
      </Placemark>
      <Placemark>
        <name>Xander Abrams</name>
        <description>https://www.psychologytoday.com/us/therapists/xander-abrams-albuquerque-nm/269173</description>
        <styleUrl>#icon-1820-097138-labelson</styleUrl>
        <Point>
          <coordinates>
            -106.7470536,35.1509567,0
          </coordinates>
        </Point>
      </Placemark>
      <Placemark>
        <name>Melinda A Garcia</name>
        <description>https://www.psychologytoday.com/us/therapists/melinda-a-garcia-albuquerque-nm/168989</description>
        <styleUrl>#icon-1820-097138-labelson</styleUrl>
        <Point>
          <coordinates>
            -106.5701927,35.1009909,0
          </coordinates>
        </Point>
      </Placemark>
      <Placemark>
        <name>Umoja Behavioral Health</name>
        <description>https://www.psychologytoday.com/us/therapists/umoja-behavioral-health-pc-albuquerque-nm/747819</description>
        <styleUrl>#icon-1820-097138-labelson</styleUrl>
        <Point>
          <coordinates>
            -106.6033967,35.118045,0
          </coordinates>
        </Point>
      </Placemark>
      <Placemark>
        <name>Lance Lashley</name>
        <description>https://www.psychologytoday.com/us/therapists/lance-lashley-santa-fe-nm/417673</description>
        <styleUrl>#icon-1820-097138-labelson</styleUrl>
        <Point>
          <coordinates>
            -105.8407722,35.7135437,0
          </coordinates>
        </Point>
      </Placemark>
      <Placemark>
        <name>CK Olivieri Blackmore</name>
        <description>https://www.psychologytoday.com/us/therapists/ck-olivieri-blackmore-san-francisco-ca/107489</description>
        <styleUrl>#icon-1820-097138-labelson</styleUrl>
        <Point>
          <coordinates>
            -106.5760857,35.0734065,0
          </coordinates>
        </Point>
      </Placemark>
      <Placemark>
        <name>Charlie Health</name>
        <description>https://www.psychologytoday.com/us/therapists/charlie-health-santa-fe-nm/1324895</description>
        <styleUrl>#icon-1820-097138-labelson</styleUrl>
        <Point>
          <coordinates>
            -106.1345705,35.6204185,0
          </coordinates>
        </Point>
      </Placemark>
      <Placemark>
        <name>Amber Roberts</name>
        <description>https://www.psychologytoday.com/us/therapists/amber-roberts-albuquerque-nm/893339</description>
        <styleUrl>#icon-1820-097138-labelson</styleUrl>
        <Point>
          <coordinates>
            -106.623946,35.1510355,0
          </coordinates>
        </Point>
      </Placemark>
      <Placemark>
        <name>Katherine Bishop @ Argenta Counseling and Wellness (North Little Rock)</name>
        <description>https://www.psychologytoday.com/us/therapists/katherine-bishop-pomona-park-fl/717339</description>
        <styleUrl>#icon-1820-097138-labelson</styleUrl>
        <Point>
          <coordinates>
            -92.2678574,34.758686,0
          </coordinates>
        </Point>
      </Placemark>
      <Placemark>
        <name>Amber Strong
</name>
        <description>https://www.psychologytoday.com/us/therapists/amber-strong-sylmar-ca/1413945</description>
        <styleUrl>#icon-1820-097138-labelson</styleUrl>
        <Point>
          <coordinates>
            -118.4588292,34.2994874,0
          </coordinates>
        </Point>
      </Placemark>
      <Placemark>
        <name>Nately Rose
</name>
        <description>https://www.psychologytoday.com/us/therapists/nately-rose-sylmar-ca/1424928</description>
        <styleUrl>#icon-1820-097138-labelson</styleUrl>
        <Point>
          <coordinates>
            -118.463979,34.2999837,0
          </coordinates>
        </Point>
      </Placemark>
      <Placemark>
        <name>Nately Rose
</name>
        <description>https://www.psychologytoday.com/us/therapists/nately-rose-sylmar-ca/1424928</description>
        <styleUrl>#icon-1820-097138-labelson</styleUrl>
        <Point>
          <coordinates>
            -117.1682936,32.7173267,0
          </coordinates>
        </Point>
      </Placemark>
      <Placemark>
        <name>Kayleigh Soto @ Bonmente
</name>
        <description>https://www.psychologytoday.com/us/therapists/kayleigh-soto-culver-city-ca/872694</description>
        <styleUrl>#icon-1820-097138-labelson</styleUrl>
        <Point>
          <coordinates>
            -118.3987842,33.9933257,0
          </coordinates>
        </Point>
      </Placemark>
      <Placemark>
        <name>Kayleigh Soto
</name>
        <description>https://www.psychologytoday.com/us/therapists/kayleigh-soto-culver-city-ca/872694</description>
        <styleUrl>#icon-1820-097138-labelson</styleUrl>
        <Point>
          <coordinates>
            -118.3783347,34.0931603,0
          </coordinates>
        </Point>
      </Placemark>
      <Placemark>
        <name>Matthew Bensadigh
</name>
        <description>https://www.psychologytoday.com/us/therapists/matthew-bensadigh-lmft-beverly-hills-ca/1311950</description>
        <styleUrl>#icon-1820-097138-labelson</styleUrl>
        <Point>
          <coordinates>
            -118.3841777,34.0661071,0
          </coordinates>
        </Point>
      </Placemark>
      <Placemark>
        <name>Kelsi Elizabeth DAhn
</name>
        <description>https://www.psychologytoday.com/us/therapists/kelsi-elizabeth-dahn-hermosa-beach-ca/1119725</description>
        <styleUrl>#icon-1820-097138-labelson</styleUrl>
        <Point>
          <coordinates>
            -118.3987842,33.8600693,0
          </coordinates>
        </Point>
      </Placemark>
      <Placemark>
        <name>Kelsi Elizabeth Dahn
</name>
        <description>https://www.psychologytoday.com/us/therapists/kelsi-elizabeth-dahn-hermosa-beach-ca/1119725</description>
        <styleUrl>#icon-1820-097138-labelson</styleUrl>
        <Point>
          <coordinates>
            -118.3520389,33.8101772,0
          </coordinates>
        </Point>
      </Placemark>
      <Placemark>
        <name>California Virtual Eating Disorder Experts VOIP
</name>
        <description>https://www.psychologytoday.com/us/therapists/california-virtual-eating-disorder-experts-viop-calabasas-ca/1314360</description>
        <styleUrl>#icon-1820-097138-labelson</styleUrl>
        <Point>
          <coordinates>
            -118.6848112,34.1307949,0
          </coordinates>
        </Point>
      </Placemark>
      <Placemark>
        <name>Clarity Family Therapy Services</name>
        <description>https://www.psychologytoday.com/us/therapists/clarity-family-therapy-services-los-angeles-ca/157363</description>
        <styleUrl>#icon-1820-097138-labelson</styleUrl>
        <Point>
          <coordinates>
            -118.4411123,34.0413797,0
          </coordinates>
        </Point>
      </Placemark>
      <Placemark>
        <name>Surfside Online Therapy Telehealth
</name>
        <description>https://www.psychologytoday.com/us/therapists/surfside-online-therapy-telehealth-westlake-village-ca/51454</description>
        <styleUrl>#icon-1820-097138-labelson</styleUrl>
        <Point>
          <coordinates>
            -118.6473801,34.1539731,0
          </coordinates>
        </Point>
      </Placemark>
      <Placemark>
        <name>Kimberly Kern
</name>
        <description>https://www.psychologytoday.com/us/therapists/kimberley-kern-scottsdale-az/1202270</description>
        <styleUrl>#icon-1820-097138-labelson</styleUrl>
        <Point>
          <coordinates>
            -111.8926303,33.6160293,0
          </coordinates>
        </Point>
      </Placemark>
      <Placemark>
        <name>Charlie Health
</name>
        <description>https://www.psychologytoday.com/us/therapists/charlie-health-scottsdale-az/962051</description>
        <styleUrl>#icon-1820-097138-labelson</styleUrl>
        <Point>
          <coordinates>
            -111.9224398,33.4986286,0
          </coordinates>
        </Point>
      </Placemark>
      <Placemark>
        <name>Wendy Pethybridge @ H.E.L.P.S.
</name>
        <description>https://www.psychologytoday.com/us/therapists/wendy-pethybridge-buckley-wa/407909</description>
        <styleUrl>#icon-1820-097138-labelson</styleUrl>
        <Point>
          <coordinates>
            -112.3576567,33.4353394,0
          </coordinates>
        </Point>
      </Placemark>
      <Placemark>
        <name>Wendy Pethybridge @ H.E.L.P.S.
</name>
        <description>https://www.psychologytoday.com/us/therapists/wendy-pethybridge-buckley-wa/407909</description>
        <styleUrl>#icon-1820-097138-labelson</styleUrl>
        <Point>
          <coordinates>
            -122.0267787,47.1631573,0
          </coordinates>
        </Point>
      </Placemark>
      <Placemark>
        <name>Jodi Druss
</name>
        <description>https://www.psychologytoday.com/us/therapists/jodi-druss-saint-petersburg-fl/1015861</description>
        <styleUrl>#icon-1820-097138-labelson</styleUrl>
        <Point>
          <coordinates>
            -82.71229,27.82182,0
          </coordinates>
        </Point>
      </Placemark>
      <Placemark>
        <name>Rhamah A Norris
</name>
        <description>https://www.psychologytoday.com/us/therapists/rhamah-a-norris-saint-petersburg-fl/806114</description>
        <styleUrl>#icon-1820-097138-labelson</styleUrl>
        <Point>
          <coordinates>
            -82.6321376,27.8512042,0
          </coordinates>
        </Point>
      </Placemark>
      <Placemark>
        <name>Amber Roberts
</name>
        <description>https://www.psychologytoday.com/us/therapists/amber-roberts-albuquerque-nm/782535</description>
        <styleUrl>#icon-1820-097138-labelson</styleUrl>
        <Point>
          <coordinates>
            -111.9205455,46.7815672,0
          </coordinates>
        </Point>
      </Placemark>
      <Placemark>
        <name>Shauna Snyder
</name>
        <description>https://www.psychologytoday.com/us/therapists/shauna-snyder-birmingham-al/1290349</description>
        <styleUrl>#icon-1820-097138-labelson</styleUrl>
        <Point>
          <coordinates>
            -86.8011326,33.5118197,0
          </coordinates>
        </Point>
      </Placemark>
      <Placemark>
        <name><![CDATA[Peacock & Hodnett Counseling
]]></name>
        <description>https://www.psychologytoday.com/us/therapists/peacock-hodnett-counseling-birmingham-al/1328980</description>
        <styleUrl>#icon-1820-097138-labelson</styleUrl>
        <Point>
          <coordinates>
            -86.7366082,33.4796083,0
          </coordinates>
        </Point>
      </Placemark>
      <Placemark>
        <name>Michelle Frazier
</name>
        <description>https://www.psychologytoday.com/us/therapists/mechelle-frazier-tuscaloosa-al/453829</description>
        <styleUrl>#icon-1820-097138-labelson</styleUrl>
        <Point>
          <coordinates>
            -87.4901086,33.2223499,0
          </coordinates>
        </Point>
      </Placemark>
      <Placemark>
        <name>Donna Sewell
</name>
        <description>https://www.psychologytoday.com/us/therapists/donna-sewell-birmingham-al/1431247</description>
        <styleUrl>#icon-1820-097138-labelson</styleUrl>
        <Point>
          <coordinates>
            -86.8069698,33.4702383,0
          </coordinates>
        </Point>
      </Placemark>
      <Placemark>
        <name>Colin Fee
</name>
        <description>https://www.psychologytoday.com/us/therapists/colin-fee-wichita-ks/894828</description>
        <styleUrl>#icon-1820-097138-labelson</styleUrl>
        <Point>
          <coordinates>
            -97.3285445,37.6850691,0
          </coordinates>
        </Point>
      </Placemark>
      <Placemark>
        <name>Charlie Health
</name>
        <description>https://www.psychologytoday.com/us/therapists/charlie-health-wichita-ks/1324635</description>
        <styleUrl>#icon-1820-097138-labelson</styleUrl>
        <Point>
          <coordinates>
            -97.332753,37.6843628,0
          </coordinates>
        </Point>
      </Placemark>
      <Placemark>
        <name>Dawn Fifth
</name>
        <description>https://www.psychologytoday.com/us/therapists/dawn-fifth-toms-river-nj/1176126</description>
        <styleUrl>#icon-1820-097138-labelson</styleUrl>
        <Point>
          <coordinates>
            -74.1873386,39.9634178,0
          </coordinates>
        </Point>
      </Placemark>
      <Placemark>
        <name>Katie Stubbs
</name>
        <description>https://www.psychologytoday.com/us/therapists/katie-stubbs-cherry-hill-nj/385983</description>
        <styleUrl>#icon-1820-097138-labelson</styleUrl>
        <Point>
          <coordinates>
            -74.955948,39.8817088,0
          </coordinates>
        </Point>
      </Placemark>
      <Placemark>
        <name>Marsha Shapiro
</name>
        <description>https://www.psychologytoday.com/us/therapists/marsha-n-shapiro-north-brunswick-nj/97434</description>
        <styleUrl>#icon-1820-097138-labelson</styleUrl>
        <Point>
          <coordinates>
            -74.4818698,40.4430064,0
          </coordinates>
        </Point>
      </Placemark>
      <Placemark>
        <name>Anita Devine
</name>
        <description>https://www.psychologytoday.com/us/therapists/anita-devine-lcsw-r-haddonfield-nj/172419</description>
        <styleUrl>#icon-1820-097138-labelson</styleUrl>
        <Point>
          <coordinates>
            -75.0316874,39.898163,0
          </coordinates>
        </Point>
      </Placemark>
      <Placemark>
        <name>Anita Devine
</name>
        <description>https://www.psychologytoday.com/us/therapists/anita-devine-lcsw-r-haddonfield-nj/172419</description>
        <styleUrl>#icon-1820-097138-labelson</styleUrl>
        <Point>
          <coordinates>
            -74.9627954,39.8882388,0
          </coordinates>
        </Point>
      </Placemark>
      <Placemark>
        <name>Heather McCooey
</name>
        <description>https://www.psychologytoday.com/us/therapists/heather-mccooey-manasquan-nj/883750</description>
        <styleUrl>#icon-1820-097138-labelson</styleUrl>
        <Point>
          <coordinates>
            -74.0711359,40.1267952,0
          </coordinates>
        </Point>
      </Placemark>
      <Placemark>
        <name>Lisa M. Dittman
</name>
        <description>https://www.psychologytoday.com/us/therapists/lisa-m-dittman-manasquan-nj/782531</description>
        <styleUrl>#icon-1820-097138-labelson</styleUrl>
        <Point>
          <coordinates>
            -74.0694325,40.1296821,0
          </coordinates>
        </Point>
      </Placemark>
      <Placemark>
        <name>Anastasia DeBough
</name>
        <description>https://www.psychologytoday.com/us/therapists/anastasia-debough-lcsw-cctp-bordentown-nj/1301413</description>
        <styleUrl>#icon-1820-097138-labelson</styleUrl>
        <Point>
          <coordinates>
            -74.7116505,40.1451205,0
          </coordinates>
        </Point>
      </Placemark>
      <Placemark>
        <name>Judy Martin Trexler @ Center for Personal and Family Growth
</name>
        <description>https://www.psychologytoday.com/us/therapists/judy-martin-trexler-valdosta-ga/105026</description>
        <styleUrl>#icon-1820-097138-labelson</styleUrl>
        <Point>
          <coordinates>
            -83.3468784,30.87419,0
          </coordinates>
        </Point>
      </Placemark>
      <Placemark>
        <name>Angie Luttrell
</name>
        <description>https://www.psychologytoday.com/us/therapists/angie-luttrell-tifton-ga/901075</description>
        <styleUrl>#icon-1820-097138-labelson</styleUrl>
        <Point>
          <coordinates>
            -83.4856913,31.4400847,0
          </coordinates>
        </Point>
      </Placemark>
      <Placemark>
        <name>Kathy Green
</name>
        <description>https://www.psychologytoday.com/us/therapists/kathy-green-nampa-id/326687</description>
        <styleUrl>#icon-1820-097138-labelson</styleUrl>
        <Point>
          <coordinates>
            -116.589439,43.4891372,0
          </coordinates>
        </Point>
      </Placemark>
      <Placemark>
        <name>Charlie Health
</name>
        <description>https://www.psychologytoday.com/us/therapists/charlie-health-boise-id/962199</description>
        <styleUrl>#icon-1820-097138-labelson</styleUrl>
        <Point>
          <coordinates>
            -116.2863998,43.6320897,0
          </coordinates>
        </Point>
      </Placemark>
      <Placemark>
        <name>Brandy Baumgart @ New Beginnings Counseling
</name>
        <description>https://www.psychologytoday.com/us/therapists/brandy-baumgart-omaha-ne/896015</description>
        <styleUrl>#icon-1820-097138-labelson</styleUrl>
        <Point>
          <coordinates>
            -96.1155932,41.2340369,0
          </coordinates>
        </Point>
      </Placemark>
      <Placemark>
        <name>Gina Lynn Anderson @ New Beginnings Counseling
</name>
        <description>https://www.psychologytoday.com/us/therapists/gina-lynn-anderson-omaha-ne/1036199</description>
        <styleUrl>#icon-1820-097138-labelson</styleUrl>
        <Point>
          <coordinates>
            -96.2004383,41.2395091,0
          </coordinates>
        </Point>
      </Placemark>
      <Placemark>
        <name>Pureheart Psychotherapy
</name>
        <description>https://www.psychologytoday.com/us/therapists/melba-natasha-sanchez-dixon-martinsburg-wv/360837</description>
        <styleUrl>#icon-1820-097138-labelson</styleUrl>
        <Point>
          <coordinates>
            -95.9647536,41.2644695,0
          </coordinates>
        </Point>
      </Placemark>
      <Placemark>
        <name>Charlie Health
</name>
        <description>https://www.psychologytoday.com/us/therapists/charlie-health-sunrise-fl/1041414</description>
        <styleUrl>#icon-1820-097138-labelson</styleUrl>
        <Point>
          <coordinates>
            -80.3101684,26.1512497,0
          </coordinates>
        </Point>
      </Placemark>
      <Placemark>
        <name>Jean Dievendorf @ Limitless Growth Counseling
</name>
        <description>https://www.psychologytoday.com/us/therapists/jean-dievendorf-palm-bay-fl/396839</description>
        <styleUrl>#icon-1820-097138-labelson</styleUrl>
        <Point>
          <coordinates>
            -80.6437906,27.8990653,0
          </coordinates>
        </Point>
      </Placemark>
      <Placemark>
        <name>Jean Dievendorf @ Limitless Growth Counseling
</name>
        <description>https://www.psychologytoday.com/us/therapists/jean-dievendorf-palm-bay-fl/396839</description>
        <styleUrl>#icon-1820-097138-labelson</styleUrl>
        <Point>
          <coordinates>
            -80.1596041,26.0181766,0
          </coordinates>
        </Point>
      </Placemark>
      <Placemark>
        <name>Dr. Robin Hale
</name>
        <description>https://www.psychologytoday.com/us/therapists/robin-hale-avon-lake-oh/199276</description>
        <styleUrl>#icon-1820-097138-labelson</styleUrl>
        <Point>
          <coordinates>
            -81.1747498,28.5374094,0
          </coordinates>
        </Point>
      </Placemark>
      <Placemark>
        <name>Bryan Lyman
</name>
        <description>https://www.psychologytoday.com/us/therapists/bryan-lyman-colorado-springs-co/1329548</description>
        <styleUrl>#icon-1820-097138-labelson</styleUrl>
        <Point>
          <coordinates>
            -104.8512993,38.8163486,0
          </coordinates>
        </Point>
      </Placemark>
      <Placemark>
        <name>Zaena D. (Flores) Isaac
</name>
        <description>https://www.psychologytoday.com/us/therapists/zaena-d-flores-isaac-colorado-springs-co/377869</description>
        <styleUrl>#icon-1820-097138-labelson</styleUrl>
        <Point>
          <coordinates>
            -104.8746508,38.8644663,0
          </coordinates>
        </Point>
      </Placemark>
      <Placemark>
        <name>Zaena D. (Flores) Isaac
</name>
        <description>https://www.psychologytoday.com/us/therapists/zaena-d-flores-isaac-colorado-springs-co/377869</description>
        <styleUrl>#icon-1820-097138-labelson</styleUrl>
        <Point>
          <coordinates>
            -120.3896651,34.6425797,0
          </coordinates>
        </Point>
      </Placemark>
      <Placemark>
        <name>Laura Padilla
</name>
        <description>https://www.psychologytoday.com/us/therapists/laura-padilla-newport-news-va/1118779</description>
        <styleUrl>#icon-1820-097138-labelson</styleUrl>
        <Point>
          <coordinates>
            -76.514138,37.0672839,0
          </coordinates>
        </Point>
      </Placemark>
      <Placemark>
        <name>Lisa Panzarella
</name>
        <description>https://www.psychologytoday.com/us/therapists/lisa-a-panzarella-denver-co/1325382</description>
        <styleUrl>#icon-1820-097138-labelson</styleUrl>
        <Point>
          <coordinates>
            -105.0002242,39.7541032,0
          </coordinates>
        </Point>
      </Placemark>
      <Placemark>
        <name>Morrisa VanDyke
</name>
        <description>https://www.psychologytoday.com/us/therapists/morrisa-vandyke-colorado-springs-co/275562</description>
        <styleUrl>#icon-1820-097138-labelson</styleUrl>
        <Point>
          <coordinates>
            -104.7812654,38.8560908,0
          </coordinates>
        </Point>
      </Placemark>
      <Placemark>
        <name>Odyessey Webb
</name>
        <description>https://www.psychologytoday.com/us/therapists/odyessey-webb-pllc-hope-mills-nc/1319858</description>
        <styleUrl>#icon-1820-097138-labelson</styleUrl>
        <Point>
          <coordinates>
            -78.9175088,34.9155618,0
          </coordinates>
        </Point>
      </Placemark>
      <Placemark>
        <name>Stephanie Moore Anderton
</name>
        <description>https://www.psychologytoday.com/us/therapists/stephanie-moore-anderton-fayetteville-nc/882280</description>
        <styleUrl>#icon-1820-097138-labelson</styleUrl>
        <Point>
          <coordinates>
            -78.9627624,35.0938365,0
          </coordinates>
        </Point>
      </Placemark>
      <Placemark>
        <name>Jessica Cramer
</name>
        <description>https://www.psychologytoday.com/us/therapists/jessica-cramer-hampstead-nc/1381961</description>
        <styleUrl>#icon-1820-097138-labelson</styleUrl>
        <Point>
          <coordinates>
            -77.6765184,34.4353406,0
          </coordinates>
        </Point>
      </Placemark>
      <Placemark>
        <name>James T. Dowling
</name>
        <description>https://www.psychologytoday.com/us/therapists/james-t-dowling-savannah-ga/467215</description>
        <styleUrl>#icon-1820-097138-labelson</styleUrl>
        <Point>
          <coordinates>
            -81.1747498,32.0371137,0
          </coordinates>
        </Point>
      </Placemark>
      <Placemark>
        <name>Mike McNulty
</name>
        <description>https://www.psychologytoday.com/us/therapists/mike-mcnulty-roswell-ga/83753</description>
        <styleUrl>#icon-1820-097138-labelson</styleUrl>
        <Point>
          <coordinates>
            -84.3436881,34.0567006,0
          </coordinates>
        </Point>
      </Placemark>
      <Placemark>
        <name>Yvonne A Strohl
</name>
        <description>https://www.psychologytoday.com/us/therapists/yvonne-a-strohl-atlanta-ga/218062</description>
        <styleUrl>#icon-1820-097138-labelson</styleUrl>
        <Point>
          <coordinates>
            -84.3726049,33.7717008,0
          </coordinates>
        </Point>
      </Placemark>
      <Placemark>
        <name>Cuna Wellness Center
</name>
        <description>https://www.psychologytoday.com/us/therapists/cuna-wellness-center-lowell-ma/753031</description>
        <styleUrl>#icon-1820-097138-labelson</styleUrl>
        <Point>
          <coordinates>
            -83.8979573,33.9887165,0
          </coordinates>
        </Point>
      </Placemark>
      <Placemark>
        <name>Dr. Kerene T Brown
</name>
        <description>https://www.psychologytoday.com/us/therapists/kerene-t-brown-atlanta-ga/859520</description>
        <styleUrl>#icon-1820-097138-labelson</styleUrl>
        <Point>
          <coordinates>
            -84.3857442,33.6580771,0
          </coordinates>
        </Point>
      </Placemark>
      <Placemark>
        <name>Christopher Schinler @ Progressive Life Counseling, LLC
</name>
        <description>https://www.psychologytoday.com/us/therapists/christopher-schinler-belleville-il/1335311</description>
        <styleUrl>#icon-1820-097138-labelson</styleUrl>
        <Point>
          <coordinates>
            -87.7007462,41.9500775,0
          </coordinates>
        </Point>
      </Placemark>
      <Placemark>
        <name>Christopher Schinler @ Progressive Life Counseling, LLC
</name>
        <description>https://www.psychologytoday.com/us/therapists/christopher-schinler-belleville-il/1335311</description>
        <styleUrl>#icon-1820-097138-labelson</styleUrl>
        <Point>
          <coordinates>
            -89.9839935,38.5200504,0
          </coordinates>
        </Point>
      </Placemark>
      <Placemark>
        <name>Joshua Boyd @ Progressive Life Counseling, LLC
</name>
        <description>https://www.psychologytoday.com/us/therapists/joshua-boyd-belleville-il/1042068</description>
        <styleUrl>#icon-1820-097138-labelson</styleUrl>
        <Point>
          <coordinates>
            -89.9999702,38.5368085,0
          </coordinates>
        </Point>
      </Placemark>
      <Placemark>
        <name>Joshua Boyd @ Progressive Life Counseling, LLC
</name>
        <description>https://www.psychologytoday.com/us/therapists/joshua-boyd-belleville-il/1042068</description>
        <styleUrl>#icon-1820-097138-labelson</styleUrl>
        <Point>
          <coordinates>
            -87.7074089,41.9464283,0
          </coordinates>
        </Point>
      </Placemark>
      <Placemark>
        <name>Tiffany Clapp @ Progressive Life Counseling
</name>
        <description>https://www.psychologytoday.com/us/therapists/tiffany-clapp-fairview-heights-il/987024</description>
        <styleUrl>#icon-1820-097138-labelson</styleUrl>
        <Point>
          <coordinates>
            -89.990382,38.5889386,0
          </coordinates>
        </Point>
      </Placemark>
      <Placemark>
        <name>Tiffany Clapp @ Progressive Life Counseling LLC
</name>
        <description>https://www.psychologytoday.com/us/therapists/tiffany-clapp-fairview-heights-il/987024</description>
        <styleUrl>#icon-1820-097138-labelson</styleUrl>
        <Point>
          <coordinates>
            -87.7123355,41.7727709,0
          </coordinates>
        </Point>
      </Placemark>
      <Placemark>
        <name>Elaine Flockerzi @ Progressive Life Counseling LLC
</name>
        <description>https://www.psychologytoday.com/us/therapists/elaine-flockerzi-belleville-il/1304224</description>
        <styleUrl>#icon-1820-097138-labelson</styleUrl>
        <Point>
          <coordinates>
            -89.9996269,38.5239169,0
          </coordinates>
        </Point>
      </Placemark>
      <Placemark>
        <name>Elaine Flockerzi @ Progressive Life Counseling
</name>
        <description>https://www.psychologytoday.com/us/therapists/elaine-flockerzi-belleville-il/1304224</description>
        <styleUrl>#icon-1820-097138-labelson</styleUrl>
        <Point>
          <coordinates>
            -87.718084,41.9547372,0
          </coordinates>
        </Point>
      </Placemark>
      <Placemark>
        <name>Steffanie Meyer @ Progressive Life Counseling
</name>
        <description>https://www.psychologytoday.com/us/therapists/steffanie-meyer-belleville-il/1055193</description>
        <styleUrl>#icon-1820-097138-labelson</styleUrl>
        <Point>
          <coordinates>
            -87.7043511,41.9590775,0
          </coordinates>
        </Point>
      </Placemark>
      <Placemark>
        <name>Frank Overton
</name>
        <description>https://www.psychologytoday.com/us/therapists/frank-overton-hillsborough-nc/954678</description>
        <styleUrl>#icon-1820-097138-labelson</styleUrl>
        <Point>
          <coordinates>
            -79.0871005,36.0887108,0
          </coordinates>
        </Point>
      </Placemark>
      <Placemark>
        <name>Jennifer Witkowski @ Black River Health Services</name>
        <description>https://www.psychologytoday.com/us/therapists/jennifer-witkowski-burgaw-nc/93712</description>
        <styleUrl>#icon-1820-097138-labelson</styleUrl>
        <Point>
          <coordinates>
            -78.1710277,34.5273152,0
          </coordinates>
        </Point>
      </Placemark>
      <Placemark>
        <name>Jennifer Witkowski @ Black River Health
</name>
        <description>https://www.psychologytoday.com/us/therapists/jennifer-witkowski-burgaw-nc/93712</description>
        <styleUrl>#icon-1820-097138-labelson</styleUrl>
        <Point>
          <coordinates>
            -77.9215156,34.549617,0
          </coordinates>
        </Point>
      </Placemark>
      <Placemark>
        <name>Joanna Hedin @ Mental Playbook Counseling
</name>
        <description>https://www.psychologytoday.com/us/therapists/joanna-hedin-orlando/376657</description>
        <styleUrl>#icon-1820-097138-labelson</styleUrl>
        <Point>
          <coordinates>
            -81.4246931,28.6235111,0
          </coordinates>
        </Point>
      </Placemark>
      <Placemark>
        <name>Joanna Hedin
</name>
        <description>https://www.psychologytoday.com/us/therapists/joanna-hedin-orlando/376657</description>
        <styleUrl>#icon-1820-097138-labelson</styleUrl>
        <Point>
          <coordinates>
            -80.110762,33.0843712,0
          </coordinates>
        </Point>
      </Placemark>
      <Placemark>
        <name>Palmetto Center for Change, LLC</name>
        <description>https://www.psychologytoday.com/us/therapists/palmetto-center-for-change-llc-west-columbia-sc/272515</description>
        <styleUrl>#icon-1820-097138-labelson</styleUrl>
        <Point>
          <coordinates>
            -81.0931582,33.9986108,0
          </coordinates>
        </Point>
      </Placemark>
      <Placemark>
        <name>Kevin P. Daniels
</name>
        <description>https://www.psychologytoday.com/us/therapists/kevin-p-daniels-columbia-sc/1183462</description>
        <styleUrl>#icon-1820-097138-labelson</styleUrl>
        <Point>
          <coordinates>
            -75.5975296,39.1850643,0
          </coordinates>
        </Point>
      </Placemark>
      <Placemark>
        <name>Creative Consultant Counseling Agency
</name>
        <description>https://www.psychologytoday.com/us/therapists/creative-consultant-counseling-agency-inc-oklahoma-city-ok/285769</description>
        <styleUrl>#icon-1820-097138-labelson</styleUrl>
        <Point>
          <coordinates>
            -97.5518056,35.5424793,0
          </coordinates>
        </Point>
      </Placemark>
      <Placemark>
        <name>Stacey L Reynolds
</name>
        <description>https://www.psychologytoday.com/us/therapists/stacey-l-reynolds-bethesda-md/420076</description>
        <styleUrl>#icon-1820-097138-labelson</styleUrl>
        <Point>
          <coordinates>
            -97.4977323,35.5697003,0
          </coordinates>
        </Point>
      </Placemark>
      <Placemark>
        <name>Stacey L Reynolds
</name>
        <description>https://www.psychologytoday.com/us/therapists/stacey-l-reynolds-bethesda-md/420076</description>
        <styleUrl>#icon-1820-097138-labelson</styleUrl>
        <Point>
          <coordinates>
            -77.1197521,38.9516143,0
          </coordinates>
        </Point>
      </Placemark>
      <Placemark>
        <name>Stacey L Reynolds
</name>
        <description>https://www.psychologytoday.com/us/therapists/stacey-l-reynolds-bethesda-md/420076</description>
        <styleUrl>#icon-1820-097138-labelson</styleUrl>
        <Point>
          <coordinates>
            -77.0506896,38.7999723,0
          </coordinates>
        </Point>
      </Placemark>
      <Placemark>
        <name>Messina Basta
</name>
        <description>https://www.psychologytoday.com/us/therapists/messina-basta-sacramento-ca/1271212</description>
        <styleUrl>#icon-1820-097138-labelson</styleUrl>
        <Point>
          <coordinates>
            -121.4604435,38.5754061,0
          </coordinates>
        </Point>
      </Placemark>
      <Placemark>
        <name>Erin Martin
</name>
        <description>https://www.psychologytoday.com/us/therapists/erin-martin-santa-rosa-ca/880130</description>
        <styleUrl>#icon-1820-097138-labelson</styleUrl>
        <Point>
          <coordinates>
            -122.0549696,38.2935784,0
          </coordinates>
        </Point>
      </Placemark>
      <Placemark>
        <name>Erin Martin
</name>
        <description>https://www.psychologytoday.com/us/therapists/erin-martin-santa-rosa-ca/880130</description>
        <styleUrl>#icon-1820-097138-labelson</styleUrl>
        <Point>
          <coordinates>
            -122.7520139,38.4739555,0
          </coordinates>
        </Point>
      </Placemark>
      <Placemark>
        <name>Theresa Orosco
</name>
        <description>https://www.psychologytoday.com/us/therapists/theresa-orosco-vallejo-ca/1322930</description>
        <styleUrl>#icon-1820-097138-labelson</styleUrl>
        <Point>
          <coordinates>
            -122.2483726,38.1052454,0
          </coordinates>
        </Point>
      </Placemark>
      <Placemark>
        <name>Theresa Orosco
</name>
        <description>https://www.psychologytoday.com/us/therapists/theresa-orosco-vallejo-ca/1322930</description>
        <styleUrl>#icon-1820-097138-labelson</styleUrl>
        <Point>
          <coordinates>
            -120.8498944,38.7370339,0
          </coordinates>
        </Point>
      </Placemark>
      <Placemark>
        <name>MJ Klimenko
</name>
        <description>https://www.psychologytoday.com/us/therapists/mj-klimenko-mft-lpcc-cht-vallejo-ca/45052</description>
        <styleUrl>#icon-1820-097138-labelson</styleUrl>
        <Point>
          <coordinates>
            -122.1980074,38.120235,0
          </coordinates>
        </Point>
      </Placemark>
      <Placemark>
        <name><![CDATA[Monique Darnell @ MRD&CA Solutions]]></name>
        <description>https://www.psychologytoday.com/us/therapists/monique-darnell-fayetteville-ga/460749</description>
        <styleUrl>#icon-1820-097138-labelson</styleUrl>
        <Point>
          <coordinates>
            -84.4616073,33.4482115,0
          </coordinates>
        </Point>
      </Placemark>
      <Placemark>
        <name>Casey Becker @ Azure Skies Coaching</name>
        <description>https://www.psychologytoday.com/us/therapists/casey-becker-gulf-breeze-fl/198296</description>
        <styleUrl>#icon-1820-097138-labelson</styleUrl>
        <Point>
          <coordinates>
            -87.1090621,30.3838762,0
          </coordinates>
        </Point>
      </Placemark>
      <Placemark>
        <name>Craig Lampkin</name>
        <description>https://www.psychologytoday.com/us/therapists/craig-lampkin-tallahassee-fl/716457</description>
        <styleUrl>#icon-1820-097138-labelson</styleUrl>
        <Point>
          <coordinates>
            -84.2691952,30.4421083,0
          </coordinates>
        </Point>
      </Placemark>
      <Placemark>
        <name>Michelle Williams
</name>
        <description>https://www.psychologytoday.com/us/therapists/michelle-williams-camarillo-ca/302774</description>
        <styleUrl>#icon-1820-097138-labelson</styleUrl>
        <Point>
          <coordinates>
            -119.0376023,34.2163937,0
          </coordinates>
        </Point>
      </Placemark>
      <Placemark>
        <name><![CDATA[Chris Robinson @ Meford, Vuagniaux, & Associates
]]></name>
        <description>https://www.psychologytoday.com/us/therapists/chris-robinson-sedalia-mo/280604</description>
        <styleUrl>#icon-1820-097138-labelson</styleUrl>
        <Point>
          <coordinates>
            -93.2282613,38.7044609,0
          </coordinates>
        </Point>
      </Placemark>
      <Placemark>
        <name>Tausha Taylor @ Tailored Counseling
</name>
        <description>https://www.psychologytoday.com/us/therapists/tausha-taylor-saint-joseph-mo/173919</description>
        <styleUrl>#icon-1820-097138-labelson</styleUrl>
        <Point>
          <coordinates>
            -94.8048154,39.7998406,0
          </coordinates>
        </Point>
      </Placemark>
      <Placemark>
        <name>Tausha Taylor @ Tailored Counseling
</name>
        <description>https://www.psychologytoday.com/us/therapists/tausha-taylor-saint-joseph-mo/173919</description>
        <styleUrl>#icon-1820-097138-labelson</styleUrl>
        <Point>
          <coordinates>
            -94.6812086,38.9930421,0
          </coordinates>
        </Point>
      </Placemark>
      <Placemark>
        <name>Kathy Alagna
</name>
        <description>https://www.psychologytoday.com/us/therapists/kathy-alagna-kansas-city-mo/702822</description>
        <styleUrl>#icon-1820-097138-labelson</styleUrl>
        <Point>
          <coordinates>
            -94.5727598,39.1584696,0
          </coordinates>
        </Point>
      </Placemark>
      <Placemark>
        <name>Charlie Health
</name>
        <description>https://www.psychologytoday.com/us/therapists/charlie-health-independence-mo/1324689</description>
        <styleUrl>#icon-1820-097138-labelson</styleUrl>
        <Point>
          <coordinates>
            -94.4412369,39.1174846,0
          </coordinates>
        </Point>
      </Placemark>
      <Placemark>
        <name>Whitney B. Ide
</name>
        <description>https://www.psychologytoday.com/us/therapists/whitney-b-ide-counseling-llc-saint-joseph-mo/121223</description>
        <styleUrl>#icon-1820-097138-labelson</styleUrl>
        <Point>
          <coordinates>
            -94.6080719,38.9552419,0
          </coordinates>
        </Point>
      </Placemark>
      <Placemark>
        <name>Candiss Williams
</name>
        <description>https://www.psychologytoday.com/us/therapists/candiss-williams-san-antonio-tx/183759</description>
        <styleUrl>#icon-1820-097138-labelson</styleUrl>
        <Point>
          <coordinates>
            -94.5873009,38.9704581,0
          </coordinates>
        </Point>
      </Placemark>
      <Placemark>
        <name>Candiss Williams
</name>
        <description>https://www.psychologytoday.com/us/therapists/candiss-williams-san-antonio-tx/183759</description>
        <styleUrl>#icon-1820-097138-labelson</styleUrl>
        <Point>
          <coordinates>
            -98.5171802,29.6883303,0
          </coordinates>
        </Point>
      </Placemark>
      <Placemark>
        <name>Rachel Kay Kingswood
</name>
        <description>https://www.psychologytoday.com/us/therapists/rachel-kay-kingswood-cleveland-heights-oh/1100206</description>
        <styleUrl>#icon-1820-097138-labelson</styleUrl>
        <Point>
          <coordinates>
            -84.1751648,39.6400784,0
          </coordinates>
        </Point>
      </Placemark>
      <Placemark>
        <name>Rachel Kay Kingswood
</name>
        <description>https://www.psychologytoday.com/us/therapists/rachel-kay-kingswood-cleveland-heights-oh/1100206</description>
        <styleUrl>#icon-1820-097138-labelson</styleUrl>
        <Point>
          <coordinates>
            -81.556235,41.5200518,0
          </coordinates>
        </Point>
      </Placemark>
    </Folder>
    <Folder>
      <name>US Army Installations</name>
      <Placemark>
        <name>Anniston Army Depot</name>
        <styleUrl>#icon-1502-097138-labelson-nodesc</styleUrl>
        <Point>
          <coordinates>
            -85.9675883,33.6241462,0
          </coordinates>
        </Point>
      </Placemark>
      <Placemark>
        <name>Fort Novosel</name>
        <styleUrl>#icon-1502-097138-labelson-nodesc</styleUrl>
        <Point>
          <coordinates>
            -85.7153754,31.3400515,0
          </coordinates>
        </Point>
      </Placemark>
      <Placemark>
        <name>Redstone Arsenal</name>
        <styleUrl>#icon-1502-097138-labelson-nodesc</styleUrl>
        <Point>
          <coordinates>
            -86.6510329,34.6950842,0
          </coordinates>
        </Point>
      </Placemark>
      <Placemark>
        <name>Fort Greely</name>
        <styleUrl>#icon-1502-097138-labelson-nodesc</styleUrl>
        <Point>
          <coordinates>
            -145.7423899,63.9799907,0
          </coordinates>
        </Point>
      </Placemark>
      <Placemark>
        <name>Fort Wainwright</name>
        <styleUrl>#icon-1502-097138-labelson-nodesc</styleUrl>
        <Point>
          <coordinates>
            -147.6429151,64.8277871,0
          </coordinates>
        </Point>
      </Placemark>
      <Placemark>
        <name>Fort Huachuca</name>
        <styleUrl>#icon-1502-097138-labelson-nodesc</styleUrl>
        <Point>
          <coordinates>
            -110.3499216,31.5552157,0
          </coordinates>
        </Point>
      </Placemark>
      <Placemark>
        <name>Pine Bluff Arsenal - Plainview Gate</name>
        <styleUrl>#icon-1502-097138-labelson-nodesc</styleUrl>
        <Point>
          <coordinates>
            -92.0856141,34.302516,0
          </coordinates>
        </Point>
      </Placemark>
      <Placemark>
        <name>Fort Hunter Liggett</name>
        <styleUrl>#icon-1502-097138-labelson-nodesc</styleUrl>
        <Point>
          <coordinates>
            -121.2389886,36.0029414,0
          </coordinates>
        </Point>
      </Placemark>
      <Placemark>
        <name>Fort Irwin</name>
        <styleUrl>#icon-1502-097138-labelson-nodesc</styleUrl>
        <Point>
          <coordinates>
            -116.6846351,35.2628402,0
          </coordinates>
        </Point>
      </Placemark>
      <Placemark>
        <name>Joint Forces Training Base Los Alamitos</name>
        <styleUrl>#icon-1502-097138-labelson-nodesc</styleUrl>
        <Point>
          <coordinates>
            -118.0545088,33.7967109,0
          </coordinates>
        </Point>
      </Placemark>
      <Placemark>
        <name>Military Ocean Terminal Concord</name>
        <styleUrl>#icon-1502-097138-labelson-nodesc</styleUrl>
        <Point>
          <coordinates>
            -122.026302,38.0196327,0
          </coordinates>
        </Point>
      </Placemark>
      <Placemark>
        <name>U.S Army Camp Parks</name>
        <styleUrl>#icon-1502-097138-labelson-nodesc</styleUrl>
        <Point>
          <coordinates>
            -121.9086906,37.7154026,0
          </coordinates>
        </Point>
      </Placemark>
      <Placemark>
        <name>Presidio of Monterey</name>
        <styleUrl>#icon-1502-097138-labelson-nodesc</styleUrl>
        <Point>
          <coordinates>
            -121.9116686,36.6053401,0
          </coordinates>
        </Point>
      </Placemark>
      <Placemark>
        <name>Fort Carson</name>
        <styleUrl>#icon-1502-097138-labelson-nodesc</styleUrl>
        <Point>
          <coordinates>
            -104.7888615,38.7374943,0
          </coordinates>
        </Point>
      </Placemark>
      <Placemark>
        <name>Pueblo Army Depot</name>
        <styleUrl>#icon-1502-097138-labelson-nodesc</styleUrl>
        <Point>
          <coordinates>
            -104.3559158,38.3293716,0
          </coordinates>
        </Point>
      </Placemark>
      <Placemark>
        <name>Fort Lesley J. McNair</name>
        <styleUrl>#icon-1502-097138-labelson-nodesc</styleUrl>
        <Point>
          <coordinates>
            -77.0138871,38.8682702,0
          </coordinates>
        </Point>
      </Placemark>
      <Placemark>
        <name>Fort Eisenhower</name>
        <styleUrl>#icon-1502-097138-labelson-nodesc</styleUrl>
        <Point>
          <coordinates>
            -82.1381443,33.4160658,0
          </coordinates>
        </Point>
      </Placemark>
      <Placemark>
        <name>Fort Moore</name>
        <styleUrl>#icon-1502-097138-labelson-nodesc</styleUrl>
        <Point>
          <coordinates>
            -84.9552211,32.3530561,0
          </coordinates>
        </Point>
      </Placemark>
      <Placemark>
        <name>Fort Stewart</name>
        <styleUrl>#icon-1502-097138-labelson-nodesc</styleUrl>
        <Point>
          <coordinates>
            -81.6089873,31.8690667,0
          </coordinates>
        </Point>
      </Placemark>
      <Placemark>
        <name>Hunter Army Air Field</name>
        <styleUrl>#icon-1502-097138-labelson-nodesc</styleUrl>
        <Point>
          <coordinates>
            -81.1268472,32.0284745,0
          </coordinates>
        </Point>
      </Placemark>
      <Placemark>
        <name>Fort Shafter</name>
        <styleUrl>#icon-1502-097138-labelson-nodesc</styleUrl>
        <Point>
          <coordinates>
            -157.8843911,21.3451533,0
          </coordinates>
        </Point>
      </Placemark>
      <Placemark>
        <name>Schofield Barracks</name>
        <styleUrl>#icon-1502-097138-labelson-nodesc</styleUrl>
        <Point>
          <coordinates>
            -158.0629257,21.4951579,0
          </coordinates>
        </Point>
      </Placemark>
      <Placemark>
        <name>Tripler Army Medical Center</name>
        <styleUrl>#icon-1502-097138-labelson-nodesc</styleUrl>
        <Point>
          <coordinates>
            -157.8894993,21.36022,0
          </coordinates>
        </Point>
      </Placemark>
      <Placemark>
        <name>Wheeler Army Airfield</name>
        <styleUrl>#icon-1502-097138-labelson-nodesc</styleUrl>
        <Point>
          <coordinates>
            -158.0386765,21.4846649,0
          </coordinates>
        </Point>
      </Placemark>
      <Placemark>
        <name>Rock Island Arsenal</name>
        <styleUrl>#icon-1502-097138-labelson-nodesc</styleUrl>
        <Point>
          <coordinates>
            -90.5472089,41.5177801,0
          </coordinates>
        </Point>
      </Placemark>
      <Placemark>
        <name>Fort Benjamin Harrison ID Card Office</name>
        <styleUrl>#icon-1502-097138-labelson-nodesc</styleUrl>
        <Point>
          <coordinates>
            -86.0145231,39.852663,0
          </coordinates>
        </Point>
      </Placemark>
      <Placemark>
        <name>Camp Dodge</name>
        <styleUrl>#icon-1502-097138-labelson-nodesc</styleUrl>
        <Point>
          <coordinates>
            -93.7119599,41.688482,0
          </coordinates>
        </Point>
      </Placemark>
      <Placemark>
        <name>Fort Leavenworth</name>
        <styleUrl>#icon-1502-097138-labelson-nodesc</styleUrl>
        <Point>
          <coordinates>
            -94.9222099,39.3527829,0
          </coordinates>
        </Point>
      </Placemark>
      <Placemark>
        <name>Fort Riley</name>
        <styleUrl>#icon-1502-097138-labelson-nodesc</styleUrl>
        <Point>
          <coordinates>
            -96.813939,39.088346,0
          </coordinates>
        </Point>
      </Placemark>
      <Placemark>
        <name>Fort Campbell</name>
        <styleUrl>#icon-1502-097138-labelson-nodesc</styleUrl>
        <Point>
          <coordinates>
            -87.4773902,36.6634467,0
          </coordinates>
        </Point>
      </Placemark>
      <Placemark>
        <name>Fort Knox</name>
        <styleUrl>#icon-1502-097138-labelson-nodesc</styleUrl>
        <Point>
          <coordinates>
            -85.9652686,37.8836637,0
          </coordinates>
        </Point>
      </Placemark>
      <Placemark>
        <name>Fort Johson North</name>
        <styleUrl>#icon-1502-097138-labelson-nodesc</styleUrl>
        <Point>
          <coordinates>
            -93.1880083,31.0974111,0
          </coordinates>
        </Point>
      </Placemark>
      <Placemark>
        <name>Fort Detrick</name>
        <styleUrl>#icon-1502-097138-labelson-nodesc</styleUrl>
        <Point>
          <coordinates>
            -77.4286011,39.4347477,0
          </coordinates>
        </Point>
      </Placemark>
      <Placemark>
        <name>Fort Meade</name>
        <styleUrl>#icon-1502-097138-labelson-nodesc</styleUrl>
        <Point>
          <coordinates>
            -76.7342399,39.1042635,0
          </coordinates>
        </Point>
      </Placemark>
      <Placemark>
        <name>Camp Shelby</name>
        <styleUrl>#icon-1502-097138-labelson-nodesc</styleUrl>
        <Point>
          <coordinates>
            -89.190856,31.1987019,0
          </coordinates>
        </Point>
      </Placemark>
      <Placemark>
        <name>Fort Leonard Wood</name>
        <styleUrl>#icon-1502-097138-labelson-nodesc</styleUrl>
        <Point>
          <coordinates>
            -92.1646722,37.7252315,0
          </coordinates>
        </Point>
      </Placemark>
      <Placemark>
        <name>Fort Dix</name>
        <styleUrl>#icon-1502-097138-labelson-nodesc</styleUrl>
        <Point>
          <coordinates>
            -74.61849,40.0298354,0
          </coordinates>
        </Point>
      </Placemark>
      <Placemark>
        <name>White Sands Missile Range</name>
        <styleUrl>#icon-1502-097138-labelson-nodesc</styleUrl>
        <Point>
          <coordinates>
            -106.4196598,32.943896,0
          </coordinates>
        </Point>
      </Placemark>
      <Placemark>
        <name>Fort Drum</name>
        <styleUrl>#icon-1502-097138-labelson-nodesc</styleUrl>
        <Point>
          <coordinates>
            -75.7487779,44.0580482,0
          </coordinates>
        </Point>
      </Placemark>
      <Placemark>
        <name>Fort Hamilton</name>
        <styleUrl>#icon-1502-097138-labelson-nodesc</styleUrl>
        <Point>
          <coordinates>
            -74.0285434,40.6094454,0
          </coordinates>
        </Point>
      </Placemark>
      <Placemark>
        <name>United States Military Academy</name>
        <styleUrl>#icon-1502-097138-labelson-nodesc</styleUrl>
        <Point>
          <coordinates>
            -73.9571073,41.3889095,0
          </coordinates>
        </Point>
      </Placemark>
      <Placemark>
        <name>Camp Davis Entrance Road</name>
        <styleUrl>#icon-1502-097138-labelson-nodesc</styleUrl>
        <Point>
          <coordinates>
            -77.5458792,34.505605,0
          </coordinates>
        </Point>
      </Placemark>
      <Placemark>
        <name>Mackall Army Air Field (MAAF)</name>
        <styleUrl>#icon-1502-097138-labelson-nodesc</styleUrl>
        <Point>
          <coordinates>
            -79.4890441,35.0327301,0
          </coordinates>
        </Point>
      </Placemark>
      <Placemark>
        <name>Fort Liberty</name>
        <styleUrl>#icon-1502-097138-labelson-nodesc</styleUrl>
        <Point>
          <coordinates>
            -79.0051756,35.139417,0
          </coordinates>
        </Point>
      </Placemark>
      <Placemark>
        <name>Fort Sill</name>
        <styleUrl>#icon-1502-097138-labelson-nodesc</styleUrl>
        <Point>
          <coordinates>
            -98.4226287,34.6497113,0
          </coordinates>
        </Point>
      </Placemark>
      <Placemark>
        <name>Carlisle Barracks</name>
        <styleUrl>#icon-1502-097138-labelson-nodesc</styleUrl>
        <Point>
          <coordinates>
            -77.1740723,40.2111301,0
          </coordinates>
        </Point>
      </Placemark>
      <Placemark>
        <name>Letterkenny Army Depot</name>
        <styleUrl>#icon-1502-097138-labelson-nodesc</styleUrl>
        <Point>
          <coordinates>
            -77.6318969,39.9965133,0
          </coordinates>
        </Point>
      </Placemark>
      <Placemark>
        <name>Tobyhanna Army Depot</name>
        <styleUrl>#icon-1502-097138-labelson-nodesc</styleUrl>
        <Point>
          <coordinates>
            -75.429187,41.1859253,0
          </coordinates>
        </Point>
      </Placemark>
      <Placemark>
        <name>Fort Buchanan</name>
        <styleUrl>#icon-1502-097138-labelson-nodesc</styleUrl>
        <Point>
          <coordinates>
            -66.1206373,18.4143633,0
          </coordinates>
        </Point>
      </Placemark>
      <Placemark>
        <name>Fort Jackson MEPS</name>
        <styleUrl>#icon-1502-097138-labelson-nodesc</styleUrl>
        <Point>
          <coordinates>
            -80.9507406,33.9978512,0
          </coordinates>
        </Point>
      </Placemark>
      <Placemark>
        <name>Camp Bowie</name>
        <styleUrl>#icon-1502-097138-labelson-nodesc</styleUrl>
        <Point>
          <coordinates>
            -98.9578423,31.6581561,0
          </coordinates>
        </Point>
      </Placemark>
      <Placemark>
        <name>Camp Bullis</name>
        <styleUrl>#icon-1502-097138-labelson-nodesc</styleUrl>
        <Point>
          <coordinates>
            -98.581114,29.6376508,0
          </coordinates>
        </Point>
      </Placemark>
      <Placemark>
        <name>Camp Mabry</name>
        <styleUrl>#icon-1502-097138-labelson-nodesc</styleUrl>
        <Point>
          <coordinates>
            -97.7666194,30.3134263,0
          </coordinates>
        </Point>
      </Placemark>
      <Placemark>
        <name>Camp Maxey Training Site</name>
        <styleUrl>#icon-1502-097138-labelson-nodesc</styleUrl>
        <Point>
          <coordinates>
            -95.5350974,33.7816576,0
          </coordinates>
        </Point>
      </Placemark>
      <Placemark>
        <name>Camp Stanley</name>
        <styleUrl>#icon-1502-097138-labelson-nodesc</styleUrl>
        <Point>
          <coordinates>
            -98.6303426,29.6784432,0
          </coordinates>
        </Point>
      </Placemark>
      <Placemark>
        <name>Camp Swift</name>
        <styleUrl>#icon-1502-097138-labelson-nodesc</styleUrl>
        <Point>
          <coordinates>
            -97.2922144,30.19077,0
          </coordinates>
        </Point>
      </Placemark>
      <Placemark>
        <name>Fort Bliss</name>
        <styleUrl>#icon-1502-097138-labelson-nodesc</styleUrl>
        <Point>
          <coordinates>
            -106.4213208,31.812438,0
          </coordinates>
        </Point>
      </Placemark>
      <Placemark>
        <name>Fort Cavazos</name>
        <styleUrl>#icon-1502-097138-labelson-nodesc</styleUrl>
        <Point>
          <coordinates>
            -97.7797049,31.1363315,0
          </coordinates>
        </Point>
      </Placemark>
      <Placemark>
        <name>Fort Sam Houston</name>
        <styleUrl>#icon-1502-097138-labelson-nodesc</styleUrl>
        <Point>
          <coordinates>
            -98.4421735,29.4549745,0
          </coordinates>
        </Point>
      </Placemark>
      <Placemark>
        <name>Red River Army Depot</name>
        <styleUrl>#icon-1502-097138-labelson-nodesc</styleUrl>
        <Point>
          <coordinates>
            -94.3689727,33.4592857,0
          </coordinates>
        </Point>
      </Placemark>
      <Placemark>
        <name>Corpus Christi Army Depot</name>
        <styleUrl>#icon-1502-097138-labelson-nodesc</styleUrl>
        <Point>
          <coordinates>
            -97.2768498,27.6977701,0
          </coordinates>
        </Point>
      </Placemark>
      <Placemark>
        <name>Tooele Army Depot</name>
        <styleUrl>#icon-1502-097138-labelson-nodesc</styleUrl>
        <Point>
          <coordinates>
            -112.3341176,40.4995125,0
          </coordinates>
        </Point>
      </Placemark>
      <Placemark>
        <name>Fort Belvoir</name>
        <styleUrl>#icon-1502-097138-labelson-nodesc</styleUrl>
        <Point>
          <coordinates>
            -77.1542684,38.7188716,0
          </coordinates>
        </Point>
      </Placemark>
      <Placemark>
        <name>Fort Eustis</name>
        <styleUrl>#icon-1502-097138-labelson-nodesc</styleUrl>
        <Point>
          <coordinates>
            -76.5775744,37.1525136,0
          </coordinates>
        </Point>
      </Placemark>
      <Placemark>
        <name>Fort Gregg-Adams</name>
        <styleUrl>#icon-1502-097138-labelson-nodesc</styleUrl>
        <Point>
          <coordinates>
            -77.3359603,37.2485181,0
          </coordinates>
        </Point>
      </Placemark>
      <Placemark>
        <name>Fort Myer</name>
        <styleUrl>#icon-1502-097138-labelson-nodesc</styleUrl>
        <Point>
          <coordinates>
            -77.0810889,38.883541,0
          </coordinates>
        </Point>
      </Placemark>
      <Placemark>
        <name>Fort Walker</name>
        <styleUrl>#icon-1502-097138-labelson-nodesc</styleUrl>
        <Point>
          <coordinates>
            -77.3214193,38.0718289,0
          </coordinates>
        </Point>
      </Placemark>
      <Placemark>
        <name>National Ground Intelligence Center</name>
        <styleUrl>#icon-1502-097138-labelson-nodesc</styleUrl>
        <Point>
          <coordinates>
            -78.4130086,38.1577868,0
          </coordinates>
        </Point>
      </Placemark>
      <Placemark>
        <name>Fort McCoy</name>
        <styleUrl>#icon-1502-097138-labelson-nodesc</styleUrl>
        <Point>
          <coordinates>
            -90.6883552,44.012716,0
          </coordinates>
        </Point>
      </Placemark>
    </Folder>
    <Folder>
      <name>US Navy and Marine Corps Installations</name>
      <Placemark>
        <name>Naval Air Weapons Station China Lake</name>
        <styleUrl>#icon-1502-1A237E-nodesc</styleUrl>
        <Point>
          <coordinates>
            -117.6574374,35.6551706,0
          </coordinates>
        </Point>
      </Placemark>
      <Placemark>
        <name>Naval Air Station Lemoore</name>
        <styleUrl>#icon-1502-1A237E-nodesc</styleUrl>
        <Point>
          <coordinates>
            -119.9025452,36.2560369,0
          </coordinates>
        </Point>
      </Placemark>
      <Placemark>
        <name>Naval Air Station North Island</name>
        <styleUrl>#icon-1502-1A237E-nodesc</styleUrl>
        <Point>
          <coordinates>
            -117.1830481,32.6997036,0
          </coordinates>
        </Point>
      </Placemark>
      <Placemark>
        <name>Naval Amphibious Base Coronado</name>
        <styleUrl>#icon-1502-1A237E-nodesc</styleUrl>
        <Point>
          <coordinates>
            -117.1653585,32.6717284,0
          </coordinates>
        </Point>
      </Placemark>
      <Placemark>
        <name>Naval Base San Diego</name>
        <styleUrl>#icon-1502-1A237E-nodesc</styleUrl>
        <Point>
          <coordinates>
            -117.1300151,32.6848432,0
          </coordinates>
        </Point>
      </Placemark>
      <Placemark>
        <name>Naval Base Point Loma</name>
        <styleUrl>#icon-1502-1A237E-nodesc</styleUrl>
        <Point>
          <coordinates>
            -117.2388475,32.6838097,0
          </coordinates>
        </Point>
      </Placemark>
      <Placemark>
        <name>Naval Base Ventura County Point Mugu</name>
        <styleUrl>#icon-1502-1A237E-nodesc</styleUrl>
        <Point>
          <coordinates>
            -119.1055577,34.1127141,0
          </coordinates>
        </Point>
      </Placemark>
      <Placemark>
        <name>Naval Postgraduate School</name>
        <styleUrl>#icon-1502-1A237E-nodesc</styleUrl>
        <Point>
          <coordinates>
            -121.8741343,36.5968995,0
          </coordinates>
        </Point>
      </Placemark>
      <Placemark>
        <name>Naval Submarine Base New London</name>
        <styleUrl>#icon-1502-1A237E-nodesc</styleUrl>
        <Point>
          <coordinates>
            -72.0860034,41.3884398,0
          </coordinates>
        </Point>
      </Placemark>
      <Placemark>
        <name>Naval Air Station Jacksonville</name>
        <styleUrl>#icon-1502-1A237E-nodesc</styleUrl>
        <Point>
          <coordinates>
            -81.6850249,30.220019,0
          </coordinates>
        </Point>
      </Placemark>
      <Placemark>
        <name>Naval Air Station Key West</name>
        <styleUrl>#icon-1502-1A237E-nodesc</styleUrl>
        <Point>
          <coordinates>
            -81.6892381,24.575715,0
          </coordinates>
        </Point>
      </Placemark>
      <Placemark>
        <name>Naval District Washington</name>
        <styleUrl>#icon-1502-1A237E-nodesc</styleUrl>
        <Point>
          <coordinates>
            -76.9937393,38.8717623,0
          </coordinates>
        </Point>
      </Placemark>
      <Placemark>
        <name>Joint Base Anacostia-Bolling</name>
        <styleUrl>#icon-1502-1A237E-nodesc</styleUrl>
        <Point>
          <coordinates>
            -77.0112317,38.8451,0
          </coordinates>
        </Point>
      </Placemark>
      <Placemark>
        <name>NAS Pensacola/Forrest Sherman Field</name>
        <styleUrl>#icon-1502-1A237E-nodesc</styleUrl>
        <Point>
          <coordinates>
            -87.3175644,30.3533265,0
          </coordinates>
        </Point>
      </Placemark>
      <Placemark>
        <name>Naval Air Station Whiting Field</name>
        <styleUrl>#icon-1502-1A237E-nodesc</styleUrl>
        <Point>
          <coordinates>
            -87.019755,30.7103139,0
          </coordinates>
        </Point>
      </Placemark>
      <Placemark>
        <name>Mayport Naval Station</name>
        <styleUrl>#icon-1502-1A237E-nodesc</styleUrl>
        <Point>
          <coordinates>
            -81.407636,30.3884228,0
          </coordinates>
        </Point>
      </Placemark>
      <Placemark>
        <name>Naval Support Activity Panama City 
</name>
        <styleUrl>#icon-1502-1A237E-nodesc</styleUrl>
        <Point>
          <coordinates>
            -85.7393024,30.1626389,0
          </coordinates>
        </Point>
      </Placemark>
      <Placemark>
        <name>Naval Submarine Base Kings Bay</name>
        <styleUrl>#icon-1502-1A237E-nodesc</styleUrl>
        <Point>
          <coordinates>
            -81.5689561,30.7854986,0
          </coordinates>
        </Point>
      </Placemark>
      <Placemark>
        <name>Naval Station Pearl Harbor</name>
        <styleUrl>#icon-1502-1A237E-nodesc</styleUrl>
        <Point>
          <coordinates>
            -157.9437489,21.3473777,0
          </coordinates>
        </Point>
      </Placemark>
      <Placemark>
        <name>Point 20</name>
        <styleUrl>#icon-1502-1A237E-nodesc</styleUrl>
        <Point>
          <coordinates>
            -157.9135727,21.3563717,0
          </coordinates>
        </Point>
      </Placemark>
      <Placemark>
        <name>Naval Station Great Lakes</name>
        <styleUrl>#icon-1502-1A237E-nodesc</styleUrl>
        <Point>
          <coordinates>
            -87.8346527,42.3120632,0
          </coordinates>
        </Point>
      </Placemark>
      <Placemark>
        <name>Naval Support Activity Bethesda</name>
        <styleUrl>#icon-1502-1A237E-nodesc</styleUrl>
        <Point>
          <coordinates>
            -77.0965888,39.0041353,0
          </coordinates>
        </Point>
      </Placemark>
      <Placemark>
        <name>NAS Pax River</name>
        <styleUrl>#icon-1502-1A237E-nodesc</styleUrl>
        <Point>
          <coordinates>
            -76.4369803,38.2709555,0
          </coordinates>
        </Point>
      </Placemark>
      <Placemark>
        <name>United States Naval Academy</name>
        <styleUrl>#icon-1502-1A237E-nodesc</styleUrl>
        <Point>
          <coordinates>
            -76.4839405,38.9820658,0
          </coordinates>
        </Point>
      </Placemark>
      <Placemark>
        <name>Naval Air Station Meridian</name>
        <styleUrl>#icon-1502-1A237E-nodesc</styleUrl>
        <Point>
          <coordinates>
            -88.5545738,32.5558934,0
          </coordinates>
        </Point>
      </Placemark>
      <Placemark>
        <name>Naval Construction Battalion Center</name>
        <styleUrl>#icon-1502-1A237E-nodesc</styleUrl>
        <Point>
          <coordinates>
            -89.1211189,30.3737825,0
          </coordinates>
        </Point>
      </Placemark>
      <Placemark>
        <name>Naval Air Station Fallon</name>
        <styleUrl>#icon-1502-1A237E-nodesc</styleUrl>
        <Point>
          <coordinates>
            -118.7242102,39.4204416,0
          </coordinates>
        </Point>
      </Placemark>
      <Placemark>
        <name>Naval Support Activity Saratoga Springs</name>
        <styleUrl>#icon-1502-1A237E-nodesc</styleUrl>
        <Point>
          <coordinates>
            -73.8199074,43.0781107,0
          </coordinates>
        </Point>
      </Placemark>
      <Placemark>
        <name>Naval Station Newport Rhode Island</name>
        <styleUrl>#icon-1502-1A237E-nodesc</styleUrl>
        <Point>
          <coordinates>
            -71.3196216,41.5168396,0
          </coordinates>
        </Point>
      </Placemark>
      <Placemark>
        <name>Naval Support Activity Mid-South</name>
        <styleUrl>#icon-1502-1A237E-nodesc</styleUrl>
        <Point>
          <coordinates>
            -89.8731193,35.3282362,0
          </coordinates>
        </Point>
      </Placemark>
      <Placemark>
        <name>Naval Air Station Corpus Christi</name>
        <styleUrl>#icon-1502-1A237E-nodesc</styleUrl>
        <Point>
          <coordinates>
            -97.2891138,27.6935475,0
          </coordinates>
        </Point>
      </Placemark>
      <Placemark>
        <name>NAS-JRB Front Gate</name>
        <styleUrl>#icon-1502-1A237E-nodesc</styleUrl>
        <Point>
          <coordinates>
            -97.4211574,32.7648084,0
          </coordinates>
        </Point>
      </Placemark>
      <Placemark>
        <name>Joint Expeditionary Base Little Creek-Fort Story</name>
        <styleUrl>#icon-1502-1A237E-nodesc</styleUrl>
        <Point>
          <coordinates>
            -76.1493891,36.9139589,0
          </coordinates>
        </Point>
      </Placemark>
      <Placemark>
        <name>Naval Air Station Oceana</name>
        <styleUrl>#icon-1502-1A237E-nodesc</styleUrl>
        <Point>
          <coordinates>
            -76.0248036,36.812364,0
          </coordinates>
        </Point>
      </Placemark>
      <Placemark>
        <name>Naval Station Norfolk
</name>
        <styleUrl>#icon-1502-1A237E-nodesc</styleUrl>
        <Point>
          <coordinates>
            -76.3133944,36.9449989,0
          </coordinates>
        </Point>
      </Placemark>
      <Placemark>
        <name>Naval Air Station Whidbey Island</name>
        <styleUrl>#icon-1502-1A237E-nodesc</styleUrl>
        <Point>
          <coordinates>
            -122.6695813,48.3451754,0
          </coordinates>
        </Point>
      </Placemark>
      <Placemark>
        <name>Naval Base Kitsap
</name>
        <styleUrl>#icon-1502-1A237E-nodesc</styleUrl>
        <Point>
          <coordinates>
            -122.7181033,47.72215,0
          </coordinates>
        </Point>
      </Placemark>
      <Placemark>
        <name>Naval Hospital Bremerton</name>
        <styleUrl>#icon-1502-1A237E-nodesc</styleUrl>
        <Point>
          <coordinates>
            -122.691264,47.5947808,0
          </coordinates>
        </Point>
      </Placemark>
      <Placemark>
        <name>Naval Station Everett</name>
        <styleUrl>#icon-1502-1A237E-nodesc</styleUrl>
        <Point>
          <coordinates>
            -122.218525,47.9899533,0
          </coordinates>
        </Point>
      </Placemark>
      <Placemark>
        <name>MCAS Yuma</name>
        <styleUrl>#icon-1502-1A237E-nodesc</styleUrl>
        <Point>
          <coordinates>
            -114.5817677,32.6557787,0
          </coordinates>
        </Point>
      </Placemark>
      <Placemark>
        <name>Marine Corps Air Ground Combat Center - Twentynine Palms
</name>
        <styleUrl>#icon-1502-1A237E-nodesc</styleUrl>
        <Point>
          <coordinates>
            -116.0541278,34.2247517,0
          </coordinates>
        </Point>
      </Placemark>
      <Placemark>
        <name>Marine Corps Air Station Miramar</name>
        <styleUrl>#icon-1502-1A237E-nodesc</styleUrl>
        <Point>
          <coordinates>
            -117.1309663,32.892049,0
          </coordinates>
        </Point>
      </Placemark>
      <Placemark>
        <name>Camp Pendleton North</name>
        <styleUrl>#icon-1502-1A237E-nodesc</styleUrl>
        <Point>
          <coordinates>
            -117.3205123,33.3178416,0
          </coordinates>
        </Point>
      </Placemark>
      <Placemark>
        <name>Marine Corps Recruit Depot San Diego (MCRD)</name>
        <styleUrl>#icon-1502-1A237E-nodesc</styleUrl>
        <Point>
          <coordinates>
            -117.1976798,32.7414878,0
          </coordinates>
        </Point>
      </Placemark>
      <Placemark>
        <name>Marine Corps Base Hawaii</name>
        <styleUrl>#icon-1502-1A237E-nodesc</styleUrl>
        <Point>
          <coordinates>
            -157.752122,21.444618,0
          </coordinates>
        </Point>
      </Placemark>
      <Placemark>
        <name>Marine Corps Air Station Cherry Point</name>
        <styleUrl>#icon-1502-1A237E-nodesc</styleUrl>
        <Point>
          <coordinates>
            -76.8967043,34.9032325,0
          </coordinates>
        </Point>
      </Placemark>
      <Placemark>
        <name>MCAS New River</name>
        <styleUrl>#icon-1502-1A237E-nodesc</styleUrl>
        <Point>
          <coordinates>
            -77.448366,34.7240649,0
          </coordinates>
        </Point>
      </Placemark>
      <Placemark>
        <name>Camp Lejeune</name>
        <styleUrl>#icon-1502-1A237E-nodesc</styleUrl>
        <Point>
          <coordinates>
            -77.3603934,34.583589,0
          </coordinates>
        </Point>
      </Placemark>
      <Placemark>
        <name>Marine Corps Base Quantico</name>
        <styleUrl>#icon-1502-1A237E-nodesc</styleUrl>
        <Point>
          <coordinates>
            -77.3564743,38.5210415,0
          </coordinates>
        </Point>
      </Placemark>
    </Folder>
  </Document>
</kml>
